subject,cam_a,cam_b,kabsch_rms_mm
subject0003,cam01,cam00,1.384
subject0003,cam02,cam00,3.146
subject0003,cam02,cam01,2.091
subject0003,cam08,cam00,4.996
subject0003,cam08,cam01,4.936
subject0003,cam08,cam02,5.871
subject0003,cam09,cam00,4.527
subject0003,cam09,cam01,4.179
subject0003,cam09,cam02,4.809
subject0003,cam09,cam08,1.555
subject0003,cam10,cam00,4.954
subject0003,cam10,cam01,4.547
subject0003,cam10,cam02,4.319
subject0003,cam10,cam08,7.499
subject0003,cam10,cam09,6.605
subject0003,cam16,cam00,4.267
subject0003,cam16,cam01,4.481
subject0003,cam16,cam02,5.575
subject0003,cam16,cam08,4.422
subject0003,cam16,cam09,4.449
subject0003,cam16,cam10,5.560
subject0003,cam17,cam00,6.200
subject0003,cam17,cam01,6.072
subject0003,cam17,cam02,6.723
subject0003,cam17,cam08,1.703
subject0003,cam17,cam09,2.279
subject0003,cam17,cam10,8.507
subject0003,cam17,cam16,5.715
subject0009,cam01,cam00,1.896
subject0009,cam02,cam00,4.139
subject0009,cam02,cam01,2.557
subject0009,cam03,cam00,4.285
subject0009,cam03,cam01,2.689
subject0009,cam03,cam02,1.252
subject0009,cam07,cam00,2.921
subject0009,cam07,cam01,2.507
subject0009,cam07,cam02,4.187
subject0009,cam07,cam03,4.191
subject0009,cam08,cam00,3.917
subject0009,cam08,cam01,5.403
subject0009,cam08,cam02,6.933
subject0009,cam08,cam03,7.226
subject0009,cam08,cam07,5.963
subject0009,cam09,cam00,2.772
subject0009,cam09,cam01,3.600
subject0009,cam09,cam02,4.820
subject0009,cam09,cam03,5.198
subject0009,cam09,cam07,4.571
subject0009,cam09,cam08,2.612
subject0009,cam10,cam00,6.727
subject0009,cam10,cam01,5.642
subject0009,cam10,cam02,4.514
subject0009,cam10,cam03,4.905
subject0009,cam10,cam07,6.189
subject0009,cam10,cam08,8.737
subject0009,cam10,cam09,6.630
subject0009,cam16,cam00,3.200
subject0009,cam16,cam01,3.656
subject0009,cam16,cam02,5.145
subject0009,cam16,cam03,5.434
subject0009,cam16,cam07,2.703
subject0009,cam16,cam08,4.334
subject0009,cam16,cam09,3.376
subject0009,cam16,cam10,6.604
subject0009,cam17,cam00,5.175
subject0009,cam17,cam01,6.605
subject0009,cam17,cam02,7.992
subject0009,cam17,cam03,8.302
subject0009,cam17,cam07,7.203
subject0009,cam17,cam08,1.750
subject0009,cam17,cam09,3.692
subject0009,cam17,cam10,9.576
subject0009,cam17,cam16,5.564
subject0004,cam01,cam00,1.112
subject0004,cam02,cam00,3.877
subject0004,cam02,cam01,3.305
subject0004,cam07,cam00,2.032
subject0004,cam07,cam01,2.855
subject0004,cam07,cam02,5.394
subject0004,cam08,cam00,2.851
subject0004,cam08,cam01,3.007
subject0004,cam08,cam02,5.053
subject0004,cam08,cam07,3.026
subject0004,cam09,cam00,3.622
subject0004,cam09,cam01,3.505
subject0004,cam09,cam02,5.359
subject0004,cam09,cam07,4.103
subject0004,cam09,cam08,1.456
subject0004,cam10,cam00,4.220
subject0004,cam10,cam01,3.716
subject0004,cam10,cam02,2.373
subject0004,cam10,cam07,5.798
subject0004,cam10,cam08,4.491
subject0004,cam10,cam09,4.376
subject0004,cam16,cam00,2.680
subject0004,cam16,cam01,3.234
subject0004,cam16,cam02,5.331
subject0004,cam16,cam07,2.313
subject0004,cam16,cam08,2.592
subject0004,cam16,cam09,3.533
subject0004,cam16,cam10,5.303
subject0004,cam17,cam00,3.753
subject0004,cam17,cam01,3.754
subject0004,cam17,cam02,5.582
subject0004,cam17,cam07,3.954
subject0004,cam17,cam08,1.362
subject0004,cam17,cam09,1.223
subject0004,cam17,cam10,4.674
subject0004,cam17,cam16,3.178
subject0010,cam01,cam00,1.775
subject0010,cam02,cam00,6.930
subject0010,cam02,cam01,6.251
subject0010,cam07,cam00,4.794
subject0010,cam07,cam01,5.677
subject0010,cam07,cam02,6.443
subject0010,cam08,cam00,4.372
subject0010,cam08,cam01,4.529
subject0010,cam08,cam02,8.752
subject0010,cam08,cam07,7.117
subject0010,cam09,cam00,4.035
subject0010,cam09,cam01,3.827
subject0010,cam09,cam02,7.510
subject0010,cam09,cam07,6.626
subject0010,cam09,cam08,1.674
subject0010,cam10,cam00,13.109
subject0010,cam10,cam01,13.088
subject0010,cam10,cam02,8.269
subject0010,cam10,cam07,10.107
subject0010,cam10,cam08,14.100
subject0010,cam10,cam09,13.086
subject0010,cam16,cam00,8.406
subject0010,cam16,cam01,8.629
subject0010,cam16,cam02,6.388
subject0010,cam16,cam07,5.469
subject0010,cam16,cam08,8.579
subject0010,cam16,cam09,7.926
subject0010,cam16,cam10,7.390
subject0010,cam17,cam00,4.862
subject0010,cam17,cam01,4.899
subject0010,cam17,cam02,9.147
subject0010,cam17,cam07,7.825
subject0010,cam17,cam08,1.582
subject0010,cam17,cam09,2.115
subject0010,cam17,cam10,14.594
subject0010,cam17,cam16,9.186
subject0008,cam01,cam00,2.452
subject0008,cam02,cam00,4.698
subject0008,cam02,cam01,4.100
subject0008,cam08,cam00,8.963
subject0008,cam08,cam01,9.559
subject0008,cam08,cam02,12.289
subject0008,cam09,cam00,14.804
subject0008,cam09,cam01,15.307
subject0008,cam09,cam02,17.958
subject0008,cam09,cam08,6.349
subject0008,cam10,cam00,7.277
subject0008,cam10,cam01,7.153
subject0008,cam10,cam02,4.439
subject0008,cam10,cam08,13.657
subject0008,cam10,cam09,19.294
subject0008,cam16,cam00,5.238
subject0008,cam16,cam01,5.533
subject0008,cam16,cam02,6.151
subject0008,cam16,cam08,9.487
subject0008,cam16,cam09,15.410
subject0008,cam16,cam10,6.480
subject0008,cam17,cam00,6.005
subject0008,cam17,cam01,6.451
subject0008,cam17,cam02,9.135
subject0008,cam17,cam08,3.858
subject0008,cam17,cam09,9.699
subject0008,cam17,cam10,10.484
subject0008,cam17,cam16,6.559
subject0006,cam01,cam00,1.407
subject0006,cam02,cam00,3.683
subject0006,cam02,cam01,3.627
subject0006,cam03,cam00,3.993
subject0006,cam03,cam01,3.141
subject0006,cam03,cam02,4.369
subject0006,cam07,cam00,3.263
subject0006,cam07,cam01,4.245
subject0006,cam07,cam02,5.069
subject0006,cam07,cam03,6.088
subject0006,cam08,cam00,3.422
subject0006,cam08,cam01,3.531
subject0006,cam08,cam02,5.772
subject0006,cam08,cam03,5.767
subject0006,cam08,cam07,5.061
subject0006,cam09,cam00,3.466
subject0006,cam09,cam01,3.489
subject0006,cam09,cam02,5.169
subject0006,cam09,cam03,5.792
subject0006,cam09,cam07,5.188
subject0006,cam09,cam08,1.465
subject0006,cam10,cam00,6.030
subject0006,cam10,cam01,6.314
subject0006,cam10,cam02,4.205
subject0006,cam10,cam03,7.954
subject0006,cam10,cam07,6.396
subject0006,cam10,cam08,7.053
subject0006,cam10,cam09,6.184
subject0006,cam16,cam00,5.141
subject0006,cam16,cam01,5.912
subject0006,cam16,cam02,5.855
subject0006,cam16,cam03,7.898
subject0006,cam16,cam07,4.455
subject0006,cam16,cam08,5.341
subject0006,cam16,cam09,5.246
subject0006,cam16,cam10,5.599
subject0006,cam17,cam00,3.989
subject0006,cam17,cam01,3.881
subject0006,cam17,cam02,6.323
subject0006,cam17,cam03,5.670
subject0006,cam17,cam07,5.799
subject0006,cam17,cam08,1.746
subject0006,cam17,cam09,2.258
subject0006,cam17,cam10,7.773
subject0006,cam17,cam16,6.546
subject0000,cam01,cam00,1.851
subject0000,cam02,cam00,3.307
subject0000,cam02,cam01,3.680
subject0000,cam08,cam00,5.869
subject0000,cam08,cam01,5.093
subject0000,cam08,cam02,6.916
subject0000,cam09,cam00,4.890
subject0000,cam09,cam01,4.370
subject0000,cam09,cam02,5.438
subject0000,cam09,cam08,1.990
subject0000,cam10,cam00,6.842
subject0000,cam10,cam01,7.808
subject0000,cam10,cam02,5.680
subject0000,cam10,cam08,8.869
subject0000,cam10,cam09,7.104
subject0000,cam16,cam00,4.566
subject0000,cam16,cam01,5.589
subject0000,cam16,cam02,4.895
subject0000,cam16,cam08,6.202
subject0000,cam16,cam09,4.877
subject0000,cam16,cam10,5.107
subject0000,cam17,cam00,7.280
subject0000,cam17,cam01,6.379
subject0000,cam17,cam02,8.414
subject0000,cam17,cam08,2.069
subject0000,cam17,cam09,3.453
subject0000,cam17,cam10,10.111
subject0000,cam17,cam16,7.678
subject0005,cam01,cam00,1.584
subject0005,cam02,cam00,4.680
subject0005,cam02,cam01,4.170
subject0005,cam03,cam00,4.202
subject0005,cam03,cam01,3.368
subject0005,cam03,cam02,1.961
subject0005,cam07,cam00,2.726
subject0005,cam07,cam01,3.087
subject0005,cam07,cam02,4.520
subject0005,cam07,cam03,4.247
subject0005,cam08,cam00,4.413
subject0005,cam08,cam01,5.084
subject0005,cam08,cam02,7.779
subject0005,cam08,cam03,7.622
subject0005,cam08,cam07,6.068
subject0005,cam09,cam00,3.155
subject0005,cam09,cam01,3.612
subject0005,cam09,cam02,6.139
subject0005,cam09,cam03,6.067
subject0005,cam09,cam07,4.889
subject0005,cam09,cam08,2.356
subject0005,cam10,cam00,7.166
subject0005,cam10,cam01,6.925
subject0005,cam10,cam02,4.113
subject0005,cam10,cam03,5.591
subject0005,cam10,cam07,6.717
subject0005,cam10,cam08,9.292
subject0005,cam10,cam09,7.608
subject0005,cam16,cam00,4.026
subject0005,cam16,cam01,4.466
subject0005,cam16,cam02,5.261
subject0005,cam16,cam03,5.547
subject0005,cam16,cam07,3.715
subject0005,cam16,cam08,5.105
subject0005,cam16,cam09,4.227
subject0005,cam16,cam10,6.321
subject0005,cam17,cam00,6.440
subject0005,cam17,cam01,6.391
subject0005,cam17,cam02,4.578
subject0005,cam17,cam03,5.710
subject0005,cam17,cam07,5.744
subject0005,cam17,cam08,8.430
subject0005,cam17,cam09,6.925
subject0005,cam17,cam10,3.155
subject0005,cam17,cam16,4.278
subject0013,cam01,cam00,2.471
subject0013,cam08,cam00,3.437
subject0013,cam08,cam01,4.331
subject0013,cam09,cam00,3.774
subject0013,cam09,cam01,3.424
subject0013,cam09,cam08,2.187
subject0013,cam10,cam00,9.382
subject0013,cam10,cam01,7.676
subject0013,cam10,cam08,9.548
subject0013,cam10,cam09,8.098
subject0013,cam16,cam00,7.222
subject0013,cam16,cam01,6.085
subject0013,cam16,cam08,7.427
subject0013,cam16,cam09,6.710
subject0013,cam16,cam10,5.512
subject0013,cam17,cam00,3.760
subject0013,cam17,cam01,3.674
subject0013,cam17,cam08,2.553
subject0013,cam17,cam09,2.238
subject0013,cam17,cam10,7.547
subject0013,cam17,cam16,5.624
subject0014,cam01,cam00,1.196
subject0014,cam02,cam00,5.233
subject0014,cam02,cam01,4.602
subject0014,cam03,cam00,5.325
subject0014,cam03,cam01,4.631
subject0014,cam03,cam02,1.201
subject0014,cam07,cam00,3.055
subject0014,cam07,cam01,3.211
subject0014,cam07,cam02,4.177
subject0014,cam07,cam03,4.496
subject0014,cam08,cam00,8.792
subject0014,cam08,cam01,9.384
subject0014,cam08,cam02,13.370
subject0014,cam08,cam03,13.387
subject0014,cam08,cam07,11.257
subject0014,cam09,cam00,9.429
subject0014,cam09,cam01,9.985
subject0014,cam09,cam02,13.864
subject0014,cam09,cam03,13.867
subject0014,cam09,cam07,11.890
subject0014,cam09,cam08,1.524
subject0014,cam10,cam00,6.934
subject0014,cam10,cam01,6.636
subject0014,cam10,cam02,4.198
subject0014,cam10,cam03,4.715
subject0014,cam10,cam07,5.718
subject0014,cam10,cam08,13.813
subject0014,cam10,cam09,14.160
subject0014,cam16,cam00,3.738
subject0014,cam16,cam01,4.095
subject0014,cam16,cam02,6.374
subject0014,cam16,cam03,6.709
subject0014,cam16,cam07,4.107
subject0014,cam16,cam08,8.794
subject0014,cam16,cam09,9.424
subject0014,cam16,cam10,6.862
subject0014,cam17,cam00,7.553
subject0014,cam17,cam01,8.209
subject0014,cam17,cam02,11.906
subject0014,cam17,cam03,11.916
subject0014,cam17,cam07,9.936
subject0014,cam17,cam08,3.388
subject0014,cam17,cam09,3.380
subject0014,cam17,cam10,12.317
subject0014,cam17,cam16,7.622
subject0016,cam01,cam00,3.252
subject0016,cam08,cam00,6.515
subject0016,cam08,cam01,4.940
subject0016,cam09,cam00,7.089
subject0016,cam09,cam01,4.926
subject0016,cam09,cam08,1.604
subject0016,cam10,cam00,11.896
subject0016,cam10,cam01,9.215
subject0016,cam10,cam08,7.108
subject0016,cam10,cam09,6.019
subject0016,cam16,cam00,10.920
subject0016,cam16,cam01,8.633
subject0016,cam16,cam08,5.904
subject0016,cam16,cam09,5.589
subject0016,cam16,cam10,5.232
subject0016,cam17,cam00,6.713
subject0016,cam17,cam01,5.144
subject0016,cam17,cam08,1.373
subject0016,cam17,cam09,1.765
subject0016,cam17,cam10,7.225
subject0016,cam17,cam16,6.302
subject0015,cam01,cam00,2.070
subject0015,cam02,cam00,4.170
subject0015,cam02,cam01,2.476
subject0015,cam08,cam00,6.273
subject0015,cam08,cam01,7.593
subject0015,cam08,cam02,9.219
subject0015,cam09,cam00,4.218
subject0015,cam09,cam01,4.735
subject0015,cam09,cam02,6.081
subject0015,cam09,cam08,3.692
subject0015,cam10,cam00,6.767
subject0015,cam10,cam01,5.283
subject0015,cam10,cam02,4.425
subject0015,cam10,cam08,10.230
subject0015,cam10,cam09,6.800
subject0015,cam16,cam00,4.234
subject0015,cam16,cam01,3.885
subject0015,cam16,cam02,5.003
subject0015,cam16,cam08,7.815
subject0015,cam16,cam09,5.323
subject0015,cam16,cam10,6.082
subject0015,cam17,cam00,4.164
subject0015,cam17,cam01,5.037
subject0015,cam17,cam02,6.605
subject0015,cam17,cam08,3.401
subject0015,cam17,cam09,1.941
subject0015,cam17,cam10,7.394
subject0015,cam17,cam16,5.322
subject0007,cam01,cam00,1.685
subject0007,cam02,cam00,5.147
subject0007,cam02,cam01,3.818
subject0007,cam03,cam00,5.084
subject0007,cam03,cam01,3.878
subject0007,cam03,cam02,1.991
subject0007,cam04,cam00,4.540
subject0007,cam04,cam01,3.726
subject0007,cam04,cam02,3.839
subject0007,cam04,cam03,2.655
subject0007,cam07,cam00,3.078
subject0007,cam07,cam01,3.089
subject0007,cam07,cam02,4.643
subject0007,cam07,cam03,4.539
subject0007,cam07,cam04,3.563
subject0007,cam08,cam00,4.149
subject0007,cam08,cam01,5.376
subject0007,cam08,cam02,8.677
subject0007,cam08,cam03,8.770
subject0007,cam08,cam04,8.360
subject0007,cam08,cam07,6.701
subject0007,cam09,cam00,3.085
subject0007,cam09,cam01,3.969
subject0007,cam09,cam02,7.099
subject0007,cam09,cam03,7.266
subject0007,cam09,cam04,7.134
subject0007,cam09,cam07,5.629
subject0007,cam09,cam08,1.996
subject0007,cam10,cam00,6.698
subject0007,cam10,cam01,5.686
subject0007,cam10,cam02,4.006
subject0007,cam10,cam03,5.033
subject0007,cam10,cam04,6.146
subject0007,cam10,cam07,5.860
subject0007,cam10,cam08,9.672
subject0007,cam10,cam09,7.890
subject0007,cam16,cam00,3.835
subject0007,cam16,cam01,3.800
subject0007,cam16,cam02,5.252
subject0007,cam16,cam03,5.831
subject0007,cam16,cam04,5.718
subject0007,cam16,cam07,3.339
subject0007,cam16,cam08,5.986
subject0007,cam16,cam09,4.873
subject0007,cam16,cam10,5.682
subject0007,cam17,cam00,4.293
subject0007,cam17,cam01,5.471
subject0007,cam17,cam02,8.718
subject0007,cam17,cam03,8.641
subject0007,cam17,cam04,8.142
subject0007,cam17,cam07,6.832
subject0007,cam17,cam08,1.367
subject0007,cam17,cam09,2.221
subject0007,cam17,cam10,9.762
subject0007,cam17,cam16,6.338
subject0018,cam01,cam00,1.238
subject0018,cam02,cam00,3.767
subject0018,cam02,cam01,2.904
subject0018,cam03,cam00,4.149
subject0018,cam03,cam01,3.528
subject0018,cam03,cam02,2.281
subject0018,cam07,cam00,2.208
subject0018,cam07,cam01,2.848
subject0018,cam07,cam02,4.492
subject0018,cam07,cam03,4.262
subject0018,cam08,cam00,3.538
subject0018,cam08,cam01,4.015
subject0018,cam08,cam02,5.701
subject0018,cam08,cam03,6.689
subject0018,cam08,cam07,4.520
subject0018,cam09,cam00,3.429
subject0018,cam09,cam01,3.382
subject0018,cam09,cam02,4.438
subject0018,cam09,cam03,5.714
subject0018,cam09,cam07,4.457
subject0018,cam09,cam08,2.039
subject0018,cam10,cam00,6.293
subject0018,cam10,cam01,5.757
subject0018,cam10,cam02,3.882
subject0018,cam10,cam03,4.674
subject0018,cam10,cam07,6.349
subject0018,cam10,cam08,7.254
subject0018,cam10,cam09,5.614
subject0018,cam16,cam00,4.551
subject0018,cam16,cam01,4.667
subject0018,cam16,cam02,5.215
subject0018,cam16,cam03,5.646
subject0018,cam16,cam07,3.753
subject0018,cam16,cam08,4.505
subject0018,cam16,cam09,3.968
subject0018,cam16,cam10,5.725
subject0018,cam17,cam00,4.054
subject0018,cam17,cam01,3.889
subject0018,cam17,cam02,4.363
subject0018,cam17,cam03,5.243
subject0018,cam17,cam07,4.224
subject0018,cam17,cam08,3.907
subject0018,cam17,cam09,2.566
subject0018,cam17,cam10,4.751
subject0018,cam17,cam16,2.973
subject0021,cam09,cam08,1.988
subject0021,cam10,cam08,6.877
subject0021,cam10,cam09,5.465
subject0021,cam16,cam08,5.578
subject0021,cam16,cam09,4.898
subject0021,cam16,cam10,4.665
subject0021,cam17,cam08,2.313
subject0021,cam17,cam09,3.200
subject0021,cam17,cam10,7.608
subject0021,cam17,cam16,6.765
subject0019,cam01,cam00,1.136
subject0019,cam02,cam00,3.685
subject0019,cam02,cam01,3.467
subject0019,cam03,cam00,3.616
subject0019,cam03,cam01,3.531
subject0019,cam03,cam02,2.296
subject0019,cam04,cam00,3.529
subject0019,cam04,cam01,3.869
subject0019,cam04,cam02,4.770
subject0019,cam04,cam03,3.370
subject0019,cam07,cam00,3.305
subject0019,cam07,cam01,3.907
subject0019,cam07,cam02,3.877
subject0019,cam07,cam03,4.121
subject0019,cam07,cam04,4.944
subject0019,cam08,cam00,5.230
subject0019,cam08,cam01,5.118
subject0019,cam08,cam02,7.992
subject0019,cam08,cam03,8.091
subject0019,cam08,cam04,7.748
subject0019,cam08,cam07,7.383
subject0019,cam09,cam00,3.678
subject0019,cam09,cam01,3.537
subject0019,cam09,cam02,5.553
subject0019,cam09,cam03,6.159
subject0019,cam09,cam04,6.441
subject0019,cam09,cam07,5.297
subject0019,cam09,cam08,3.207
subject0019,cam10,cam00,6.657
subject0019,cam10,cam01,6.682
subject0019,cam10,cam02,4.671
subject0019,cam10,cam03,6.391
subject0019,cam10,cam04,8.165
subject0019,cam10,cam07,5.668
subject0019,cam10,cam08,9.701
subject0019,cam10,cam09,6.789
subject0019,cam16,cam00,4.398
subject0019,cam16,cam01,4.820
subject0019,cam16,cam02,4.767
subject0019,cam16,cam03,4.700
subject0019,cam16,cam04,5.890
subject0019,cam16,cam07,2.747
subject0019,cam16,cam08,7.567
subject0019,cam16,cam09,5.717
subject0019,cam16,cam10,6.359
subject0019,cam17,cam00,3.905
subject0019,cam17,cam01,3.922
subject0019,cam17,cam02,5.536
subject0019,cam17,cam03,5.929
subject0019,cam17,cam04,5.706
subject0019,cam17,cam07,5.224
subject0019,cam17,cam08,4.439
subject0019,cam17,cam09,2.359
subject0019,cam17,cam10,7.029
subject0019,cam17,cam16,5.864
subject0026,cam01,cam00,1.005
subject0026,cam02,cam00,2.723
subject0026,cam02,cam01,2.321
subject0026,cam03,cam00,2.280
subject0026,cam03,cam01,1.651
subject0026,cam03,cam02,2.253
subject0026,cam07,cam00,2.370
subject0026,cam07,cam01,2.848
subject0026,cam07,cam02,3.899
subject0026,cam07,cam03,3.903
subject0026,cam08,cam00,5.523
subject0026,cam08,cam01,5.605
subject0026,cam08,cam02,6.869
subject0026,cam08,cam03,6.473
subject0026,cam08,cam07,5.788
subject0026,cam09,cam00,5.818
subject0026,cam09,cam01,5.802
subject0026,cam09,cam02,6.855
subject0026,cam09,cam03,6.656
subject0026,cam09,cam07,6.240
subject0026,cam09,cam08,1.592
subject0026,cam10,cam00,4.605
subject0026,cam10,cam01,4.501
subject0026,cam10,cam02,3.543
subject0026,cam10,cam03,4.975
subject0026,cam10,cam07,5.574
subject0026,cam10,cam08,7.302
subject0026,cam10,cam09,7.160
subject0026,cam16,cam00,4.273
subject0026,cam16,cam01,4.572
subject0026,cam16,cam02,5.193
subject0026,cam16,cam03,5.423
subject0026,cam16,cam07,3.812
subject0026,cam16,cam08,4.522
subject0026,cam16,cam09,5.194
subject0026,cam16,cam10,5.495
subject0026,cam17,cam00,9.028
subject0026,cam17,cam01,8.951
subject0026,cam17,cam02,9.753
subject0026,cam17,cam03,9.735
subject0026,cam17,cam07,8.970
subject0026,cam17,cam08,4.930
subject0026,cam17,cam09,4.631
subject0026,cam17,cam10,9.700
subject0026,cam17,cam16,7.670
subject0024,cam01,cam00,1.777
subject0024,cam02,cam00,3.333
subject0024,cam02,cam01,2.939
subject0024,cam03,cam00,3.481
subject0024,cam03,cam01,2.641
subject0024,cam03,cam02,2.437
subject0024,cam04,cam00,3.726
subject0024,cam04,cam01,3.789
subject0024,cam04,cam02,4.779
subject0024,cam04,cam03,3.564
subject0024,cam06,cam00,2.784
subject0024,cam06,cam01,3.727
subject0024,cam06,cam02,5.065
subject0024,cam06,cam03,4.881
subject0024,cam06,cam04,4.120
subject0024,cam07,cam00,2.946
subject0024,cam07,cam01,3.978
subject0024,cam07,cam02,4.867
subject0024,cam07,cam03,5.304
subject0024,cam07,cam04,5.156
subject0024,cam07,cam06,2.029
subject0024,cam08,cam00,4.906
subject0024,cam08,cam01,4.342
subject0024,cam08,cam02,6.119
subject0024,cam08,cam03,6.219
subject0024,cam08,cam04,7.531
subject0024,cam08,cam06,6.211
subject0024,cam08,cam07,6.021
subject0024,cam09,cam00,4.844
subject0024,cam09,cam01,4.168
subject0024,cam09,cam02,5.543
subject0024,cam09,cam03,5.868
subject0024,cam09,cam04,7.416
subject0024,cam09,cam06,6.450
subject0024,cam09,cam07,6.296
subject0024,cam09,cam08,1.403
subject0024,cam10,cam00,6.184
subject0024,cam10,cam01,6.512
subject0024,cam10,cam02,5.030
subject0024,cam10,cam03,7.068
subject0024,cam10,cam04,7.881
subject0024,cam10,cam06,7.262
subject0024,cam10,cam07,6.362
subject0024,cam10,cam08,8.535
subject0024,cam10,cam09,7.904
subject0024,cam16,cam00,5.641
subject0024,cam16,cam01,6.433
subject0024,cam16,cam02,6.315
subject0024,cam16,cam03,7.484
subject0024,cam16,cam04,7.569
subject0024,cam16,cam06,5.705
subject0024,cam16,cam07,4.001
subject0024,cam16,cam08,7.626
subject0024,cam16,cam09,7.814
subject0024,cam16,cam10,5.925
subject0024,cam17,cam00,5.167
subject0024,cam17,cam01,5.720
subject0024,cam17,cam02,5.036
subject0024,cam17,cam03,6.779
subject0024,cam17,cam04,7.312
subject0024,cam17,cam06,6.132
subject0024,cam17,cam07,4.716
subject0024,cam17,cam08,7.295
subject0024,cam17,cam09,7.043
subject0024,cam17,cam10,3.146
subject0024,cam17,cam16,3.193
subject0030,cam01,cam00,1.111
subject0030,cam02,cam00,3.472
subject0030,cam02,cam01,3.646
subject0030,cam03,cam00,3.121
subject0030,cam03,cam01,3.294
subject0030,cam03,cam02,1.646
subject0030,cam07,cam00,4.219
subject0030,cam07,cam01,4.794
subject0030,cam07,cam02,5.392
subject0030,cam07,cam03,5.189
subject0030,cam08,cam00,4.427
subject0030,cam08,cam01,4.483
subject0030,cam08,cam02,6.431
subject0030,cam08,cam03,6.748
subject0030,cam08,cam07,6.509
subject0030,cam09,cam00,6.816
subject0030,cam09,cam01,6.566
subject0030,cam09,cam02,8.726
subject0030,cam09,cam03,9.022
subject0030,cam09,cam07,9.401
subject0030,cam09,cam08,3.233
subject0030,cam10,cam00,4.813
subject0030,cam10,cam01,5.118
subject0030,cam10,cam02,3.021
subject0030,cam10,cam03,4.115
subject0030,cam10,cam07,6.194
subject0030,cam10,cam08,6.471
subject0030,cam10,cam09,8.806
subject0030,cam16,cam00,4.522
subject0030,cam16,cam01,5.026
subject0030,cam16,cam02,5.631
subject0030,cam16,cam03,5.845
subject0030,cam16,cam07,2.359
subject0030,cam16,cam08,5.414
subject0030,cam16,cam09,8.426
subject0030,cam16,cam10,5.830
subject0030,cam17,cam00,6.450
subject0030,cam17,cam01,6.250
subject0030,cam17,cam02,8.451
subject0030,cam17,cam03,8.698
subject0030,cam17,cam07,8.854
subject0030,cam17,cam08,2.919
subject0030,cam17,cam09,1.374
subject0030,cam17,cam10,8.587
subject0030,cam17,cam16,7.870
subject0029,cam01,cam00,1.529
subject0029,cam02,cam00,4.827
subject0029,cam02,cam01,3.889
subject0029,cam03,cam00,4.662
subject0029,cam03,cam01,3.724
subject0029,cam03,cam02,1.528
subject0029,cam04,cam00,4.702
subject0029,cam04,cam01,4.319
subject0029,cam04,cam02,3.666
subject0029,cam04,cam03,2.881
subject0029,cam05,cam00,4.136
subject0029,cam05,cam01,4.055
subject0029,cam05,cam02,4.097
subject0029,cam05,cam03,3.482
subject0029,cam05,cam04,1.540
subject0029,cam06,cam00,3.286
subject0029,cam06,cam01,3.823
subject0029,cam06,cam02,4.969
subject0029,cam06,cam03,4.546
subject0029,cam06,cam04,3.616
subject0029,cam06,cam05,2.672
subject0029,cam07,cam00,2.932
subject0029,cam07,cam01,3.293
subject0029,cam07,cam02,4.923
subject0029,cam07,cam03,4.491
subject0029,cam07,cam04,3.955
subject0029,cam07,cam05,3.507
subject0029,cam07,cam06,1.871
subject0029,cam08,cam00,3.624
subject0029,cam08,cam01,4.303
subject0029,cam08,cam02,7.560
subject0029,cam08,cam03,7.644
subject0029,cam08,cam04,7.891
subject0029,cam08,cam05,7.304
subject0029,cam08,cam06,6.138
subject0029,cam08,cam07,5.546
subject0029,cam09,cam00,3.894
subject0029,cam09,cam01,4.441
subject0029,cam09,cam02,7.742
subject0029,cam09,cam03,7.788
subject0029,cam09,cam04,8.117
subject0029,cam09,cam05,7.555
subject0029,cam09,cam06,6.508
subject0029,cam09,cam07,5.954
subject0029,cam09,cam08,1.112
subject0029,cam10,cam00,7.218
subject0029,cam10,cam01,6.423
subject0029,cam10,cam02,5.131
subject0029,cam10,cam03,5.445
subject0029,cam10,cam04,6.809
subject0029,cam10,cam05,7.124
subject0029,cam10,cam06,7.283
subject0029,cam10,cam07,6.588
subject0029,cam10,cam08,8.682
subject0029,cam10,cam09,8.765
subject0029,cam16,cam00,4.805
subject0029,cam16,cam01,4.501
subject0029,cam16,cam02,5.494
subject0029,cam16,cam03,5.603
subject0029,cam16,cam04,6.021
subject0029,cam16,cam05,5.987
subject0029,cam16,cam06,5.248
subject0029,cam16,cam07,4.062
subject0029,cam16,cam08,5.692
subject0029,cam16,cam09,6.282
subject0029,cam16,cam10,5.505
subject0029,cam17,cam00,4.429
subject0029,cam17,cam01,5.005
subject0029,cam17,cam02,8.123
subject0029,cam17,cam03,8.150
subject0029,cam17,cam04,8.308
subject0029,cam17,cam05,7.661
subject0029,cam17,cam06,6.783
subject0029,cam17,cam07,6.425
subject0029,cam17,cam08,1.797
subject0029,cam17,cam09,1.678
subject0029,cam17,cam10,9.374
subject0029,cam17,cam16,6.714
subject0031,cam01,cam00,1.766
subject0031,cam02,cam00,4.425
subject0031,cam02,cam01,3.650
subject0031,cam08,cam00,3.856
subject0031,cam08,cam01,3.541
subject0031,cam08,cam02,5.166
subject0031,cam09,cam00,4.225
subject0031,cam09,cam01,3.649
subject0031,cam09,cam02,4.690
subject0031,cam09,cam08,1.196
subject0031,cam10,cam00,7.555
subject0031,cam10,cam01,8.035
subject0031,cam10,cam02,6.629
subject0031,cam10,cam08,7.198
subject0031,cam10,cam09,6.880
subject0031,cam16,cam00,6.211
subject0031,cam16,cam01,6.753
subject0031,cam16,cam02,6.625
subject0031,cam16,cam08,5.367
subject0031,cam16,cam09,5.667
subject0031,cam16,cam10,5.344
subject0031,cam17,cam00,4.658
subject0031,cam17,cam01,4.048
subject0031,cam17,cam02,5.675
subject0031,cam17,cam08,1.536
subject0031,cam17,cam09,1.685
subject0031,cam17,cam10,8.099
subject0031,cam17,cam16,6.411
subject0035,cam01,cam00,0.887
subject0035,cam02,cam00,2.470
subject0035,cam02,cam01,2.031
subject0035,cam08,cam00,3.463
subject0035,cam08,cam01,3.647
subject0035,cam08,cam02,4.217
subject0035,cam09,cam00,3.591
subject0035,cam09,cam01,3.680
subject0035,cam09,cam02,4.011
subject0035,cam09,cam08,1.086
subject0035,cam10,cam00,4.647
subject0035,cam10,cam01,4.493
subject0035,cam10,cam02,3.689
subject0035,cam10,cam08,3.939
subject0035,cam10,cam09,3.582
subject0035,cam16,cam00,4.331
subject0035,cam16,cam01,4.635
subject0035,cam16,cam02,5.336
subject0035,cam16,cam08,3.367
subject0035,cam16,cam09,4.002
subject0035,cam16,cam10,5.133
subject0035,cam17,cam00,5.686
subject0035,cam17,cam01,5.753
subject0035,cam17,cam02,6.094
subject0035,cam17,cam08,3.052
subject0035,cam17,cam09,3.138
subject0035,cam17,cam10,5.258
subject0035,cam17,cam16,5.489
subject0028,cam01,cam00,2.193
subject0028,cam02,cam00,5.385
subject0028,cam02,cam01,3.818
subject0028,cam07,cam00,4.785
subject0028,cam07,cam01,4.169
subject0028,cam07,cam02,4.926
subject0028,cam08,cam00,3.753
subject0028,cam08,cam01,3.825
subject0028,cam08,cam02,5.051
subject0028,cam08,cam07,4.241
subject0028,cam09,cam00,5.102
subject0028,cam09,cam01,4.357
subject0028,cam09,cam02,4.073
subject0028,cam09,cam07,4.137
subject0028,cam09,cam08,2.452
subject0028,cam10,cam00,8.063
subject0028,cam10,cam01,6.902
subject0028,cam10,cam02,4.850
subject0028,cam10,cam07,6.501
subject0028,cam10,cam08,6.447
subject0028,cam10,cam09,4.612
subject0028,cam16,cam00,7.129
subject0028,cam16,cam01,6.075
subject0028,cam16,cam02,5.708
subject0028,cam16,cam07,4.370
subject0028,cam16,cam08,4.774
subject0028,cam16,cam09,4.001
subject0028,cam16,cam10,6.176
subject0028,cam17,cam00,3.570
subject0028,cam17,cam01,4.770
subject0028,cam17,cam02,6.672
subject0028,cam17,cam07,6.277
subject0028,cam17,cam08,3.095
subject0028,cam17,cam09,5.065
subject0028,cam17,cam10,8.685
subject0028,cam17,cam16,7.431
subject0027,cam01,cam00,1.057
subject0027,cam02,cam00,3.278
subject0027,cam02,cam01,2.907
subject0027,cam07,cam00,2.346
subject0027,cam07,cam01,3.109
subject0027,cam07,cam02,4.572
subject0027,cam08,cam00,5.556
subject0027,cam08,cam01,5.599
subject0027,cam08,cam02,7.821
subject0027,cam08,cam07,6.555
subject0027,cam09,cam00,4.123
subject0027,cam09,cam01,4.006
subject0027,cam09,cam02,5.879
subject0027,cam09,cam07,5.456
subject0027,cam09,cam08,2.632
subject0027,cam10,cam00,7.285
subject0027,cam10,cam01,7.309
subject0027,cam10,cam02,6.049
subject0027,cam10,cam07,7.143
subject0027,cam10,cam08,10.882
subject0027,cam10,cam09,8.779
subject0027,cam16,cam00,4.980
subject0027,cam16,cam01,5.319
subject0027,cam16,cam02,5.754
subject0027,cam16,cam07,3.924
subject0027,cam16,cam08,8.084
subject0027,cam16,cam09,6.466
subject0027,cam16,cam10,5.915
subject0027,cam17,cam00,7.233
subject0027,cam17,cam01,7.236
subject0027,cam17,cam02,8.751
subject0027,cam17,cam07,7.780
subject0027,cam17,cam08,4.510
subject0027,cam17,cam09,4.555
subject0027,cam17,cam10,10.490
subject0027,cam17,cam16,8.255
subject0032,cam01,cam00,1.240
subject0032,cam02,cam00,3.310
subject0032,cam02,cam01,2.524
subject0032,cam08,cam00,5.021
subject0032,cam08,cam01,5.455
subject0032,cam08,cam02,6.282
subject0032,cam09,cam00,5.074
subject0032,cam09,cam01,5.327
subject0032,cam09,cam02,6.032
subject0032,cam09,cam08,1.182
subject0032,cam10,cam00,4.734
subject0032,cam10,cam01,4.512
subject0032,cam10,cam02,4.100
subject0032,cam10,cam08,6.231
subject0032,cam10,cam09,6.085
subject0032,cam16,cam00,4.937
subject0032,cam16,cam01,5.095
subject0032,cam16,cam02,5.450
subject0032,cam16,cam08,6.540
subject0032,cam16,cam09,6.936
subject0032,cam16,cam10,4.300
subject0032,cam17,cam00,6.496
subject0032,cam17,cam01,6.969
subject0032,cam17,cam02,7.540
subject0032,cam17,cam08,2.222
subject0032,cam17,cam09,2.784
subject0032,cam17,cam10,7.216
subject0032,cam17,cam16,7.514
subject0036,cam01,cam00,1.189
subject0036,cam02,cam00,3.520
subject0036,cam02,cam01,2.606
subject0036,cam08,cam00,3.197
subject0036,cam08,cam01,3.527
subject0036,cam08,cam02,5.103
subject0036,cam09,cam00,3.279
subject0036,cam09,cam01,3.251
subject0036,cam09,cam02,4.385
subject0036,cam09,cam08,1.356
subject0036,cam10,cam00,5.896
subject0036,cam10,cam01,5.355
subject0036,cam10,cam02,4.297
subject0036,cam10,cam08,6.033
subject0036,cam10,cam09,5.098
subject0036,cam16,cam00,3.813
subject0036,cam16,cam01,3.961
subject0036,cam16,cam02,5.194
subject0036,cam16,cam08,2.793
subject0036,cam16,cam09,3.026
subject0036,cam16,cam10,5.741
subject0036,cam17,cam00,7.645
subject0036,cam17,cam01,8.116
subject0036,cam17,cam02,9.615
subject0036,cam17,cam08,5.597
subject0036,cam17,cam09,6.276
subject0036,cam17,cam10,10.911
subject0036,cam17,cam16,7.943
subject0033,cam01,cam00,1.233
subject0033,cam02,cam00,4.056
subject0033,cam02,cam01,3.246
subject0033,cam07,cam00,3.669
subject0033,cam07,cam01,4.494
subject0033,cam07,cam02,6.994
subject0033,cam08,cam00,3.752
subject0033,cam08,cam01,4.063
subject0033,cam08,cam02,5.447
subject0033,cam08,cam07,5.069
subject0033,cam09,cam00,5.134
subject0033,cam09,cam01,5.281
subject0033,cam09,cam02,5.426
subject0033,cam09,cam07,7.292
subject0033,cam09,cam08,3.326
subject0033,cam10,cam00,8.499
subject0033,cam10,cam01,8.560
subject0033,cam10,cam02,7.813
subject0033,cam10,cam07,10.599
subject0033,cam10,cam08,7.618
subject0033,cam10,cam09,5.545
subject0033,cam16,cam00,5.771
subject0033,cam16,cam01,6.092
subject0033,cam16,cam02,6.889
subject0033,cam16,cam07,7.009
subject0033,cam16,cam08,3.565
subject0033,cam16,cam09,3.476
subject0033,cam16,cam10,7.261
subject0033,cam17,cam00,4.437
subject0033,cam17,cam01,4.604
subject0033,cam17,cam02,6.014
subject0033,cam17,cam07,4.989
subject0033,cam17,cam08,2.350
subject0033,cam17,cam09,5.265
subject0033,cam17,cam10,8.857
subject0033,cam17,cam16,5.469
subject0038,cam01,cam00,1.326
subject0038,cam02,cam00,3.213
subject0038,cam02,cam01,2.613
subject0038,cam03,cam00,3.593
subject0038,cam03,cam01,2.820
subject0038,cam03,cam02,2.351
subject0038,cam04,cam00,6.375
subject0038,cam04,cam01,6.199
subject0038,cam04,cam02,6.102
subject0038,cam04,cam03,5.129
subject0038,cam06,cam00,3.516
subject0038,cam06,cam01,3.745
subject0038,cam06,cam02,4.840
subject0038,cam06,cam03,4.249
subject0038,cam06,cam04,4.475
subject0038,cam07,cam00,4.717
subject0038,cam07,cam01,5.121
subject0038,cam07,cam02,5.790
subject0038,cam07,cam03,5.640
subject0038,cam07,cam04,4.874
subject0038,cam07,cam06,2.602
subject0038,cam08,cam00,3.668
subject0038,cam08,cam01,4.223
subject0038,cam08,cam02,4.914
subject0038,cam08,cam03,6.063
subject0038,cam08,cam04,8.447
subject0038,cam08,cam06,5.670
subject0038,cam08,cam07,5.896
subject0038,cam09,cam00,4.982
subject0038,cam09,cam01,5.015
subject0038,cam09,cam02,4.872
subject0038,cam09,cam03,5.615
subject0038,cam09,cam04,5.676
subject0038,cam09,cam06,5.134
subject0038,cam09,cam07,4.406
subject0038,cam09,cam08,5.279
subject0038,cam10,cam00,6.435
subject0038,cam10,cam01,6.301
subject0038,cam10,cam02,5.503
subject0038,cam10,cam03,6.498
subject0038,cam10,cam04,6.742
subject0038,cam10,cam06,6.829
subject0038,cam10,cam07,6.745
subject0038,cam10,cam08,6.331
subject0038,cam10,cam09,3.926
subject0038,cam16,cam00,6.036
subject0038,cam16,cam01,6.493
subject0038,cam16,cam02,7.094
subject0038,cam16,cam03,7.070
subject0038,cam16,cam04,6.427
subject0038,cam16,cam06,4.523
subject0038,cam16,cam07,2.954
subject0038,cam16,cam08,6.053
subject0038,cam16,cam09,5.352
subject0038,cam16,cam10,7.656
subject0038,cam17,cam00,4.458
subject0038,cam17,cam01,4.700
subject0038,cam17,cam02,4.748
subject0038,cam17,cam03,5.732
subject0038,cam17,cam04,6.929
subject0038,cam17,cam06,5.269
subject0038,cam17,cam07,4.843
subject0038,cam17,cam08,3.109
subject0038,cam17,cam09,3.318
subject0038,cam17,cam10,4.501
subject0038,cam17,cam16,5.364
subject0039,cam01,cam00,1.640
subject0039,cam02,cam00,4.125
subject0039,cam02,cam01,3.838
subject0039,cam07,cam00,2.685
subject0039,cam07,cam01,3.813
subject0039,cam07,cam02,5.451
subject0039,cam08,cam00,4.112
subject0039,cam08,cam01,3.534
subject0039,cam08,cam02,6.049
subject0039,cam08,cam07,5.057
subject0039,cam09,cam00,3.703
subject0039,cam09,cam01,3.182
subject0039,cam09,cam02,4.806
subject0039,cam09,cam07,4.751
subject0039,cam09,cam08,2.016
subject0039,cam10,cam00,6.837
subject0039,cam10,cam01,7.178
subject0039,cam10,cam02,5.145
subject0039,cam10,cam07,7.089
subject0039,cam10,cam08,8.024
subject0039,cam10,cam09,6.346
subject0039,cam16,cam00,5.685
subject0039,cam16,cam01,6.068
subject0039,cam16,cam02,6.214
subject0039,cam16,cam07,5.205
subject0039,cam16,cam08,5.864
subject0039,cam16,cam09,5.082
subject0039,cam16,cam10,5.920
subject0039,cam17,cam00,4.808
subject0039,cam17,cam01,4.157
subject0039,cam17,cam02,6.653
subject0039,cam17,cam07,5.737
subject0039,cam17,cam08,1.457
subject0039,cam17,cam09,2.497
subject0039,cam17,cam10,8.535
subject0039,cam17,cam16,6.538
subject0046,cam01,cam00,2.055
subject0046,cam02,cam00,4.001
subject0046,cam02,cam01,2.521
subject0046,cam07,cam00,3.446
subject0046,cam07,cam01,3.596
subject0046,cam07,cam02,4.578
subject0046,cam08,cam00,3.391
subject0046,cam08,cam01,3.183
subject0046,cam08,cam02,4.031
subject0046,cam08,cam07,3.437
subject0046,cam09,cam00,2.594
subject0046,cam09,cam01,2.399
subject0046,cam09,cam02,3.411
subject0046,cam09,cam07,3.161
subject0046,cam09,cam08,1.821
subject0046,cam10,cam00,5.375
subject0046,cam10,cam01,4.482
subject0046,cam10,cam02,3.779
subject0046,cam10,cam07,4.493
subject0046,cam10,cam08,3.608
subject0046,cam10,cam09,3.342
subject0046,cam16,cam00,5.499
subject0046,cam16,cam01,5.021
subject0046,cam16,cam02,5.294
subject0046,cam16,cam07,3.462
subject0046,cam16,cam08,3.042
subject0046,cam16,cam09,3.995
subject0046,cam16,cam10,4.046
subject0046,cam17,cam00,3.516
subject0046,cam17,cam01,3.580
subject0046,cam17,cam02,4.526
subject0046,cam17,cam07,4.377
subject0046,cam17,cam08,1.727
subject0046,cam17,cam09,2.414
subject0046,cam17,cam10,4.431
subject0046,cam17,cam16,4.222
subject0041,cam01,cam00,3.537
subject0041,cam02,cam00,8.207
subject0041,cam02,cam01,5.164
subject0041,cam07,cam00,5.978
subject0041,cam07,cam01,3.555
subject0041,cam07,cam02,4.682
subject0041,cam08,cam00,3.283
subject0041,cam08,cam01,4.510
subject0041,cam08,cam02,8.624
subject0041,cam08,cam07,6.125
subject0041,cam09,cam00,4.128
subject0041,cam09,cam01,4.242
subject0041,cam09,cam02,7.731
subject0041,cam09,cam07,5.691
subject0041,cam09,cam08,1.701
subject0041,cam10,cam00,11.036
subject0041,cam10,cam01,8.299
subject0041,cam10,cam02,4.815
subject0041,cam10,cam07,7.007
subject0041,cam10,cam08,10.385
subject0041,cam10,cam09,9.114
subject0041,cam16,cam00,7.857
subject0041,cam16,cam01,5.648
subject0041,cam16,cam02,5.805
subject0041,cam16,cam07,3.667
subject0041,cam16,cam08,6.639
subject0041,cam16,cam09,5.893
subject0041,cam16,cam10,6.337
subject0041,cam17,cam00,4.906
subject0041,cam17,cam01,5.883
subject0041,cam17,cam02,9.635
subject0041,cam17,cam07,7.404
subject0041,cam17,cam08,2.353
subject0041,cam17,cam09,2.739
subject0041,cam17,cam10,11.048
subject0041,cam17,cam16,7.482
subject0040,cam01,cam00,1.257
subject0040,cam08,cam00,4.761
subject0040,cam08,cam01,5.067
subject0040,cam09,cam00,4.866
subject0040,cam09,cam01,4.810
subject0040,cam09,cam08,2.791
subject0040,cam16,cam00,4.839
subject0040,cam16,cam01,5.262
subject0040,cam16,cam08,3.666
subject0040,cam16,cam09,4.836
subject0040,cam17,cam00,4.001
subject0040,cam17,cam01,4.306
subject0040,cam17,cam08,1.722
subject0040,cam17,cam09,2.603
subject0040,cam17,cam16,3.160
subject0044,cam01,cam00,1.162
subject0044,cam02,cam00,3.254
subject0044,cam02,cam01,2.561
subject0044,cam03,cam00,3.214
subject0044,cam03,cam01,2.432
subject0044,cam03,cam02,1.293
subject0044,cam04,cam00,3.784
subject0044,cam04,cam01,3.399
subject0044,cam04,cam02,4.631
subject0044,cam04,cam03,3.942
subject0044,cam05,cam00,3.172
subject0044,cam05,cam01,3.061
subject0044,cam05,cam02,4.606
subject0044,cam05,cam03,3.957
subject0044,cam05,cam04,1.247
subject0044,cam06,cam00,2.804
subject0044,cam06,cam01,3.196
subject0044,cam06,cam02,4.711
subject0044,cam06,cam03,4.438
subject0044,cam06,cam04,4.167
subject0044,cam06,cam05,3.315
subject0044,cam07,cam00,2.749
subject0044,cam07,cam01,3.232
subject0044,cam07,cam02,5.000
subject0044,cam07,cam03,4.762
subject0044,cam07,cam04,4.420
subject0044,cam07,cam05,3.526
subject0044,cam07,cam06,1.515
subject0044,cam08,cam00,2.868
subject0044,cam08,cam01,3.667
subject0044,cam08,cam02,5.073
subject0044,cam08,cam03,5.163
subject0044,cam08,cam04,5.474
subject0044,cam08,cam05,4.807
subject0044,cam08,cam06,4.224
subject0044,cam08,cam07,3.889
subject0044,cam09,cam00,4.010
subject0044,cam09,cam01,4.509
subject0044,cam09,cam02,5.464
subject0044,cam09,cam03,5.548
subject0044,cam09,cam04,6.148
subject0044,cam09,cam05,5.731
subject0044,cam09,cam06,5.935
subject0044,cam09,cam07,5.684
subject0044,cam09,cam08,2.392
subject0044,cam10,cam00,5.534
subject0044,cam10,cam01,5.243
subject0044,cam10,cam02,4.299
subject0044,cam10,cam03,5.021
subject0044,cam10,cam04,7.479
subject0044,cam10,cam05,7.310
subject0044,cam10,cam06,6.878
subject0044,cam10,cam07,6.819
subject0044,cam10,cam08,5.890
subject0044,cam10,cam09,6.050
subject0044,cam16,cam00,4.628
subject0044,cam16,cam01,5.275
subject0044,cam16,cam02,6.236
subject0044,cam16,cam03,6.423
subject0044,cam16,cam04,6.756
subject0044,cam16,cam05,6.021
subject0044,cam16,cam06,3.972
subject0044,cam16,cam07,3.887
subject0044,cam16,cam08,3.916
subject0044,cam16,cam09,6.028
subject0044,cam16,cam10,7.295
subject0044,cam17,cam00,3.207
subject0044,cam17,cam01,3.522
subject0044,cam17,cam02,4.429
subject0044,cam17,cam03,4.617
subject0044,cam17,cam04,5.125
subject0044,cam17,cam05,4.670
subject0044,cam17,cam06,4.212
subject0044,cam17,cam07,4.134
subject0044,cam17,cam08,2.158
subject0044,cam17,cam09,3.467
subject0044,cam17,cam10,4.911
subject0044,cam17,cam16,3.926
subject0051,cam01,cam00,4.498
subject0051,cam02,cam00,8.750
subject0051,cam02,cam01,5.260
subject0051,cam08,cam00,4.012
subject0051,cam08,cam01,7.376
subject0051,cam08,cam02,10.651
subject0051,cam09,cam00,4.391
subject0051,cam09,cam01,6.232
subject0051,cam09,cam02,8.758
subject0051,cam09,cam08,2.669
subject0051,cam10,cam00,13.824
subject0051,cam10,cam01,10.687
subject0051,cam10,cam02,7.658
subject0051,cam10,cam08,15.212
subject0051,cam10,cam09,13.568
subject0051,cam16,cam00,9.640
subject0051,cam16,cam01,7.113
subject0051,cam16,cam02,6.702
subject0051,cam16,cam08,10.363
subject0051,cam16,cam09,8.831
subject0051,cam16,cam10,8.357
subject0051,cam17,cam00,5.138
subject0051,cam17,cam01,5.246
subject0051,cam17,cam02,7.319
subject0051,cam17,cam08,4.752
subject0051,cam17,cam09,3.040
subject0051,cam17,cam10,11.374
subject0051,cam17,cam16,6.405
subject0043,cam01,cam00,1.685
subject0043,cam02,cam00,4.121
subject0043,cam02,cam01,3.830
subject0043,cam03,cam00,4.014
subject0043,cam03,cam01,3.717
subject0043,cam03,cam02,2.527
subject0043,cam04,cam00,5.137
subject0043,cam04,cam01,5.357
subject0043,cam04,cam02,7.098
subject0043,cam04,cam03,5.312
subject0043,cam07,cam00,3.291
subject0043,cam07,cam01,3.366
subject0043,cam07,cam02,4.421
subject0043,cam07,cam03,3.930
subject0043,cam07,cam04,5.894
subject0043,cam08,cam00,3.933
subject0043,cam08,cam01,4.017
subject0043,cam08,cam02,6.573
subject0043,cam08,cam03,7.024
subject0043,cam08,cam04,7.864
subject0043,cam08,cam07,5.545
subject0043,cam09,cam00,4.494
subject0043,cam09,cam01,4.249
subject0043,cam09,cam02,6.838
subject0043,cam09,cam03,7.319
subject0043,cam09,cam04,7.969
subject0043,cam09,cam07,6.344
subject0043,cam09,cam08,1.703
subject0043,cam10,cam00,6.563
subject0043,cam10,cam01,6.488
subject0043,cam10,cam02,4.155
subject0043,cam10,cam03,5.832
subject0043,cam10,cam04,9.406
subject0043,cam10,cam07,6.221
subject0043,cam10,cam08,8.239
subject0043,cam10,cam09,8.616
subject0043,cam16,cam00,6.518
subject0043,cam16,cam01,6.266
subject0043,cam16,cam02,6.136
subject0043,cam16,cam03,6.484
subject0043,cam16,cam04,9.060
subject0043,cam16,cam07,4.060
subject0043,cam16,cam08,7.443
subject0043,cam16,cam09,8.265
subject0043,cam16,cam10,6.289
subject0043,cam17,cam00,4.826
subject0043,cam17,cam01,5.072
subject0043,cam17,cam02,7.373
subject0043,cam17,cam03,7.763
subject0043,cam17,cam04,7.977
subject0043,cam17,cam07,6.638
subject0043,cam17,cam08,2.426
subject0043,cam17,cam09,2.292
subject0043,cam17,cam10,9.087
subject0043,cam17,cam16,8.446
subject0045,cam01,cam00,1.779
subject0045,cam02,cam00,6.364
subject0045,cam02,cam01,5.103
subject0045,cam03,cam00,6.248
subject0045,cam03,cam01,5.195
subject0045,cam03,cam02,2.624
subject0045,cam06,cam00,2.964
subject0045,cam06,cam01,4.059
subject0045,cam06,cam02,6.899
subject0045,cam06,cam03,6.492
subject0045,cam07,cam00,3.191
subject0045,cam07,cam01,3.479
subject0045,cam07,cam02,5.259
subject0045,cam07,cam03,5.405
subject0045,cam07,cam06,2.620
subject0045,cam08,cam00,3.395
subject0045,cam08,cam01,3.255
subject0045,cam08,cam02,6.279
subject0045,cam08,cam03,6.667
subject0045,cam08,cam06,4.769
subject0045,cam08,cam07,3.685
subject0045,cam09,cam00,3.440
subject0045,cam09,cam01,3.296
subject0045,cam09,cam02,6.555
subject0045,cam09,cam03,6.952
subject0045,cam09,cam06,5.176
subject0045,cam09,cam07,4.401
subject0045,cam09,cam08,1.296
subject0045,cam10,cam00,8.105
subject0045,cam10,cam01,7.264
subject0045,cam10,cam02,4.776
subject0045,cam10,cam03,6.300
subject0045,cam10,cam06,8.572
subject0045,cam10,cam07,6.812
subject0045,cam10,cam08,7.736
subject0045,cam10,cam09,7.980
subject0045,cam16,cam00,7.445
subject0045,cam16,cam01,6.776
subject0045,cam16,cam02,5.834
subject0045,cam16,cam03,6.682
subject0045,cam16,cam06,7.503
subject0045,cam16,cam07,5.309
subject0045,cam16,cam08,5.907
subject0045,cam16,cam09,6.914
subject0045,cam16,cam10,6.726
subject0045,cam17,cam00,5.864
subject0045,cam17,cam01,4.994
subject0045,cam17,cam02,4.379
subject0045,cam17,cam03,5.815
subject0045,cam17,cam06,6.539
subject0045,cam17,cam07,4.473
subject0045,cam17,cam08,4.396
subject0045,cam17,cam09,5.057
subject0045,cam17,cam10,4.615
subject0045,cam17,cam16,3.725
subject0048,cam01,cam00,1.879
subject0048,cam02,cam00,4.486
subject0048,cam02,cam01,2.964
subject0048,cam03,cam00,4.749
subject0048,cam03,cam01,3.209
subject0048,cam03,cam02,1.732
subject0048,cam07,cam00,3.932
subject0048,cam07,cam01,3.630
subject0048,cam07,cam02,4.954
subject0048,cam07,cam03,4.563
subject0048,cam08,cam00,3.798
subject0048,cam08,cam01,4.627
subject0048,cam08,cam02,6.434
subject0048,cam08,cam03,7.129
subject0048,cam08,cam07,5.538
subject0048,cam09,cam00,4.083
subject0048,cam09,cam01,5.017
subject0048,cam09,cam02,6.654
subject0048,cam09,cam03,7.530
subject0048,cam09,cam07,6.700
subject0048,cam09,cam08,1.924
subject0048,cam10,cam00,8.105
subject0048,cam10,cam01,6.993
subject0048,cam10,cam02,6.034
subject0048,cam10,cam03,5.882
subject0048,cam10,cam07,7.283
subject0048,cam10,cam08,8.442
subject0048,cam10,cam09,9.019
subject0048,cam16,cam00,7.081
subject0048,cam16,cam01,6.330
subject0048,cam16,cam02,6.625
subject0048,cam16,cam03,6.578
subject0048,cam16,cam07,4.611
subject0048,cam16,cam08,6.788
subject0048,cam16,cam09,8.272
subject0048,cam16,cam10,6.526
subject0048,cam17,cam00,3.572
subject0048,cam17,cam01,4.006
subject0048,cam17,cam02,5.423
subject0048,cam17,cam03,6.142
subject0048,cam17,cam07,5.080
subject0048,cam17,cam08,1.730
subject0048,cam17,cam09,2.342
subject0048,cam17,cam10,7.333
subject0048,cam17,cam16,6.247
subject0050,cam01,cam00,1.792
subject0050,cam02,cam00,6.616
subject0050,cam02,cam01,5.787
subject0050,cam03,cam00,5.474
subject0050,cam03,cam01,4.685
subject0050,cam03,cam02,1.995
subject0050,cam04,cam00,4.574
subject0050,cam04,cam01,4.995
subject0050,cam04,cam02,6.084
subject0050,cam04,cam03,4.872
subject0050,cam05,cam00,4.327
subject0050,cam05,cam01,5.066
subject0050,cam05,cam02,6.809
subject0050,cam05,cam03,5.683
subject0050,cam05,cam04,1.852
subject0050,cam06,cam00,3.584
subject0050,cam06,cam01,3.869
subject0050,cam06,cam02,5.229
subject0050,cam06,cam03,4.431
subject0050,cam06,cam04,3.186
subject0050,cam06,cam05,3.217
subject0050,cam07,cam00,3.860
subject0050,cam07,cam01,3.806
subject0050,cam07,cam02,5.051
subject0050,cam07,cam03,4.623
subject0050,cam07,cam04,4.952
subject0050,cam07,cam05,4.901
subject0050,cam07,cam06,2.230
subject0050,cam08,cam00,5.944
subject0050,cam08,cam01,5.716
subject0050,cam08,cam02,10.860
subject0050,cam08,cam03,9.860
subject0050,cam08,cam04,9.668
subject0050,cam08,cam05,9.357
subject0050,cam08,cam06,8.633
subject0050,cam08,cam07,8.027
subject0050,cam09,cam00,8.409
subject0050,cam09,cam01,8.110
subject0050,cam09,cam02,13.109
subject0050,cam09,cam03,12.162
subject0050,cam09,cam04,12.023
subject0050,cam09,cam05,11.645
subject0050,cam09,cam06,11.067
subject0050,cam09,cam07,10.484
subject0050,cam09,cam08,2.920
subject0050,cam10,cam00,9.746
subject0050,cam10,cam01,9.111
subject0050,cam10,cam02,4.799
subject0050,cam10,cam03,6.486
subject0050,cam10,cam04,8.983
subject0050,cam10,cam05,9.523
subject0050,cam10,cam06,8.129
subject0050,cam10,cam07,7.703
subject0050,cam10,cam08,13.663
subject0050,cam10,cam09,15.717
subject0050,cam16,cam00,7.653
subject0050,cam16,cam01,7.049
subject0050,cam16,cam02,5.305
subject0050,cam16,cam03,5.757
subject0050,cam16,cam04,7.579
subject0050,cam16,cam05,8.059
subject0050,cam16,cam06,6.162
subject0050,cam16,cam07,5.007
subject0050,cam16,cam08,10.837
subject0050,cam16,cam09,13.333
subject0050,cam16,cam10,6.514
subject0052,cam01,cam00,1.760
subject0052,cam02,cam00,4.356
subject0052,cam02,cam01,4.906
subject0052,cam03,cam00,3.941
subject0052,cam03,cam01,4.176
subject0052,cam03,cam02,2.552
subject0052,cam04,cam00,3.493
subject0052,cam04,cam01,3.728
subject0052,cam04,cam02,4.254
subject0052,cam04,cam03,2.556
subject0052,cam05,cam00,3.106
subject0052,cam05,cam01,3.626
subject0052,cam05,cam02,4.745
subject0052,cam05,cam03,3.681
subject0052,cam05,cam04,2.015
subject0052,cam06,cam00,3.702
subject0052,cam06,cam01,4.677
subject0052,cam06,cam02,4.298
subject0052,cam06,cam03,3.540
subject0052,cam06,cam04,3.357
subject0052,cam06,cam05,3.577
subject0052,cam07,cam00,4.125
subject0052,cam07,cam01,4.828
subject0052,cam07,cam02,4.769
subject0052,cam07,cam03,3.998
subject0052,cam07,cam04,4.073
subject0052,cam07,cam05,4.610
subject0052,cam07,cam06,1.784
subject0052,cam08,cam00,3.346
subject0052,cam08,cam01,2.887
subject0052,cam08,cam02,6.664
subject0052,cam08,cam03,6.315
subject0052,cam08,cam04,5.883
subject0052,cam08,cam05,5.443
subject0052,cam08,cam06,6.207
subject0052,cam08,cam07,6.135
subject0052,cam09,cam00,4.446
subject0052,cam09,cam01,3.603
subject0052,cam09,cam02,7.731
subject0052,cam09,cam03,7.421
subject0052,cam09,cam04,6.886
subject0052,cam09,cam05,6.469
subject0052,cam09,cam06,7.603
subject0052,cam09,cam07,7.565
subject0052,cam09,cam08,1.840
subject0052,cam10,cam00,5.550
subject0052,cam10,cam01,6.273
subject0052,cam10,cam02,3.497
subject0052,cam10,cam03,5.063
subject0052,cam10,cam04,6.176
subject0052,cam10,cam05,6.404
subject0052,cam10,cam06,5.416
subject0052,cam10,cam07,5.617
subject0052,cam10,cam08,7.300
subject0052,cam10,cam09,8.273
subject0052,cam16,cam00,5.206
subject0052,cam16,cam01,5.789
subject0052,cam16,cam02,5.465
subject0052,cam16,cam03,5.169
subject0052,cam16,cam04,5.745
subject0052,cam16,cam05,5.800
subject0052,cam16,cam06,3.961
subject0052,cam16,cam07,3.441
subject0052,cam16,cam08,6.068
subject0052,cam16,cam09,7.765
subject0052,cam16,cam10,6.106
subject0052,cam17,cam00,4.285
subject0052,cam17,cam01,4.938
subject0052,cam17,cam02,4.482
subject0052,cam17,cam03,5.057
subject0052,cam17,cam04,5.627
subject0052,cam17,cam05,5.552
subject0052,cam17,cam06,4.719
subject0052,cam17,cam07,4.546
subject0052,cam17,cam08,5.039
subject0052,cam17,cam09,6.390
subject0052,cam17,cam10,4.147
subject0052,cam17,cam16,3.780
subject0055,cam01,cam00,1.546
subject0055,cam02,cam00,6.527
subject0055,cam02,cam01,6.025
subject0055,cam03,cam00,5.597
subject0055,cam03,cam01,4.798
subject0055,cam03,cam02,2.774
subject0055,cam04,cam00,5.576
subject0055,cam04,cam01,5.450
subject0055,cam04,cam02,4.703
subject0055,cam04,cam03,3.707
subject0055,cam05,cam00,5.511
subject0055,cam05,cam01,5.605
subject0055,cam05,cam02,4.949
subject0055,cam05,cam03,4.337
subject0055,cam05,cam04,1.487
subject0055,cam06,cam00,6.924
subject0055,cam06,cam01,6.909
subject0055,cam06,cam02,4.004
subject0055,cam06,cam03,4.809
subject0055,cam06,cam04,3.943
subject0055,cam06,cam05,3.679
subject0055,cam07,cam00,6.153
subject0055,cam07,cam01,6.143
subject0055,cam07,cam02,4.095
subject0055,cam07,cam03,4.811
subject0055,cam07,cam04,4.591
subject0055,cam07,cam05,4.373
subject0055,cam07,cam06,1.874
subject0055,cam08,cam00,2.834
subject0055,cam08,cam01,2.972
subject0055,cam08,cam02,7.017
subject0055,cam08,cam03,6.551
subject0055,cam08,cam04,6.987
subject0055,cam08,cam05,6.923
subject0055,cam08,cam06,7.389
subject0055,cam08,cam07,6.291
subject0055,cam09,cam00,3.339
subject0055,cam09,cam01,3.325
subject0055,cam09,cam02,8.019
subject0055,cam09,cam03,7.354
subject0055,cam09,cam04,7.844
subject0055,cam09,cam05,7.836
subject0055,cam09,cam06,8.709
subject0055,cam09,cam07,7.683
subject0055,cam09,cam08,2.152
subject0055,cam10,cam00,10.453
subject0055,cam10,cam01,10.431
subject0055,cam10,cam02,6.811
subject0055,cam10,cam03,8.606
subject0055,cam10,cam04,9.422
subject0055,cam10,cam05,9.392
subject0055,cam10,cam06,8.443
subject0055,cam10,cam07,8.390
subject0055,cam10,cam08,10.656
subject0055,cam10,cam09,11.264
subject0055,cam16,cam00,8.417
subject0055,cam16,cam01,8.356
subject0055,cam16,cam02,6.235
subject0055,cam16,cam03,7.303
subject0055,cam16,cam04,7.679
subject0055,cam16,cam05,7.624
subject0055,cam16,cam06,5.205
subject0055,cam16,cam07,4.456
subject0055,cam16,cam08,7.581
subject0055,cam16,cam09,9.261
subject0055,cam16,cam10,8.601
subject0055,cam17,cam00,3.227
subject0055,cam17,cam01,3.027
subject0055,cam17,cam02,6.295
subject0055,cam17,cam03,5.694
subject0055,cam17,cam04,6.041
subject0055,cam17,cam05,5.918
subject0055,cam17,cam06,6.804
subject0055,cam17,cam07,5.945
subject0055,cam17,cam08,2.215
subject0055,cam17,cam09,2.909
subject0055,cam17,cam10,9.928
subject0055,cam17,cam16,7.564
subject0056,cam01,cam00,1.196
subject0056,cam02,cam00,3.793
subject0056,cam02,cam01,3.200
subject0056,cam03,cam00,3.842
subject0056,cam03,cam01,3.420
subject0056,cam03,cam02,2.101
subject0056,cam07,cam00,3.012
subject0056,cam07,cam01,3.513
subject0056,cam07,cam02,4.708
subject0056,cam07,cam03,5.023
subject0056,cam08,cam00,5.813
subject0056,cam08,cam01,6.043
subject0056,cam08,cam02,8.599
subject0056,cam08,cam03,8.886
subject0056,cam08,cam07,7.431
subject0056,cam09,cam00,6.422
subject0056,cam09,cam01,6.474
subject0056,cam09,cam02,8.864
subject0056,cam09,cam03,9.295
subject0056,cam09,cam07,8.127
subject0056,cam09,cam08,1.443
subject0056,cam10,cam00,6.723
subject0056,cam10,cam01,6.415
subject0056,cam10,cam02,4.956
subject0056,cam10,cam03,6.460
subject0056,cam10,cam07,6.223
subject0056,cam10,cam08,10.603
subject0056,cam10,cam09,10.683
subject0056,cam16,cam00,5.061
subject0056,cam16,cam01,5.221
subject0056,cam16,cam02,5.499
subject0056,cam16,cam03,6.461
subject0056,cam16,cam07,3.589
subject0056,cam16,cam08,8.205
subject0056,cam16,cam09,8.748
subject0056,cam16,cam10,5.475
subject0056,cam17,cam00,3.855
subject0056,cam17,cam01,3.989
subject0056,cam17,cam02,6.056
subject0056,cam17,cam03,6.541
subject0056,cam17,cam07,5.005
subject0056,cam17,cam08,3.939
subject0056,cam17,cam09,4.319
subject0056,cam17,cam10,7.398
subject0056,cam17,cam16,5.307
subject0057,cam01,cam00,1.454
subject0057,cam02,cam00,4.573
subject0057,cam02,cam01,3.599
subject0057,cam03,cam00,4.701
subject0057,cam03,cam01,3.642
subject0057,cam03,cam02,3.492
subject0057,cam07,cam00,3.154
subject0057,cam07,cam01,3.557
subject0057,cam07,cam02,6.079
subject0057,cam07,cam03,5.437
subject0057,cam08,cam00,2.965
subject0057,cam08,cam01,3.425
subject0057,cam08,cam02,5.207
subject0057,cam08,cam03,6.498
subject0057,cam08,cam07,4.009
subject0057,cam09,cam00,3.149
subject0057,cam09,cam01,3.437
subject0057,cam09,cam02,4.984
subject0057,cam09,cam03,6.488
subject0057,cam09,cam07,4.633
subject0057,cam09,cam08,1.084
subject0057,cam10,cam00,7.851
subject0057,cam10,cam01,7.239
subject0057,cam10,cam02,7.083
subject0057,cam10,cam03,6.422
subject0057,cam10,cam07,6.961
subject0057,cam10,cam08,7.900
subject0057,cam10,cam09,7.929
subject0057,cam16,cam00,6.140
subject0057,cam16,cam01,5.893
subject0057,cam16,cam02,6.678
subject0057,cam16,cam03,6.666
subject0057,cam16,cam07,4.411
subject0057,cam16,cam08,5.371
subject0057,cam16,cam09,5.934
subject0057,cam16,cam10,5.337
subject0057,cam17,cam00,3.779
subject0057,cam17,cam01,4.385
subject0057,cam17,cam02,6.191
subject0057,cam17,cam03,7.529
subject0057,cam17,cam07,5.516
subject0057,cam17,cam08,2.320
subject0057,cam17,cam09,2.195
subject0057,cam17,cam10,9.647
subject0057,cam17,cam16,7.417
subject0059,cam01,cam00,1.597
subject0059,cam02,cam00,4.194
subject0059,cam02,cam01,3.039
subject0059,cam03,cam00,4.393
subject0059,cam03,cam01,3.416
subject0059,cam03,cam02,1.619
subject0059,cam07,cam00,2.818
subject0059,cam07,cam01,2.830
subject0059,cam07,cam02,4.344
subject0059,cam07,cam03,4.317
subject0059,cam08,cam00,4.815
subject0059,cam08,cam01,5.890
subject0059,cam08,cam02,8.494
subject0059,cam08,cam03,8.726
subject0059,cam08,cam07,6.386
subject0059,cam09,cam00,3.651
subject0059,cam09,cam01,4.291
subject0059,cam09,cam02,6.545
subject0059,cam09,cam03,7.072
subject0059,cam09,cam07,5.310
subject0059,cam09,cam08,2.722
subject0059,cam10,cam00,6.326
subject0059,cam10,cam01,5.461
subject0059,cam10,cam02,3.880
subject0059,cam10,cam03,4.919
subject0059,cam10,cam07,6.287
subject0059,cam10,cam08,9.638
subject0059,cam10,cam09,7.263
subject0059,cam16,cam00,4.460
subject0059,cam16,cam01,4.250
subject0059,cam16,cam02,5.141
subject0059,cam16,cam03,5.360
subject0059,cam16,cam07,3.134
subject0059,cam16,cam08,7.204
subject0059,cam16,cam09,5.910
subject0059,cam16,cam10,6.113
subject0059,cam17,cam00,4.231
subject0059,cam17,cam01,3.724
subject0059,cam17,cam02,4.225
subject0059,cam17,cam03,4.653
subject0059,cam17,cam07,3.812
subject0059,cam17,cam08,6.940
subject0059,cam17,cam09,5.088
subject0059,cam17,cam10,4.511
subject0059,cam17,cam16,3.367
subject0058,cam01,cam00,1.878
subject0058,cam02,cam00,3.925
subject0058,cam02,cam01,3.427
subject0058,cam07,cam00,2.977
subject0058,cam07,cam01,4.255
subject0058,cam07,cam02,5.338
subject0058,cam08,cam00,3.489
subject0058,cam08,cam01,3.201
subject0058,cam08,cam02,5.860
subject0058,cam08,cam07,4.962
subject0058,cam09,cam00,4.566
subject0058,cam09,cam01,3.891
subject0058,cam09,cam02,6.509
subject0058,cam09,cam07,6.418
subject0058,cam09,cam08,1.853
subject0058,cam10,cam00,7.936
subject0058,cam10,cam01,8.473
subject0058,cam10,cam02,6.953
subject0058,cam10,cam07,7.081
subject0058,cam10,cam08,9.364
subject0058,cam10,cam09,10.402
subject0058,cam16,cam00,7.296
subject0058,cam16,cam01,8.126
subject0058,cam16,cam02,7.153
subject0058,cam16,cam07,5.672
subject0058,cam16,cam08,8.557
subject0058,cam16,cam09,10.039
subject0058,cam16,cam10,4.966
subject0058,cam17,cam00,6.293
subject0058,cam17,cam01,5.773
subject0058,cam17,cam02,8.574
subject0058,cam17,cam07,7.874
subject0058,cam17,cam08,4.017
subject0058,cam17,cam09,3.276
subject0058,cam17,cam10,12.436
subject0058,cam17,cam16,11.857
subject0069,cam01,cam00,1.764
subject0069,cam02,cam00,6.785
subject0069,cam02,cam01,5.712
subject0069,cam03,cam00,6.911
subject0069,cam03,cam01,5.809
subject0069,cam03,cam02,1.517
subject0069,cam06,cam00,6.163
subject0069,cam06,cam01,5.646
subject0069,cam06,cam02,4.586
subject0069,cam06,cam03,4.239
subject0069,cam07,cam00,5.337
subject0069,cam07,cam01,4.862
subject0069,cam07,cam02,4.976
subject0069,cam07,cam03,4.725
subject0069,cam07,cam06,1.983
subject0069,cam08,cam00,5.506
subject0069,cam08,cam01,4.866
subject0069,cam08,cam02,4.683
subject0069,cam08,cam03,4.792
subject0069,cam08,cam06,4.170
subject0069,cam08,cam07,3.650
subject0069,cam09,cam00,6.309
subject0069,cam09,cam01,5.397
subject0069,cam09,cam02,3.814
subject0069,cam09,cam03,4.025
subject0069,cam09,cam06,4.550
subject0069,cam09,cam07,4.107
subject0069,cam09,cam08,2.075
subject0069,cam10,cam00,9.669
subject0069,cam10,cam01,8.823
subject0069,cam10,cam02,5.343
subject0069,cam10,cam03,5.639
subject0069,cam10,cam06,7.512
subject0069,cam10,cam07,7.650
subject0069,cam10,cam08,6.523
subject0069,cam10,cam09,4.916
subject0069,cam16,cam00,8.529
subject0069,cam16,cam01,7.876
subject0069,cam16,cam02,6.498
subject0069,cam16,cam03,6.505
subject0069,cam16,cam06,4.986
subject0069,cam16,cam07,4.597
subject0069,cam16,cam08,4.154
subject0069,cam16,cam09,4.737
subject0069,cam16,cam10,7.982
subject0069,cam17,cam00,8.368
subject0069,cam17,cam01,7.617
subject0069,cam17,cam02,5.417
subject0069,cam17,cam03,5.672
subject0069,cam17,cam06,5.635
subject0069,cam17,cam07,5.401
subject0069,cam17,cam08,3.395
subject0069,cam17,cam09,3.035
subject0069,cam17,cam10,5.379
subject0069,cam17,cam16,4.135
subject0061,cam01,cam00,2.494
subject0061,cam02,cam00,4.857
subject0061,cam02,cam01,3.579
subject0061,cam06,cam00,3.779
subject0061,cam06,cam01,3.016
subject0061,cam06,cam02,5.295
subject0061,cam07,cam00,3.659
subject0061,cam07,cam01,3.356
subject0061,cam07,cam02,5.935
subject0061,cam07,cam06,1.990
subject0061,cam08,cam00,4.047
subject0061,cam08,cam01,5.330
subject0061,cam08,cam02,6.639
subject0061,cam08,cam06,5.655
subject0061,cam08,cam07,5.264
subject0061,cam09,cam00,4.035
subject0061,cam09,cam01,5.337
subject0061,cam09,cam02,6.466
subject0061,cam09,cam06,6.161
subject0061,cam09,cam07,5.588
subject0061,cam09,cam08,2.145
subject0061,cam10,cam00,5.537
subject0061,cam10,cam01,4.827
subject0061,cam10,cam02,3.777
subject0061,cam10,cam06,6.530
subject0061,cam10,cam07,6.731
subject0061,cam10,cam08,6.059
subject0061,cam10,cam09,5.878
subject0061,cam16,cam00,5.666
subject0061,cam16,cam01,5.557
subject0061,cam16,cam02,6.813
subject0061,cam16,cam06,5.143
subject0061,cam16,cam07,4.949
subject0061,cam16,cam08,4.408
subject0061,cam16,cam09,5.920
subject0061,cam16,cam10,6.478
subject0061,cam17,cam00,4.206
subject0061,cam17,cam01,4.965
subject0061,cam17,cam02,5.816
subject0061,cam17,cam06,5.487
subject0061,cam17,cam07,5.193
subject0061,cam17,cam08,2.275
subject0061,cam17,cam09,3.154
subject0061,cam17,cam10,4.995
subject0061,cam17,cam16,4.102
subject0060,cam01,cam00,1.535
subject0060,cam02,cam00,4.218
subject0060,cam02,cam01,3.055
subject0060,cam08,cam00,4.163
subject0060,cam08,cam01,5.097
subject0060,cam08,cam02,7.093
subject0060,cam09,cam00,4.045
subject0060,cam09,cam01,4.686
subject0060,cam09,cam02,6.351
subject0060,cam09,cam08,1.495
subject0060,cam10,cam00,6.275
subject0060,cam10,cam01,5.478
subject0060,cam10,cam02,3.935
subject0060,cam10,cam08,8.039
subject0060,cam10,cam09,7.056
subject0060,cam16,cam00,4.953
subject0060,cam16,cam01,4.846
subject0060,cam16,cam02,5.418
subject0060,cam16,cam08,5.696
subject0060,cam16,cam09,5.298
subject0060,cam16,cam10,5.612
subject0060,cam17,cam00,5.823
subject0060,cam17,cam01,6.868
subject0060,cam17,cam02,8.729
subject0060,cam17,cam08,2.571
subject0060,cam17,cam09,3.088
subject0060,cam17,cam10,9.596
subject0060,cam17,cam16,7.297
subject0065,cam01,cam00,1.206
subject0065,cam02,cam00,4.172
subject0065,cam02,cam01,3.582
subject0065,cam03,cam00,3.588
subject0065,cam03,cam01,3.060
subject0065,cam03,cam02,2.729
subject0065,cam06,cam00,2.432
subject0065,cam06,cam01,3.036
subject0065,cam06,cam02,5.259
subject0065,cam06,cam03,4.170
subject0065,cam07,cam00,2.130
subject0065,cam07,cam01,2.936
subject0065,cam07,cam02,4.845
subject0065,cam07,cam03,4.293
subject0065,cam07,cam06,1.632
subject0065,cam08,cam00,3.756
subject0065,cam08,cam01,4.289
subject0065,cam08,cam02,6.860
subject0065,cam08,cam03,6.461
subject0065,cam08,cam06,5.218
subject0065,cam08,cam07,4.593
subject0065,cam09,cam00,3.690
subject0065,cam09,cam01,3.944
subject0065,cam09,cam02,6.141
subject0065,cam09,cam03,6.244
subject0065,cam09,cam06,5.424
subject0065,cam09,cam07,4.691
subject0065,cam09,cam08,1.869
subject0065,cam16,cam00,3.966
subject0065,cam16,cam01,4.220
subject0065,cam16,cam02,5.311
subject0065,cam16,cam03,5.795
subject0065,cam16,cam06,4.594
subject0065,cam16,cam07,3.673
subject0065,cam16,cam08,5.047
subject0065,cam16,cam09,4.716
subject0065,cam17,cam00,4.229
subject0065,cam17,cam01,4.703
subject0065,cam17,cam02,7.088
subject0065,cam17,cam03,6.880
subject0065,cam17,cam06,5.606
subject0065,cam17,cam07,4.956
subject0065,cam17,cam08,1.946
subject0065,cam17,cam09,1.650
subject0065,cam17,cam16,5.078
subject0066,cam01,cam00,3.087
subject0066,cam08,cam00,3.764
subject0066,cam08,cam01,5.508
subject0066,cam09,cam00,4.458
subject0066,cam09,cam01,5.375
subject0066,cam09,cam08,2.266
subject0066,cam10,cam00,8.224
subject0066,cam10,cam01,8.802
subject0066,cam10,cam08,6.922
subject0066,cam10,cam09,5.517
subject0066,cam16,cam00,6.600
subject0066,cam16,cam01,7.007
subject0066,cam16,cam08,4.881
subject0066,cam16,cam09,4.134
subject0066,cam16,cam10,6.298
subject0066,cam17,cam00,4.595
subject0066,cam17,cam01,5.910
subject0066,cam17,cam08,1.667
subject0066,cam17,cam09,2.111
subject0066,cam17,cam10,6.883
subject0066,cam17,cam16,4.633
subject0062,cam01,cam00,1.726
subject0062,cam02,cam00,4.627
subject0062,cam02,cam01,3.304
subject0062,cam03,cam00,4.554
subject0062,cam03,cam01,3.212
subject0062,cam03,cam02,1.907
subject0062,cam04,cam00,4.525
subject0062,cam04,cam01,3.789
subject0062,cam04,cam02,5.236
subject0062,cam04,cam03,4.031
subject0062,cam06,cam00,2.836
subject0062,cam06,cam01,2.601
subject0062,cam06,cam02,4.590
subject0062,cam06,cam03,4.039
subject0062,cam06,cam04,3.577
subject0062,cam07,cam00,2.843
subject0062,cam07,cam01,2.668
subject0062,cam07,cam02,4.307
subject0062,cam07,cam03,4.142
subject0062,cam07,cam04,4.605
subject0062,cam07,cam06,1.415
subject0062,cam08,cam00,6.090
subject0062,cam08,cam01,7.493
subject0062,cam08,cam02,9.744
subject0062,cam08,cam03,9.986
subject0062,cam08,cam04,9.958
subject0062,cam08,cam06,8.361
subject0062,cam08,cam07,8.079
subject0062,cam09,cam00,7.326
subject0062,cam09,cam01,8.685
subject0062,cam09,cam02,10.979
subject0062,cam09,cam03,11.116
subject0062,cam09,cam04,10.876
subject0062,cam09,cam06,9.656
subject0062,cam09,cam07,9.528
subject0062,cam09,cam08,1.984
subject0062,cam10,cam00,7.431
subject0062,cam10,cam01,6.442
subject0062,cam10,cam02,4.700
subject0062,cam10,cam03,5.727
subject0062,cam10,cam04,8.140
subject0062,cam10,cam06,7.077
subject0062,cam10,cam07,6.415
subject0062,cam10,cam08,11.624
subject0062,cam10,cam09,12.906
subject0062,cam16,cam00,4.024
subject0062,cam16,cam01,4.191
subject0062,cam16,cam02,5.287
subject0062,cam16,cam03,5.716
subject0062,cam16,cam04,6.844
subject0062,cam16,cam06,4.523
subject0062,cam16,cam07,3.533
subject0062,cam16,cam08,6.917
subject0062,cam16,cam09,8.619
subject0062,cam16,cam10,6.794
subject0062,cam17,cam00,5.275
subject0062,cam17,cam01,4.692
subject0062,cam17,cam02,4.275
subject0062,cam17,cam03,5.171
subject0062,cam17,cam04,7.190
subject0062,cam17,cam06,5.318
subject0062,cam17,cam07,4.280
subject0062,cam17,cam08,9.132
subject0062,cam17,cam09,10.655
subject0062,cam17,cam10,3.721
subject0062,cam17,cam16,3.660
subject0063,cam01,cam00,1.003
subject0063,cam02,cam00,3.745
subject0063,cam02,cam01,3.338
subject0063,cam04,cam00,2.796
subject0063,cam04,cam01,2.804
subject0063,cam04,cam02,3.478
subject0063,cam05,cam00,2.708
subject0063,cam05,cam01,2.953
subject0063,cam05,cam02,4.339
subject0063,cam05,cam04,1.562
subject0063,cam07,cam00,1.889
subject0063,cam07,cam01,2.506
subject0063,cam07,cam02,4.669
subject0063,cam07,cam04,3.382
subject0063,cam07,cam05,3.092
subject0063,cam08,cam00,2.703
subject0063,cam08,cam01,2.791
subject0063,cam08,cam02,4.089
subject0063,cam08,cam04,4.194
subject0063,cam08,cam05,4.422
subject0063,cam08,cam07,3.127
subject0063,cam09,cam00,4.194
subject0063,cam09,cam01,3.962
subject0063,cam09,cam02,4.415
subject0063,cam09,cam04,5.587
subject0063,cam09,cam05,5.917
subject0063,cam09,cam07,4.754
subject0063,cam09,cam08,2.448
subject0063,cam10,cam00,4.565
subject0063,cam10,cam01,4.316
subject0063,cam10,cam02,3.011
subject0063,cam10,cam04,5.067
subject0063,cam10,cam05,5.805
subject0063,cam10,cam07,5.469
subject0063,cam10,cam08,3.729
subject0063,cam10,cam09,3.719
subject0063,cam16,cam00,3.918
subject0063,cam16,cam01,4.246
subject0063,cam16,cam02,5.921
subject0063,cam16,cam04,5.314
subject0063,cam16,cam05,5.248
subject0063,cam16,cam07,3.039
subject0063,cam16,cam08,2.886
subject0063,cam16,cam09,4.337
subject0063,cam16,cam10,5.957
subject0063,cam17,cam00,4.818
subject0063,cam17,cam01,4.897
subject0063,cam17,cam02,6.401
subject0063,cam17,cam04,6.618
subject0063,cam17,cam05,6.289
subject0063,cam17,cam07,5.004
subject0063,cam17,cam08,3.863
subject0063,cam17,cam09,3.585
subject0063,cam17,cam10,6.085
subject0063,cam17,cam16,4.516
subject0067,cam01,cam00,1.604
subject0067,cam02,cam00,4.806
subject0067,cam02,cam01,3.602
subject0067,cam03,cam00,4.661
subject0067,cam03,cam01,3.681
subject0067,cam03,cam02,1.609
subject0067,cam07,cam00,2.738
subject0067,cam07,cam01,2.905
subject0067,cam07,cam02,4.336
subject0067,cam07,cam03,4.405
subject0067,cam08,cam00,3.253
subject0067,cam08,cam01,3.735
subject0067,cam08,cam02,6.551
subject0067,cam08,cam03,6.587
subject0067,cam08,cam07,4.668
subject0067,cam09,cam00,2.769
subject0067,cam09,cam01,2.698
subject0067,cam09,cam02,5.144
subject0067,cam09,cam03,5.334
subject0067,cam09,cam07,3.996
subject0067,cam09,cam08,1.775
subject0067,cam10,cam00,7.525
subject0067,cam10,cam01,6.486
subject0067,cam10,cam02,4.543
subject0067,cam10,cam03,5.531
subject0067,cam10,cam07,6.620
subject0067,cam10,cam08,8.246
subject0067,cam10,cam09,6.945
subject0067,cam16,cam00,5.521
subject0067,cam16,cam01,5.069
subject0067,cam16,cam02,5.461
subject0067,cam16,cam03,5.825
subject0067,cam16,cam07,4.385
subject0067,cam16,cam08,5.061
subject0067,cam16,cam09,4.595
subject0067,cam16,cam10,5.861
subject0067,cam17,cam00,5.204
subject0067,cam17,cam01,5.742
subject0067,cam17,cam02,8.460
subject0067,cam17,cam03,8.465
subject0067,cam17,cam07,6.779
subject0067,cam17,cam08,2.354
subject0067,cam17,cam09,3.625
subject0067,cam17,cam10,9.806
subject0067,cam17,cam16,6.732
subject0072,cam01,cam00,1.229
subject0072,cam02,cam00,3.754
subject0072,cam02,cam01,3.149
subject0072,cam03,cam00,3.843
subject0072,cam03,cam01,3.195
subject0072,cam03,cam02,1.423
subject0072,cam07,cam00,2.695
subject0072,cam07,cam01,3.363
subject0072,cam07,cam02,4.627
subject0072,cam07,cam03,4.543
subject0072,cam08,cam00,3.740
subject0072,cam08,cam01,4.132
subject0072,cam08,cam02,6.347
subject0072,cam08,cam03,6.705
subject0072,cam08,cam07,4.873
subject0072,cam09,cam00,3.873
subject0072,cam09,cam01,4.025
subject0072,cam09,cam02,5.858
subject0072,cam09,cam03,6.357
subject0072,cam09,cam07,5.358
subject0072,cam09,cam08,1.502
subject0072,cam10,cam00,7.161
subject0072,cam10,cam01,7.033
subject0072,cam10,cam02,5.300
subject0072,cam10,cam03,6.179
subject0072,cam10,cam07,7.053
subject0072,cam10,cam08,8.419
subject0072,cam10,cam09,7.880
subject0072,cam16,cam00,5.261
subject0072,cam16,cam01,5.661
subject0072,cam16,cam02,5.830
subject0072,cam16,cam03,5.963
subject0072,cam16,cam07,3.706
subject0072,cam16,cam08,6.147
subject0072,cam16,cam09,6.506
subject0072,cam16,cam10,6.635
subject0072,cam17,cam00,3.613
subject0072,cam17,cam01,3.631
subject0072,cam17,cam02,5.606
subject0072,cam17,cam03,5.829
subject0072,cam17,cam07,4.845
subject0072,cam17,cam08,2.400
subject0072,cam17,cam09,2.256
subject0072,cam17,cam10,7.896
subject0072,cam17,cam16,6.054
subject0073,cam01,cam00,2.292
subject0073,cam08,cam00,5.068
subject0073,cam08,cam01,6.287
subject0073,cam09,cam00,4.554
subject0073,cam09,cam01,5.101
subject0073,cam09,cam08,2.500
subject0073,cam10,cam00,7.881
subject0073,cam10,cam01,6.518
subject0073,cam10,cam08,10.432
subject0073,cam10,cam09,8.592
subject0073,cam16,cam00,4.807
subject0073,cam16,cam01,4.165
subject0073,cam16,cam08,6.770
subject0073,cam16,cam09,5.481
subject0073,cam16,cam10,5.970
subject0073,cam17,cam00,4.314
subject0073,cam17,cam01,4.975
subject0073,cam17,cam08,2.768
subject0073,cam17,cam09,1.842
subject0073,cam17,cam10,8.127
subject0073,cam17,cam16,4.765
subject0076,cam01,cam00,1.696
subject0076,cam02,cam00,4.304
subject0076,cam02,cam01,3.348
subject0076,cam03,cam00,4.180
subject0076,cam03,cam01,3.607
subject0076,cam03,cam02,2.569
subject0076,cam06,cam00,2.673
subject0076,cam06,cam01,3.516
subject0076,cam06,cam02,5.880
subject0076,cam06,cam03,5.340
subject0076,cam07,cam00,2.446
subject0076,cam07,cam01,3.472
subject0076,cam07,cam02,6.027
subject0076,cam07,cam03,5.974
subject0076,cam07,cam06,1.796
subject0076,cam08,cam00,3.978
subject0076,cam08,cam01,5.012
subject0076,cam08,cam02,6.474
subject0076,cam08,cam03,6.840
subject0076,cam08,cam06,5.541
subject0076,cam08,cam07,4.499
subject0076,cam09,cam00,3.874
subject0076,cam09,cam01,4.564
subject0076,cam09,cam02,6.074
subject0076,cam09,cam03,6.775
subject0076,cam09,cam06,5.539
subject0076,cam09,cam07,4.405
subject0076,cam09,cam08,1.599
subject0076,cam10,cam00,8.047
subject0076,cam10,cam01,7.071
subject0076,cam10,cam02,7.084
subject0076,cam10,cam03,8.607
subject0076,cam10,cam06,8.617
subject0076,cam10,cam07,8.349
subject0076,cam10,cam08,9.834
subject0076,cam10,cam09,8.732
subject0076,cam16,cam00,4.911
subject0076,cam16,cam01,4.554
subject0076,cam16,cam02,5.787
subject0076,cam16,cam03,6.783
subject0076,cam16,cam06,5.276
subject0076,cam16,cam07,4.636
subject0076,cam16,cam08,6.115
subject0076,cam16,cam09,5.585
subject0076,cam16,cam10,6.126
subject0076,cam17,cam00,5.349
subject0076,cam17,cam01,6.515
subject0076,cam17,cam02,7.872
subject0076,cam17,cam03,7.749
subject0076,cam17,cam06,6.546
subject0076,cam17,cam07,5.821
subject0076,cam17,cam08,2.635
subject0076,cam17,cam09,3.412
subject0076,cam17,cam10,11.464
subject0076,cam17,cam16,8.081
subject0075,cam01,cam00,1.963
subject0075,cam02,cam00,3.540
subject0075,cam02,cam01,3.184
subject0075,cam07,cam00,2.279
subject0075,cam07,cam01,3.736
subject0075,cam07,cam02,4.887
subject0075,cam08,cam00,7.540
subject0075,cam08,cam01,6.348
subject0075,cam08,cam02,8.470
subject0075,cam08,cam07,8.105
subject0075,cam09,cam00,5.591
subject0075,cam09,cam01,4.502
subject0075,cam09,cam02,5.888
subject0075,cam09,cam07,6.272
subject0075,cam09,cam08,3.503
subject0075,cam10,cam00,5.988
subject0075,cam10,cam01,6.798
subject0075,cam10,cam02,5.234
subject0075,cam10,cam07,6.339
subject0075,cam10,cam08,11.247
subject0075,cam10,cam09,8.176
subject0075,cam16,cam00,3.905
subject0075,cam16,cam01,4.418
subject0075,cam16,cam02,5.588
subject0075,cam16,cam07,3.328
subject0075,cam16,cam08,6.743
subject0075,cam16,cam09,4.623
subject0075,cam16,cam10,6.708
subject0075,cam17,cam00,6.635
subject0075,cam17,cam01,5.518
subject0075,cam17,cam02,7.341
subject0075,cam17,cam07,7.246
subject0075,cam17,cam08,1.865
subject0075,cam17,cam09,2.487
subject0075,cam17,cam10,9.967
subject0075,cam17,cam16,5.719
subject0081,cam09,cam08,1.359
subject0081,cam10,cam08,8.217
subject0081,cam10,cam09,7.713
subject0081,cam16,cam08,5.365
subject0081,cam16,cam09,5.445
subject0081,cam16,cam10,5.515
subject0081,cam17,cam08,2.301
subject0081,cam17,cam09,2.466
subject0081,cam17,cam10,7.886
subject0081,cam17,cam16,5.113
subject0078,cam01,cam00,1.558
subject0078,cam02,cam00,6.483
subject0078,cam02,cam01,5.415
subject0078,cam07,cam00,5.252
subject0078,cam07,cam01,4.793
subject0078,cam07,cam02,5.302
subject0078,cam08,cam00,3.479
subject0078,cam08,cam01,3.014
subject0078,cam08,cam02,5.497
subject0078,cam08,cam07,3.962
subject0078,cam09,cam00,3.740
subject0078,cam09,cam01,3.021
subject0078,cam09,cam02,4.844
subject0078,cam09,cam07,5.652
subject0078,cam09,cam08,2.718
subject0078,cam10,cam00,7.894
subject0078,cam10,cam01,6.878
subject0078,cam10,cam02,2.476
subject0078,cam10,cam07,6.392
subject0078,cam10,cam08,6.220
subject0078,cam10,cam09,5.585
subject0078,cam16,cam00,6.522
subject0078,cam16,cam01,5.934
subject0078,cam16,cam02,5.577
subject0078,cam16,cam07,3.453
subject0078,cam16,cam08,4.545
subject0078,cam16,cam09,6.063
subject0078,cam16,cam10,5.907
subject0078,cam17,cam00,5.872
subject0078,cam17,cam01,5.263
subject0078,cam17,cam02,4.397
subject0078,cam17,cam07,5.039
subject0078,cam17,cam08,4.538
subject0078,cam17,cam09,4.874
subject0078,cam17,cam10,4.557
subject0078,cam17,cam16,3.654
subject0080,cam01,cam00,1.292
subject0080,cam02,cam00,3.415
subject0080,cam02,cam01,2.485
subject0080,cam03,cam00,3.466
subject0080,cam03,cam01,2.632
subject0080,cam03,cam02,1.869
subject0080,cam05,cam00,4.289
subject0080,cam05,cam01,4.526
subject0080,cam05,cam02,5.395
subject0080,cam05,cam03,4.633
subject0080,cam07,cam00,2.727
subject0080,cam07,cam01,3.214
subject0080,cam07,cam02,4.457
subject0080,cam07,cam03,4.574
subject0080,cam07,cam05,4.500
subject0080,cam08,cam00,4.761
subject0080,cam08,cam01,5.428
subject0080,cam08,cam02,7.169
subject0080,cam08,cam03,6.937
subject0080,cam08,cam05,7.000
subject0080,cam08,cam07,6.303
subject0080,cam09,cam00,4.740
subject0080,cam09,cam01,5.238
subject0080,cam09,cam02,6.779
subject0080,cam09,cam03,6.503
subject0080,cam09,cam05,6.993
subject0080,cam09,cam07,6.609
subject0080,cam09,cam08,1.721
subject0080,cam10,cam00,5.757
subject0080,cam10,cam01,5.297
subject0080,cam10,cam02,4.903
subject0080,cam10,cam03,6.035
subject0080,cam10,cam05,8.055
subject0080,cam10,cam07,6.149
subject0080,cam10,cam08,8.187
subject0080,cam10,cam09,7.911
subject0080,cam16,cam00,4.558
subject0080,cam16,cam01,4.648
subject0080,cam16,cam02,5.458
subject0080,cam16,cam03,6.013
subject0080,cam16,cam05,6.977
subject0080,cam16,cam07,3.657
subject0080,cam16,cam08,6.475
subject0080,cam16,cam09,7.035
subject0080,cam16,cam10,6.162
subject0080,cam17,cam00,3.910
subject0080,cam17,cam01,3.811
subject0080,cam17,cam02,4.609
subject0080,cam17,cam03,5.142
subject0080,cam17,cam05,6.236
subject0080,cam17,cam07,3.921
subject0080,cam17,cam08,5.694
subject0080,cam17,cam09,6.002
subject0080,cam17,cam10,4.273
subject0080,cam17,cam16,2.917
subject0079,cam01,cam00,1.643
subject0079,cam02,cam00,4.039
subject0079,cam02,cam01,2.992
subject0079,cam03,cam00,3.934
subject0079,cam03,cam01,2.971
subject0079,cam03,cam02,2.174
subject0079,cam06,cam00,3.259
subject0079,cam06,cam01,3.346
subject0079,cam06,cam02,4.368
subject0079,cam06,cam03,3.863
subject0079,cam07,cam00,2.809
subject0079,cam07,cam01,2.912
subject0079,cam07,cam02,4.271
subject0079,cam07,cam03,4.193
subject0079,cam07,cam06,1.589
subject0079,cam08,cam00,6.606
subject0079,cam08,cam01,7.423
subject0079,cam08,cam02,9.634
subject0079,cam08,cam03,9.781
subject0079,cam08,cam06,9.010
subject0079,cam08,cam07,8.134
subject0079,cam09,cam00,5.904
subject0079,cam09,cam01,6.382
subject0079,cam09,cam02,8.331
subject0079,cam09,cam03,8.676
subject0079,cam09,cam06,8.378
subject0079,cam09,cam07,7.446
subject0079,cam09,cam08,2.169
subject0079,cam10,cam00,6.895
subject0079,cam10,cam01,6.034
subject0079,cam10,cam02,4.339
subject0079,cam10,cam03,5.906
subject0079,cam10,cam06,6.990
subject0079,cam10,cam07,6.558
subject0079,cam10,cam08,11.232
subject0079,cam10,cam09,9.637
subject0079,cam16,cam00,5.772
subject0079,cam16,cam01,5.389
subject0079,cam16,cam02,5.878
subject0079,cam16,cam03,6.485
subject0079,cam16,cam06,5.168
subject0079,cam16,cam07,4.230
subject0079,cam16,cam08,9.062
subject0079,cam16,cam09,8.181
subject0079,cam16,cam10,6.437
subject0079,cam17,cam00,10.202
subject0079,cam17,cam01,11.052
subject0079,cam17,cam02,13.284
subject0079,cam17,cam03,13.114
subject0079,cam17,cam06,12.481
subject0079,cam17,cam07,11.891
subject0079,cam17,cam08,4.611
subject0079,cam17,cam09,5.995
subject0079,cam17,cam10,15.044
subject0079,cam17,cam16,13.281
subject0083,cam01,cam00,1.212
subject0083,cam02,cam00,3.910
subject0083,cam02,cam01,2.895
subject0083,cam03,cam00,3.641
subject0083,cam03,cam01,2.999
subject0083,cam03,cam02,2.612
subject0083,cam07,cam00,2.502
subject0083,cam07,cam01,2.848
subject0083,cam07,cam02,4.659
subject0083,cam07,cam03,4.582
subject0083,cam08,cam00,3.358
subject0083,cam08,cam01,3.596
subject0083,cam08,cam02,5.627
subject0083,cam08,cam03,6.201
subject0083,cam08,cam07,4.417
subject0083,cam09,cam00,3.177
subject0083,cam09,cam01,2.976
subject0083,cam09,cam02,4.552
subject0083,cam09,cam03,5.506
subject0083,cam09,cam07,4.017
subject0083,cam09,cam08,1.762
subject0083,cam10,cam00,6.772
subject0083,cam10,cam01,6.000
subject0083,cam10,cam02,4.564
subject0083,cam10,cam03,6.543
subject0083,cam10,cam07,6.608
subject0083,cam10,cam08,7.253
subject0083,cam10,cam09,5.748
subject0083,cam16,cam00,4.730
subject0083,cam16,cam01,4.520
subject0083,cam16,cam02,5.108
subject0083,cam16,cam03,5.914
subject0083,cam16,cam07,3.410
subject0083,cam16,cam08,5.087
subject0083,cam16,cam09,4.398
subject0083,cam16,cam10,5.710
subject0083,cam17,cam00,4.192
subject0083,cam17,cam01,3.820
subject0083,cam17,cam02,4.471
subject0083,cam17,cam03,5.629
subject0083,cam17,cam07,4.117
subject0083,cam17,cam08,3.977
subject0083,cam17,cam09,2.684
subject0083,cam17,cam10,4.488
subject0083,cam17,cam16,3.261
subject0090,cam01,cam00,1.811
subject0090,cam02,cam00,4.481
subject0090,cam02,cam01,3.013
subject0090,cam07,cam00,2.259
subject0090,cam07,cam01,2.579
subject0090,cam07,cam02,4.580
subject0090,cam08,cam00,4.197
subject0090,cam08,cam01,5.039
subject0090,cam08,cam02,7.391
subject0090,cam08,cam07,5.316
subject0090,cam09,cam00,3.225
subject0090,cam09,cam01,3.789
subject0090,cam09,cam02,5.894
subject0090,cam09,cam07,4.482
subject0090,cam09,cam08,1.951
subject0090,cam10,cam00,6.981
subject0090,cam10,cam01,5.973
subject0090,cam10,cam02,4.246
subject0090,cam10,cam07,6.411
subject0090,cam10,cam08,8.979
subject0090,cam10,cam09,7.540
subject0090,cam16,cam00,4.272
subject0090,cam16,cam01,4.115
subject0090,cam16,cam02,5.099
subject0090,cam16,cam07,3.633
subject0090,cam16,cam08,5.136
subject0090,cam16,cam09,4.162
subject0090,cam16,cam10,5.712
subject0090,cam17,cam00,9.433
subject0090,cam17,cam01,10.373
subject0090,cam17,cam02,12.849
subject0090,cam17,cam07,10.679
subject0090,cam17,cam08,6.179
subject0090,cam17,cam09,7.598
subject0090,cam17,cam10,14.673
subject0090,cam17,cam16,10.981
subject0095,cam01,cam00,1.469
subject0095,cam02,cam00,5.130
subject0095,cam02,cam01,4.376
subject0095,cam07,cam00,3.883
subject0095,cam07,cam01,3.998
subject0095,cam07,cam02,4.726
subject0095,cam08,cam00,2.471
subject0095,cam08,cam01,2.575
subject0095,cam08,cam02,4.616
subject0095,cam08,cam07,3.529
subject0095,cam09,cam00,2.591
subject0095,cam09,cam01,2.721
subject0095,cam09,cam02,4.353
subject0095,cam09,cam07,4.130
subject0095,cam09,cam08,1.939
subject0095,cam10,cam00,6.863
subject0095,cam10,cam01,6.503
subject0095,cam10,cam02,4.087
subject0095,cam10,cam07,6.064
subject0095,cam10,cam08,6.100
subject0095,cam10,cam09,5.291
subject0095,cam16,cam00,5.129
subject0095,cam16,cam01,5.335
subject0095,cam16,cam02,6.138
subject0095,cam16,cam07,2.685
subject0095,cam16,cam08,4.202
subject0095,cam16,cam09,4.859
subject0095,cam16,cam10,6.411
subject0095,cam17,cam00,4.285
subject0095,cam17,cam01,4.505
subject0095,cam17,cam02,5.379
subject0095,cam17,cam07,4.307
subject0095,cam17,cam08,4.161
subject0095,cam17,cam09,3.209
subject0095,cam17,cam10,4.847
subject0095,cam17,cam16,4.586
subject0085,cam01,cam00,1.593
subject0085,cam02,cam00,4.567
subject0085,cam02,cam01,3.735
subject0085,cam07,cam00,3.572
subject0085,cam07,cam01,4.768
subject0085,cam07,cam02,7.127
subject0085,cam08,cam00,3.724
subject0085,cam08,cam01,4.314
subject0085,cam08,cam02,5.817
subject0085,cam08,cam07,4.174
subject0085,cam09,cam00,3.856
subject0085,cam09,cam01,4.174
subject0085,cam09,cam02,5.184
subject0085,cam09,cam07,4.858
subject0085,cam09,cam08,1.375
subject0085,cam10,cam00,7.892
subject0085,cam10,cam01,7.900
subject0085,cam10,cam02,7.960
subject0085,cam10,cam07,9.691
subject0085,cam10,cam08,8.512
subject0085,cam10,cam09,8.137
subject0085,cam16,cam00,5.357
subject0085,cam16,cam01,5.781
subject0085,cam16,cam02,6.573
subject0085,cam16,cam07,6.246
subject0085,cam16,cam08,4.864
subject0085,cam16,cam09,5.239
subject0085,cam16,cam10,6.339
subject0085,cam17,cam00,5.662
subject0085,cam17,cam01,6.132
subject0085,cam17,cam02,7.461
subject0085,cam17,cam07,5.383
subject0085,cam17,cam08,4.205
subject0085,cam17,cam09,4.305
subject0085,cam17,cam10,11.853
subject0085,cam17,cam16,8.568
subject0084,cam01,cam00,3.741
subject0084,cam02,cam00,6.951
subject0084,cam02,cam01,4.288
subject0084,cam07,cam00,6.238
subject0084,cam07,cam01,3.726
subject0084,cam07,cam02,3.845
subject0084,cam08,cam00,6.192
subject0084,cam08,cam01,8.048
subject0084,cam08,cam02,10.155
subject0084,cam08,cam07,9.472
subject0084,cam09,cam00,5.962
subject0084,cam09,cam01,6.768
subject0084,cam09,cam02,8.485
subject0084,cam09,cam07,8.040
subject0084,cam09,cam08,2.535
subject0084,cam10,cam00,8.935
subject0084,cam10,cam01,6.445
subject0084,cam10,cam02,3.564
subject0084,cam10,cam07,5.149
subject0084,cam10,cam08,10.896
subject0084,cam10,cam09,8.931
subject0084,cam16,cam00,7.754
subject0084,cam16,cam01,5.561
subject0084,cam16,cam02,5.393
subject0084,cam16,cam07,3.640
subject0084,cam16,cam08,8.753
subject0084,cam16,cam09,7.049
subject0084,cam16,cam10,5.080
subject0084,cam17,cam00,5.915
subject0084,cam17,cam01,6.573
subject0084,cam17,cam02,8.324
subject0084,cam17,cam07,7.631
subject0084,cam17,cam08,2.912
subject0084,cam17,cam09,1.705
subject0084,cam17,cam10,8.701
subject0084,cam17,cam16,6.469
subject0088,cam01,cam00,0.967
subject0088,cam02,cam00,2.831
subject0088,cam02,cam01,2.296
subject0088,cam03,cam00,2.940
subject0088,cam03,cam01,2.391
subject0088,cam03,cam02,1.681
subject0088,cam04,cam00,2.806
subject0088,cam04,cam01,2.727
subject0088,cam04,cam02,3.568
subject0088,cam04,cam03,2.676
subject0088,cam05,cam00,2.673
subject0088,cam05,cam01,2.833
subject0088,cam05,cam02,3.621
subject0088,cam05,cam03,2.971
subject0088,cam05,cam04,1.293
subject0088,cam06,cam00,3.050
subject0088,cam06,cam01,3.239
subject0088,cam06,cam02,3.915
subject0088,cam06,cam03,3.833
subject0088,cam06,cam04,3.084
subject0088,cam06,cam05,2.548
subject0088,cam07,cam00,2.790
subject0088,cam07,cam01,3.032
subject0088,cam07,cam02,3.815
subject0088,cam07,cam03,4.054
subject0088,cam07,cam04,3.964
subject0088,cam07,cam05,3.489
subject0088,cam07,cam06,1.624
subject0088,cam08,cam00,4.366
subject0088,cam08,cam01,4.469
subject0088,cam08,cam02,6.262
subject0088,cam08,cam03,6.302
subject0088,cam08,cam04,6.249
subject0088,cam08,cam05,6.271
subject0088,cam08,cam06,6.466
subject0088,cam08,cam07,5.761
subject0088,cam09,cam00,6.901
subject0088,cam09,cam01,6.962
subject0088,cam09,cam02,8.538
subject0088,cam09,cam03,8.487
subject0088,cam09,cam04,8.567
subject0088,cam09,cam05,8.639
subject0088,cam09,cam06,9.102
subject0088,cam09,cam07,8.431
subject0088,cam09,cam08,3.162
subject0088,cam10,cam00,5.900
subject0088,cam10,cam01,5.494
subject0088,cam10,cam02,4.599
subject0088,cam10,cam03,5.722
subject0088,cam10,cam04,6.752
subject0088,cam10,cam05,6.706
subject0088,cam10,cam06,6.217
subject0088,cam10,cam07,5.786
subject0088,cam10,cam08,8.140
subject0088,cam10,cam09,10.247
subject0088,cam16,cam00,5.467
subject0088,cam16,cam01,5.399
subject0088,cam16,cam02,5.601
subject0088,cam16,cam03,6.189
subject0088,cam16,cam04,6.540
subject0088,cam16,cam05,6.139
subject0088,cam16,cam06,4.717
subject0088,cam16,cam07,3.969
subject0088,cam16,cam08,6.874
subject0088,cam16,cam09,9.745
subject0088,cam16,cam10,5.810
subject0088,cam17,cam00,5.383
subject0088,cam17,cam01,5.537
subject0088,cam17,cam02,7.204
subject0088,cam17,cam03,7.072
subject0088,cam17,cam04,6.743
subject0088,cam17,cam05,6.775
subject0088,cam17,cam06,7.355
subject0088,cam17,cam07,6.891
subject0088,cam17,cam08,2.417
subject0088,cam17,cam09,2.700
subject0088,cam17,cam10,9.159
subject0088,cam17,cam16,8.305
subject0092,cam01,cam00,1.665
subject0092,cam02,cam00,4.748
subject0092,cam02,cam01,3.558
subject0092,cam03,cam00,4.715
subject0092,cam03,cam01,3.867
subject0092,cam03,cam02,1.801
subject0092,cam04,cam00,3.959
subject0092,cam04,cam01,3.898
subject0092,cam04,cam02,4.304
subject0092,cam04,cam03,3.295
subject0092,cam05,cam00,3.421
subject0092,cam05,cam01,3.463
subject0092,cam05,cam02,4.440
subject0092,cam05,cam03,3.795
subject0092,cam05,cam04,1.455
subject0092,cam06,cam00,3.314
subject0092,cam06,cam01,3.647
subject0092,cam06,cam02,4.693
subject0092,cam06,cam03,4.227
subject0092,cam06,cam04,2.697
subject0092,cam06,cam05,2.221
subject0092,cam07,cam00,2.659
subject0092,cam07,cam01,3.412
subject0092,cam07,cam02,5.360
subject0092,cam07,cam03,5.040
subject0092,cam07,cam04,3.797
subject0092,cam07,cam05,3.283
subject0092,cam07,cam06,1.872
subject0092,cam08,cam00,3.506
subject0092,cam08,cam01,4.442
subject0092,cam08,cam02,7.388
subject0092,cam08,cam03,7.613
subject0092,cam08,cam04,7.090
subject0092,cam08,cam05,6.640
subject0092,cam08,cam06,6.169
subject0092,cam08,cam07,4.983
subject0092,cam09,cam00,2.937
subject0092,cam09,cam01,3.515
subject0092,cam09,cam02,6.436
subject0092,cam09,cam03,6.754
subject0092,cam09,cam04,6.448
subject0092,cam09,cam05,6.021
subject0092,cam09,cam06,5.663
subject0092,cam09,cam07,4.626
subject0092,cam09,cam08,1.382
subject0092,cam10,cam00,6.665
subject0092,cam10,cam01,5.450
subject0092,cam10,cam02,4.545
subject0092,cam10,cam03,5.809
subject0092,cam10,cam04,7.213
subject0092,cam10,cam05,6.968
subject0092,cam10,cam06,6.726
subject0092,cam10,cam07,7.071
subject0092,cam10,cam08,8.212
subject0092,cam10,cam09,7.088
subject0092,cam16,cam00,4.785
subject0092,cam16,cam01,4.386
subject0092,cam16,cam02,5.752
subject0092,cam16,cam03,6.381
subject0092,cam16,cam04,6.700
subject0092,cam16,cam05,6.216
subject0092,cam16,cam06,5.416
subject0092,cam16,cam07,4.936
subject0092,cam16,cam08,5.215
subject0092,cam16,cam09,4.724
subject0092,cam16,cam10,5.604
subject0092,cam17,cam00,4.126
subject0092,cam17,cam01,5.145
subject0092,cam17,cam02,7.971
subject0092,cam17,cam03,8.029
subject0092,cam17,cam04,7.326
subject0092,cam17,cam05,7.008
subject0092,cam17,cam06,6.745
subject0092,cam17,cam07,5.680
subject0092,cam17,cam08,1.550
subject0092,cam17,cam09,2.241
subject0092,cam17,cam10,9.057
subject0092,cam17,cam16,6.308
subject0098,cam01,cam00,1.090
subject0098,cam02,cam00,2.979
subject0098,cam02,cam01,2.414
subject0098,cam03,cam00,3.042
subject0098,cam03,cam01,2.286
subject0098,cam03,cam02,1.157
subject0098,cam07,cam00,3.106
subject0098,cam07,cam01,3.443
subject0098,cam07,cam02,4.114
subject0098,cam07,cam03,4.478
subject0098,cam08,cam00,3.282
subject0098,cam08,cam01,3.479
subject0098,cam08,cam02,4.868
subject0098,cam08,cam03,4.988
subject0098,cam08,cam07,4.407
subject0098,cam09,cam00,3.112
subject0098,cam09,cam01,3.014
subject0098,cam09,cam02,4.043
subject0098,cam09,cam03,4.176
subject0098,cam09,cam07,4.459
subject0098,cam09,cam08,1.519
subject0098,cam10,cam00,5.430
subject0098,cam10,cam01,5.189
subject0098,cam10,cam02,4.018
subject0098,cam10,cam03,4.622
subject0098,cam10,cam07,5.785
subject0098,cam10,cam08,5.759
subject0098,cam10,cam09,5.048
subject0098,cam16,cam00,3.419
subject0098,cam16,cam01,3.488
subject0098,cam16,cam02,4.120
subject0098,cam16,cam03,4.452
subject0098,cam16,cam07,1.760
subject0098,cam16,cam08,3.919
subject0098,cam16,cam09,3.928
subject0098,cam16,cam10,5.651
subject0098,cam17,cam00,4.765
subject0098,cam17,cam01,4.939
subject0098,cam17,cam02,6.393
subject0098,cam17,cam03,6.346
subject0098,cam17,cam07,6.395
subject0098,cam17,cam08,2.745
subject0098,cam17,cam09,3.211
subject0098,cam17,cam10,7.445
subject0098,cam17,cam16,5.866
subject0099,cam01,cam00,1.558
subject0099,cam02,cam00,3.644
subject0099,cam02,cam01,2.617
subject0099,cam03,cam00,3.718
subject0099,cam03,cam01,3.080
subject0099,cam03,cam02,2.279
subject0099,cam07,cam00,2.421
subject0099,cam07,cam01,2.744
subject0099,cam07,cam02,4.409
subject0099,cam07,cam03,4.461
subject0099,cam08,cam00,4.812
subject0099,cam08,cam01,5.070
subject0099,cam08,cam02,6.115
subject0099,cam08,cam03,7.113
subject0099,cam08,cam07,5.069
subject0099,cam09,cam00,4.070
subject0099,cam09,cam01,3.949
subject0099,cam09,cam02,4.674
subject0099,cam09,cam03,5.777
subject0099,cam09,cam07,4.512
subject0099,cam09,cam08,2.157
subject0099,cam10,cam00,7.336
subject0099,cam10,cam01,6.492
subject0099,cam10,cam02,5.513
subject0099,cam10,cam03,6.145
subject0099,cam10,cam07,7.176
subject0099,cam10,cam08,7.580
subject0099,cam10,cam09,6.011
subject0099,cam16,cam00,6.283
subject0099,cam16,cam01,5.691
subject0099,cam16,cam02,6.074
subject0099,cam16,cam03,6.557
subject0099,cam16,cam07,4.957
subject0099,cam16,cam08,6.088
subject0099,cam16,cam09,5.550
subject0099,cam16,cam10,6.432
subject0099,cam17,cam00,4.098
subject0099,cam17,cam01,4.042
subject0099,cam17,cam02,4.812
subject0099,cam17,cam03,5.687
subject0099,cam17,cam07,4.190
subject0099,cam17,cam08,2.626
subject0099,cam17,cam09,1.847
subject0099,cam17,cam10,6.062
subject0099,cam17,cam16,4.800
subject0101,cam01,cam00,1.573
subject0101,cam02,cam00,4.869
subject0101,cam02,cam01,5.239
subject0101,cam03,cam00,4.199
subject0101,cam03,cam01,4.727
subject0101,cam03,cam02,1.732
subject0101,cam04,cam00,3.811
subject0101,cam04,cam01,4.919
subject0101,cam04,cam02,4.964
subject0101,cam04,cam03,3.731
subject0101,cam05,cam00,3.168
subject0101,cam05,cam01,4.015
subject0101,cam05,cam02,6.137
subject0101,cam05,cam03,4.991
subject0101,cam05,cam04,2.600
subject0101,cam06,cam00,3.229
subject0101,cam06,cam01,4.398
subject0101,cam06,cam02,5.538
subject0101,cam06,cam03,4.427
subject0101,cam06,cam04,3.099
subject0101,cam06,cam05,3.593
subject0101,cam07,cam00,3.946
subject0101,cam07,cam01,4.961
subject0101,cam07,cam02,5.293
subject0101,cam07,cam03,4.360
subject0101,cam07,cam04,4.014
subject0101,cam07,cam05,4.973
subject0101,cam07,cam06,1.813
subject0101,cam08,cam00,2.984
subject0101,cam08,cam01,2.825
subject0101,cam08,cam02,6.154
subject0101,cam08,cam03,5.999
subject0101,cam08,cam04,6.281
subject0101,cam08,cam05,5.717
subject0101,cam08,cam06,5.005
subject0101,cam08,cam07,5.108
subject0101,cam09,cam00,3.723
subject0101,cam09,cam01,2.921
subject0101,cam09,cam02,6.567
subject0101,cam09,cam03,6.540
subject0101,cam09,cam04,7.003
subject0101,cam09,cam05,6.099
subject0101,cam09,cam06,6.305
subject0101,cam09,cam07,6.562
subject0101,cam09,cam08,2.141
subject0101,cam10,cam00,6.824
subject0101,cam10,cam01,7.164
subject0101,cam10,cam02,3.907
subject0101,cam10,cam03,4.837
subject0101,cam10,cam04,7.266
subject0101,cam10,cam05,8.342
subject0101,cam10,cam06,7.322
subject0101,cam10,cam07,6.677
subject0101,cam10,cam08,6.901
subject0101,cam10,cam09,7.473
subject0101,cam16,cam00,5.166
subject0101,cam16,cam01,5.881
subject0101,cam16,cam02,6.290
subject0101,cam16,cam03,5.855
subject0101,cam16,cam04,6.129
subject0101,cam16,cam05,6.943
subject0101,cam16,cam06,4.024
subject0101,cam16,cam07,2.744
subject0101,cam16,cam08,4.967
subject0101,cam16,cam09,6.743
subject0101,cam16,cam10,6.650
subject0101,cam17,cam00,5.288
subject0101,cam17,cam01,5.489
subject0101,cam17,cam02,5.606
subject0101,cam17,cam03,5.677
subject0101,cam17,cam04,6.694
subject0101,cam17,cam05,7.144
subject0101,cam17,cam06,5.424
subject0101,cam17,cam07,4.615
subject0101,cam17,cam08,4.306
subject0101,cam17,cam09,5.058
subject0101,cam17,cam10,5.385
subject0101,cam17,cam16,4.265
subject0103,cam01,cam00,3.831
subject0103,cam02,cam00,7.397
subject0103,cam02,cam01,4.250
subject0103,cam07,cam00,6.796
subject0103,cam07,cam01,4.026
subject0103,cam07,cam02,4.230
subject0103,cam08,cam00,4.539
subject0103,cam08,cam01,2.921
subject0103,cam08,cam02,4.465
subject0103,cam08,cam07,4.036
subject0103,cam09,cam00,4.362
subject0103,cam09,cam01,3.721
subject0103,cam09,cam02,5.337
subject0103,cam09,cam07,5.787
subject0103,cam09,cam08,2.013
subject0103,cam10,cam00,9.707
subject0103,cam10,cam01,6.992
subject0103,cam10,cam02,3.696
subject0103,cam10,cam07,6.482
subject0103,cam10,cam08,6.029
subject0103,cam10,cam09,6.444
subject0103,cam16,cam00,8.354
subject0103,cam16,cam01,6.073
subject0103,cam16,cam02,5.048
subject0103,cam16,cam07,4.018
subject0103,cam16,cam08,4.298
subject0103,cam16,cam09,5.551
subject0103,cam16,cam10,5.460
subject0103,cam17,cam00,3.867
subject0103,cam17,cam01,3.122
subject0103,cam17,cam02,5.279
subject0103,cam17,cam07,5.372
subject0103,cam17,cam08,2.020
subject0103,cam17,cam09,1.920
subject0103,cam17,cam10,6.780
subject0103,cam17,cam16,5.719
subject0100,cam01,cam00,1.558
subject0100,cam02,cam00,4.922
subject0100,cam02,cam01,4.565
subject0100,cam07,cam00,3.666
subject0100,cam07,cam01,4.603
subject0100,cam07,cam02,5.319
subject0100,cam08,cam00,3.480
subject0100,cam08,cam01,4.151
subject0100,cam08,cam02,5.902
subject0100,cam08,cam07,4.512
subject0100,cam09,cam00,3.653
subject0100,cam09,cam01,4.062
subject0100,cam09,cam02,4.089
subject0100,cam09,cam07,4.067
subject0100,cam09,cam08,2.723
subject0100,cam10,cam00,5.285
subject0100,cam10,cam01,5.301
subject0100,cam10,cam02,3.391
subject0100,cam10,cam07,5.491
subject0100,cam10,cam08,5.784
subject0100,cam10,cam09,3.894
subject0100,cam16,cam00,5.048
subject0100,cam16,cam01,5.633
subject0100,cam16,cam02,5.672
subject0100,cam16,cam07,3.624
subject0100,cam16,cam08,4.835
subject0100,cam16,cam09,4.116
subject0100,cam16,cam10,6.205
subject0100,cam17,cam00,4.285
subject0100,cam17,cam01,4.768
subject0100,cam17,cam02,6.739
subject0100,cam17,cam07,5.579
subject0100,cam17,cam08,2.063
subject0100,cam17,cam09,3.725
subject0100,cam17,cam10,6.669
subject0100,cam17,cam16,5.949
subject0102,cam01,cam00,1.991
subject0102,cam02,cam00,5.840
subject0102,cam02,cam01,4.718
subject0102,cam08,cam00,4.584
subject0102,cam08,cam01,5.171
subject0102,cam08,cam02,6.993
subject0102,cam09,cam00,4.885
subject0102,cam09,cam01,4.878
subject0102,cam09,cam02,5.865
subject0102,cam09,cam08,1.944
subject0102,cam10,cam00,12.560
subject0102,cam10,cam01,12.193
subject0102,cam10,cam02,9.954
subject0102,cam10,cam08,12.466
subject0102,cam10,cam09,11.468
subject0102,cam16,cam00,10.992
subject0102,cam16,cam01,10.725
subject0102,cam16,cam02,9.105
subject0102,cam16,cam08,10.621
subject0102,cam16,cam09,10.048
subject0102,cam16,cam10,5.855
subject0102,cam17,cam00,6.180
subject0102,cam17,cam01,6.219
subject0102,cam17,cam02,5.729
subject0102,cam17,cam08,4.165
subject0102,cam17,cam09,3.524
subject0102,cam17,cam10,8.789
subject0102,cam17,cam16,7.104
subject0104,cam01,cam00,2.018
subject0104,cam02,cam00,4.413
subject0104,cam02,cam01,2.744
subject0104,cam03,cam00,4.229
subject0104,cam03,cam01,2.695
subject0104,cam03,cam02,1.739
subject0104,cam07,cam00,2.850
subject0104,cam07,cam01,3.438
subject0104,cam07,cam02,5.463
subject0104,cam07,cam03,5.375
subject0104,cam08,cam00,3.408
subject0104,cam08,cam01,3.692
subject0104,cam08,cam02,5.414
subject0104,cam08,cam03,5.858
subject0104,cam08,cam07,3.440
subject0104,cam09,cam00,4.084
subject0104,cam09,cam01,3.408
subject0104,cam09,cam02,4.363
subject0104,cam09,cam03,5.073
subject0104,cam09,cam07,3.914
subject0104,cam09,cam08,2.327
subject0104,cam10,cam00,7.762
subject0104,cam10,cam01,6.831
subject0104,cam10,cam02,5.882
subject0104,cam10,cam03,6.994
subject0104,cam10,cam07,7.941
subject0104,cam10,cam08,7.083
subject0104,cam10,cam09,5.602
subject0104,cam16,cam00,5.924
subject0104,cam16,cam01,5.175
subject0104,cam16,cam02,6.017
subject0104,cam16,cam03,6.436
subject0104,cam16,cam07,4.619
subject0104,cam16,cam08,4.299
subject0104,cam16,cam09,3.584
subject0104,cam16,cam10,6.851
subject0104,cam17,cam00,4.217
subject0104,cam17,cam01,4.430
subject0104,cam17,cam02,5.881
subject0104,cam17,cam03,6.385
subject0104,cam17,cam07,4.394
subject0104,cam17,cam08,1.786
subject0104,cam17,cam09,2.951
subject0104,cam17,cam10,7.100
subject0104,cam17,cam16,4.850
subject0108,cam01,cam00,1.411
subject0108,cam02,cam00,3.239
subject0108,cam02,cam01,2.277
subject0108,cam08,cam00,3.007
subject0108,cam08,cam01,2.922
subject0108,cam08,cam02,3.428
subject0108,cam09,cam00,3.763
subject0108,cam09,cam01,3.583
subject0108,cam09,cam02,3.867
subject0108,cam09,cam08,1.526
subject0108,cam10,cam00,5.536
subject0108,cam10,cam01,4.988
subject0108,cam10,cam02,4.094
subject0108,cam10,cam08,3.823
subject0108,cam10,cam09,3.584
subject0108,cam16,cam00,5.312
subject0108,cam16,cam01,5.080
subject0108,cam16,cam02,5.376
subject0108,cam16,cam08,3.425
subject0108,cam16,cam09,3.947
subject0108,cam16,cam10,4.846
subject0108,cam17,cam00,4.405
subject0108,cam17,cam01,4.542
subject0108,cam17,cam02,5.280
subject0108,cam17,cam08,2.853
subject0108,cam17,cam09,2.354
subject0108,cam17,cam10,5.626
subject0108,cam17,cam16,5.231
subject0105,cam01,cam00,2.836
subject0105,cam02,cam00,5.991
subject0105,cam02,cam01,3.663
subject0105,cam08,cam00,3.731
subject0105,cam08,cam01,4.306
subject0105,cam08,cam02,6.929
subject0105,cam09,cam00,3.828
subject0105,cam09,cam01,4.500
subject0105,cam09,cam02,7.142
subject0105,cam09,cam08,1.789
subject0105,cam10,cam00,7.619
subject0105,cam10,cam01,5.613
subject0105,cam10,cam02,3.660
subject0105,cam10,cam08,7.260
subject0105,cam10,cam09,7.525
subject0105,cam16,cam00,7.843
subject0105,cam16,cam01,6.053
subject0105,cam16,cam02,5.754
subject0105,cam16,cam08,7.363
subject0105,cam16,cam09,8.406
subject0105,cam16,cam10,5.939
subject0105,cam17,cam00,3.988
subject0105,cam17,cam01,4.988
subject0105,cam17,cam02,7.700
subject0105,cam17,cam08,1.892
subject0105,cam17,cam09,1.395
subject0105,cam17,cam10,8.044
subject0105,cam17,cam16,8.451
subject0106,cam01,cam00,1.121
subject0106,cam02,cam00,4.287
subject0106,cam02,cam01,3.779
subject0106,cam03,cam00,3.311
subject0106,cam03,cam01,3.015
subject0106,cam03,cam02,2.996
subject0106,cam07,cam00,3.130
subject0106,cam07,cam01,3.448
subject0106,cam07,cam02,4.940
subject0106,cam07,cam03,4.653
subject0106,cam08,cam00,3.141
subject0106,cam08,cam01,3.063
subject0106,cam08,cam02,5.212
subject0106,cam08,cam03,5.330
subject0106,cam08,cam07,3.600
subject0106,cam09,cam00,3.166
subject0106,cam09,cam01,2.922
subject0106,cam09,cam02,5.133
subject0106,cam09,cam03,5.149
subject0106,cam09,cam07,4.078
subject0106,cam09,cam08,1.197
subject0106,cam10,cam00,8.096
subject0106,cam10,cam01,7.796
subject0106,cam10,cam02,5.888
subject0106,cam10,cam03,7.829
subject0106,cam10,cam07,8.037
subject0106,cam10,cam08,7.899
subject0106,cam10,cam09,7.827
subject0106,cam16,cam00,5.226
subject0106,cam16,cam01,5.266
subject0106,cam16,cam02,5.426
subject0106,cam16,cam03,6.074
subject0106,cam16,cam07,3.943
subject0106,cam16,cam08,4.197
subject0106,cam16,cam09,5.076
subject0106,cam16,cam10,7.590
subject0106,cam17,cam00,3.504
subject0106,cam17,cam01,3.598
subject0106,cam17,cam02,5.930
subject0106,cam17,cam03,5.581
subject0106,cam17,cam07,4.408
subject0106,cam17,cam08,1.888
subject0106,cam17,cam09,1.667
subject0106,cam17,cam10,8.573
subject0106,cam17,cam16,5.360
subject0107,cam01,cam00,1.875
subject0107,cam02,cam00,4.576
subject0107,cam02,cam01,3.663
subject0107,cam08,cam00,3.740
subject0107,cam08,cam01,3.698
subject0107,cam08,cam02,5.763
subject0107,cam09,cam00,4.021
subject0107,cam09,cam01,3.332
subject0107,cam09,cam02,4.733
subject0107,cam09,cam08,1.920
subject0107,cam10,cam00,7.455
subject0107,cam10,cam01,6.772
subject0107,cam10,cam02,4.484
subject0107,cam10,cam08,7.640
subject0107,cam10,cam09,6.504
subject0107,cam16,cam00,6.340
subject0107,cam16,cam01,5.916
subject0107,cam16,cam02,5.826
subject0107,cam16,cam08,5.828
subject0107,cam16,cam09,5.549
subject0107,cam16,cam10,5.720
subject0107,cam17,cam00,5.306
subject0107,cam17,cam01,4.961
subject0107,cam17,cam02,6.639
subject0107,cam17,cam08,2.111
subject0107,cam17,cam09,2.395
subject0107,cam17,cam10,7.909
subject0107,cam17,cam16,6.111
subject0109,cam01,cam00,1.510
subject0109,cam02,cam00,4.318
subject0109,cam02,cam01,3.212
subject0109,cam03,cam00,4.157
subject0109,cam03,cam01,3.072
subject0109,cam03,cam02,1.923
subject0109,cam07,cam00,3.978
subject0109,cam07,cam01,3.928
subject0109,cam07,cam02,4.533
subject0109,cam07,cam03,5.027
subject0109,cam08,cam00,4.349
subject0109,cam08,cam01,4.733
subject0109,cam08,cam02,6.451
subject0109,cam08,cam03,7.020
subject0109,cam08,cam07,5.526
subject0109,cam09,cam00,3.882
subject0109,cam09,cam01,3.406
subject0109,cam09,cam02,3.749
subject0109,cam09,cam03,4.837
subject0109,cam09,cam07,3.972
subject0109,cam09,cam08,3.486
subject0109,cam10,cam00,7.070
subject0109,cam10,cam01,6.473
subject0109,cam10,cam02,4.644
subject0109,cam10,cam03,6.046
subject0109,cam10,cam07,6.093
subject0109,cam10,cam08,7.925
subject0109,cam10,cam09,4.861
subject0109,cam16,cam00,6.260
subject0109,cam16,cam01,5.844
subject0109,cam16,cam02,5.621
subject0109,cam16,cam03,6.632
subject0109,cam16,cam07,3.599
subject0109,cam16,cam08,6.315
subject0109,cam16,cam09,4.538
subject0109,cam16,cam10,6.204
subject0109,cam17,cam00,4.334
subject0109,cam17,cam01,4.059
subject0109,cam17,cam02,4.377
subject0109,cam17,cam03,5.345
subject0109,cam17,cam07,3.839
subject0109,cam17,cam08,3.485
subject0109,cam17,cam09,1.547
subject0109,cam17,cam10,5.240
subject0109,cam17,cam16,4.095
subject0111,cam01,cam00,3.163
subject0111,cam02,cam00,7.533
subject0111,cam02,cam01,4.857
subject0111,cam03,cam00,6.495
subject0111,cam03,cam01,3.725
subject0111,cam03,cam02,1.995
subject0111,cam06,cam00,6.670
subject0111,cam06,cam01,4.301
subject0111,cam06,cam02,3.728
subject0111,cam06,cam03,3.475
subject0111,cam07,cam00,6.119
subject0111,cam07,cam01,4.158
subject0111,cam07,cam02,3.844
subject0111,cam07,cam03,3.789
subject0111,cam07,cam06,1.634
subject0111,cam08,cam00,3.273
subject0111,cam08,cam01,4.535
subject0111,cam08,cam02,7.435
subject0111,cam08,cam03,6.752
subject0111,cam08,cam06,6.794
subject0111,cam08,cam07,5.887
subject0111,cam09,cam00,5.222
subject0111,cam09,cam01,3.972
subject0111,cam09,cam02,4.433
subject0111,cam09,cam03,4.156
subject0111,cam09,cam06,4.388
subject0111,cam09,cam07,3.503
subject0111,cam09,cam08,3.915
subject0111,cam10,cam00,10.166
subject0111,cam10,cam01,8.101
subject0111,cam10,cam02,4.607
subject0111,cam10,cam03,5.817
subject0111,cam10,cam06,6.565
subject0111,cam10,cam07,6.131
subject0111,cam10,cam08,9.128
subject0111,cam10,cam09,5.841
subject0111,cam16,cam00,8.062
subject0111,cam16,cam01,6.254
subject0111,cam16,cam02,4.783
subject0111,cam16,cam03,5.246
subject0111,cam16,cam06,3.797
subject0111,cam16,cam07,3.118
subject0111,cam16,cam08,7.037
subject0111,cam16,cam09,4.427
subject0111,cam16,cam10,5.470
subject0111,cam17,cam00,7.512
subject0111,cam17,cam01,5.592
subject0111,cam17,cam02,4.123
subject0111,cam17,cam03,4.270
subject0111,cam17,cam06,4.051
subject0111,cam17,cam07,3.785
subject0111,cam17,cam08,6.254
subject0111,cam17,cam09,3.329
subject0111,cam17,cam10,5.620
subject0111,cam17,cam16,4.255
