subject,arm,cam,n_train,n_kept,train_rms_px,test_rms_med_px,iod_mm
subject0003,T,cam00,60,60,4.671,5.989,90.715
subject0003,Tk,cam00,30,30,3.402,5.846,90.522
subject0003,S,cam00,60,30,2.786,5.711,90.397
subject0003,GEN,cam00,0,0,nan,15.219,nan
subject0003,T,cam01,60,60,4.607,6.164,90.842
subject0003,Tk,cam01,30,30,3.690,6.341,90.877
subject0003,S,cam01,60,30,3.011,6.428,90.916
subject0003,GEN,cam01,0,0,nan,14.276,nan
subject0003,T,cam02,60,60,4.709,6.513,89.957
subject0003,Tk,cam02,30,30,3.298,6.560,89.578
subject0003,S,cam02,60,30,2.960,6.651,90.246
subject0003,GEN,cam02,0,0,nan,19.678,nan
subject0003,T,cam08,60,60,5.751,6.452,90.422
subject0003,Tk,cam08,30,30,4.109,6.492,90.451
subject0003,S,cam08,60,30,3.617,6.443,90.296
subject0003,GEN,cam08,0,0,nan,16.969,nan
subject0003,T,cam09,60,60,5.287,6.522,90.563
subject0003,Tk,cam09,30,30,3.627,6.386,90.571
subject0003,S,cam09,60,30,3.182,6.455,90.580
subject0003,GEN,cam09,0,0,nan,16.676,nan
subject0003,T,cam10,60,60,7.280,9.046,89.567
subject0003,Tk,cam10,30,30,4.975,9.478,89.673
subject0003,S,cam10,60,30,5.494,9.995,90.237
subject0003,GEN,cam10,0,0,nan,26.764,nan
subject0003,T,cam16,60,60,6.804,8.503,90.308
subject0003,Tk,cam16,30,30,5.233,8.797,90.283
subject0003,S,cam16,60,30,4.505,8.737,91.241
subject0003,GEN,cam16,0,0,nan,26.131,nan
subject0003,T,cam17,60,60,6.086,6.007,90.464
subject0003,Tk,cam17,30,30,4.257,5.919,90.452
subject0003,S,cam17,60,30,3.512,5.990,90.046
subject0003,GEN,cam17,0,0,nan,18.154,nan
subject0003,S240,cam09,87,43,3.529,6.767,90.514
subject0003,F,cam00,480,0,nan,18.388,90.487
subject0003,F,cam01,480,0,nan,18.411,90.487
subject0003,F,cam02,480,0,nan,32.494,90.487
subject0003,F,cam08,480,0,nan,12.444,90.487
subject0003,F,cam09,480,0,nan,11.641,90.487
subject0003,F,cam10,480,0,nan,32.164,90.487
subject0003,F,cam16,480,0,nan,28.681,90.487
subject0003,F,cam17,480,0,nan,18.333,90.487
subject0003,M,cam00,480,240,7.175,11.679,90.460
subject0003,M,cam01,480,240,7.175,10.679,90.460
subject0003,M,cam02,480,240,7.175,17.162,90.460
subject0003,M,cam08,480,240,7.175,10.620,90.460
subject0003,M,cam09,480,240,7.175,10.038,90.460
subject0003,M,cam10,480,240,7.175,18.095,90.460
subject0003,M,cam16,480,240,7.175,15.511,90.460
subject0003,M,cam17,480,240,7.175,12.911,90.460
subject0003,S_cross,cam00,0,0,nan,35.219,nan
subject0003,S_cross,cam01,0,0,nan,28.961,nan
subject0003,S_cross,cam02,0,0,nan,42.589,nan
subject0003,S_cross,cam08,0,0,nan,16.136,nan
subject0003,S_cross,cam10,0,0,nan,29.561,nan
subject0003,S_cross,cam16,0,0,nan,36.022,nan
subject0003,S_cross,cam17,0,0,nan,13.205,nan
subject0009,T,cam00,60,60,6.031,6.687,89.853
subject0009,Tk,cam00,30,30,4.271,5.444,89.708
subject0009,S,cam00,60,30,2.838,5.381,89.619
subject0009,GEN,cam00,0,0,nan,26.265,nan
subject0009,T,cam01,60,60,5.257,6.875,89.591
subject0009,Tk,cam01,30,30,3.960,7.111,89.558
subject0009,S,cam01,60,30,2.673,6.641,89.768
subject0009,GEN,cam01,0,0,nan,27.922,nan
subject0009,T,cam02,60,60,4.476,6.184,88.135
subject0009,Tk,cam02,30,30,3.452,5.506,89.339
subject0009,S,cam02,60,30,2.627,5.721,90.161
subject0009,GEN,cam02,0,0,nan,34.415,nan
subject0009,T,cam03,60,60,4.077,5.333,88.045
subject0009,Tk,cam03,30,30,3.276,5.151,89.134
subject0009,S,cam03,60,30,2.724,5.090,89.478
subject0009,GEN,cam03,0,0,nan,32.564,nan
subject0009,T,cam07,60,60,5.671,6.833,89.371
subject0009,Tk,cam07,30,30,4.370,6.428,89.744
subject0009,S,cam07,60,30,3.334,6.180,90.636
subject0009,GEN,cam07,0,0,nan,27.856,nan
subject0009,T,cam08,59,59,6.523,6.663,89.035
subject0009,Tk,cam08,29,29,5.102,6.478,89.174
subject0009,S,cam08,59,29,4.227,6.161,88.997
subject0009,GEN,cam08,0,0,nan,34.211,nan
subject0009,T,cam09,60,60,7.367,7.978,88.647
subject0009,Tk,cam09,30,30,5.397,7.901,88.547
subject0009,S,cam09,60,30,4.341,7.928,88.506
subject0009,GEN,cam09,0,0,nan,37.467,nan
subject0009,T,cam10,59,59,6.605,9.196,88.798
subject0009,Tk,cam10,29,29,3.847,8.995,89.191
subject0009,S,cam10,59,29,3.616,9.025,88.805
subject0009,GEN,cam10,0,0,nan,46.813,nan
subject0009,T,cam16,59,59,5.339,7.549,89.413
subject0009,Tk,cam16,29,29,4.480,7.743,89.582
subject0009,S,cam16,59,29,3.786,7.464,90.781
subject0009,GEN,cam16,0,0,nan,33.336,nan
subject0009,T,cam17,59,59,6.778,7.207,88.906
subject0009,Tk,cam17,29,29,4.787,6.926,88.866
subject0009,S,cam17,59,29,3.988,6.836,88.963
subject0009,GEN,cam17,0,0,nan,34.875,nan
subject0009,S240,cam09,86,43,4.883,6.460,88.492
subject0009,F,cam00,596,0,nan,14.119,89.528
subject0009,F,cam01,596,0,nan,16.271,89.528
subject0009,F,cam02,596,0,nan,31.003,89.528
subject0009,F,cam03,596,0,nan,33.652,89.528
subject0009,F,cam07,596,0,nan,26.298,89.528
subject0009,F,cam08,596,0,nan,17.216,89.528
subject0009,F,cam09,596,0,nan,21.435,89.528
subject0009,F,cam10,596,0,nan,42.492,89.528
subject0009,F,cam16,596,0,nan,28.448,89.528
subject0009,F,cam17,596,0,nan,23.306,89.528
subject0009,M,cam00,596,298,9.841,12.092,89.128
subject0009,M,cam01,596,298,9.841,12.106,89.128
subject0009,M,cam02,596,298,9.841,14.401,89.128
subject0009,M,cam03,596,298,9.841,16.567,89.128
subject0009,M,cam07,596,298,9.841,20.896,89.128
subject0009,M,cam08,596,298,9.841,17.056,89.128
subject0009,M,cam09,596,298,9.841,22.052,89.128
subject0009,M,cam10,596,298,9.841,29.497,89.128
subject0009,M,cam16,596,298,9.841,21.223,89.128
subject0009,M,cam17,596,298,9.841,25.541,89.128
subject0009,S_cross,cam00,0,0,nan,34.066,nan
subject0009,S_cross,cam01,0,0,nan,32.179,nan
subject0009,S_cross,cam02,0,0,nan,39.836,nan
subject0009,S_cross,cam03,0,0,nan,45.951,nan
subject0009,S_cross,cam07,0,0,nan,44.355,nan
subject0009,S_cross,cam08,0,0,nan,19.718,nan
subject0009,S_cross,cam10,0,0,nan,35.356,nan
subject0009,S_cross,cam16,0,0,nan,35.987,nan
subject0009,S_cross,cam17,0,0,nan,17.674,nan
subject0004,T,cam00,60,60,5.135,6.947,89.792
subject0004,Tk,cam00,30,30,4.378,6.188,89.816
subject0004,S,cam00,60,30,3.762,6.138,89.706
subject0004,GEN,cam00,0,0,nan,23.570,nan
subject0004,T,cam01,60,60,5.288,6.911,89.851
subject0004,Tk,cam01,30,30,4.085,6.412,89.830
subject0004,S,cam01,60,30,3.345,6.445,89.892
subject0004,GEN,cam01,0,0,nan,21.727,nan
subject0004,T,cam02,60,60,5.320,6.594,90.081
subject0004,Tk,cam02,30,30,3.810,7.001,89.645
subject0004,S,cam02,60,30,3.258,6.963,89.987
subject0004,GEN,cam02,0,0,nan,29.077,nan
subject0004,T,cam07,60,60,4.914,6.967,89.446
subject0004,Tk,cam07,30,30,3.931,7.051,88.970
subject0004,S,cam07,60,30,3.525,6.981,89.098
subject0004,GEN,cam07,0,0,nan,26.816,nan
subject0004,T,cam08,60,60,6.798,8.182,89.091
subject0004,Tk,cam08,30,30,4.859,8.529,88.993
subject0004,S,cam08,60,30,4.205,8.595,89.082
subject0004,GEN,cam08,0,0,nan,32.261,nan
subject0004,T,cam09,60,60,6.873,8.763,89.037
subject0004,Tk,cam09,30,30,5.236,8.475,89.046
subject0004,S,cam09,60,30,3.995,8.565,89.139
subject0004,GEN,cam09,0,0,nan,29.901,nan
subject0004,T,cam10,60,60,6.220,8.378,89.291
subject0004,Tk,cam10,30,30,4.696,8.585,89.010
subject0004,S,cam10,60,30,3.932,8.613,89.000
subject0004,GEN,cam10,0,0,nan,39.246,nan
subject0004,T,cam16,60,60,4.476,6.587,89.451
subject0004,Tk,cam16,30,30,3.391,7.062,89.677
subject0004,S,cam16,60,30,2.956,7.037,90.465
subject0004,GEN,cam16,0,0,nan,34.029,nan
subject0004,T,cam17,60,60,6.936,8.975,89.021
subject0004,Tk,cam17,30,30,5.759,9.069,89.019
subject0004,S,cam17,60,30,5.206,9.179,89.095
subject0004,GEN,cam17,0,0,nan,30.525,nan
subject0004,S240,cam17,90,45,6.036,9.428,88.785
subject0004,F,cam00,540,0,nan,17.388,89.333
subject0004,F,cam01,540,0,nan,19.381,89.333
subject0004,F,cam02,540,0,nan,28.297,89.333
subject0004,F,cam07,540,0,nan,30.700,89.333
subject0004,F,cam08,540,0,nan,13.179,89.333
subject0004,F,cam09,540,0,nan,14.125,89.333
subject0004,F,cam10,540,0,nan,31.338,89.333
subject0004,F,cam16,540,0,nan,25.470,89.333
subject0004,F,cam17,540,0,nan,17.969,89.333
subject0004,M,cam00,540,270,9.213,15.954,89.189
subject0004,M,cam01,540,270,9.213,15.832,89.189
subject0004,M,cam02,540,270,9.213,18.152,89.189
subject0004,M,cam07,540,270,9.213,21.374,89.189
subject0004,M,cam08,540,270,9.213,9.135,89.189
subject0004,M,cam09,540,270,9.213,11.155,89.189
subject0004,M,cam10,540,270,9.213,25.927,89.189
subject0004,M,cam16,540,270,9.213,15.523,89.189
subject0004,M,cam17,540,270,9.213,14.167,89.189
subject0004,S_cross,cam00,0,0,nan,38.596,nan
subject0004,S_cross,cam01,0,0,nan,41.838,nan
subject0004,S_cross,cam02,0,0,nan,43.787,nan
subject0004,S_cross,cam07,0,0,nan,44.708,nan
subject0004,S_cross,cam08,0,0,nan,15.478,nan
subject0004,S_cross,cam09,0,0,nan,15.394,nan
subject0004,S_cross,cam10,0,0,nan,37.823,nan
subject0004,S_cross,cam16,0,0,nan,30.022,nan
subject0010,T,cam00,60,60,7.126,7.111,89.961
subject0010,Tk,cam00,30,30,5.657,7.158,89.989
subject0010,S,cam00,60,30,4.332,7.088,90.040
subject0010,GEN,cam00,0,0,nan,23.734,nan
subject0010,T,cam01,60,60,6.902,7.665,90.059
subject0010,Tk,cam01,30,30,5.571,7.402,90.048
subject0010,S,cam01,60,30,4.355,7.340,90.185
subject0010,GEN,cam01,0,0,nan,25.308,nan
subject0010,T,cam02,60,60,6.739,7.876,88.656
subject0010,Tk,cam02,30,30,5.285,7.818,89.153
subject0010,S,cam02,60,30,4.567,7.816,89.031
subject0010,GEN,cam02,0,0,nan,32.370,nan
subject0010,T,cam07,60,60,5.700,6.476,88.662
subject0010,Tk,cam07,30,30,4.897,6.357,89.103
subject0010,S,cam07,60,30,3.942,6.215,89.163
subject0010,GEN,cam07,0,0,nan,28.288,nan
subject0010,T,cam08,60,60,6.593,6.465,89.942
subject0010,Tk,cam08,30,30,5.743,6.469,89.856
subject0010,S,cam08,60,30,4.254,6.513,89.342
subject0010,GEN,cam08,0,0,nan,23.124,nan
subject0010,T,cam09,60,60,6.335,6.634,89.985
subject0010,Tk,cam09,30,30,5.510,6.268,89.988
subject0010,S,cam09,60,30,4.277,6.317,89.942
subject0010,GEN,cam09,0,0,nan,22.880,nan
subject0010,T,cam10,60,60,11.451,12.880,88.264
subject0010,Tk,cam10,30,30,8.955,11.858,88.195
subject0010,S,cam10,60,30,6.435,11.078,88.176
subject0010,GEN,cam10,0,0,nan,41.796,nan
subject0010,T,cam16,60,60,6.600,7.362,89.396
subject0010,Tk,cam16,30,30,5.037,7.093,89.454
subject0010,S,cam16,60,30,4.244,6.883,89.123
subject0010,GEN,cam16,0,0,nan,31.616,nan
subject0010,T,cam17,60,60,5.572,5.804,89.832
subject0010,Tk,cam17,30,30,4.774,5.366,89.773
subject0010,S,cam17,60,30,3.460,5.481,89.627
subject0010,GEN,cam17,0,0,nan,24.934,nan
subject0010,S240,cam10,98,49,7.110,10.849,88.079
subject0010,F,cam00,540,0,nan,24.744,89.723
subject0010,F,cam01,540,0,nan,30.104,89.723
subject0010,F,cam02,540,0,nan,54.264,89.723
subject0010,F,cam07,540,0,nan,44.662,89.723
subject0010,F,cam08,540,0,nan,18.231,89.723
subject0010,F,cam09,540,0,nan,20.094,89.723
subject0010,F,cam10,540,0,nan,51.650,89.723
subject0010,F,cam16,540,0,nan,38.395,89.723
subject0010,F,cam17,540,0,nan,24.235,89.723
subject0010,M,cam00,540,270,10.148,11.769,89.816
subject0010,M,cam01,540,270,10.148,12.117,89.816
subject0010,M,cam02,540,270,10.148,23.684,89.816
subject0010,M,cam07,540,270,10.148,21.346,89.816
subject0010,M,cam08,540,270,10.148,20.565,89.816
subject0010,M,cam09,540,270,10.148,22.332,89.816
subject0010,M,cam10,540,270,10.148,38.946,89.816
subject0010,M,cam16,540,270,10.148,27.926,89.816
subject0010,M,cam17,540,270,10.148,30.155,89.816
subject0010,S_cross,cam00,0,0,nan,58.623,nan
subject0010,S_cross,cam01,0,0,nan,48.823,nan
subject0010,S_cross,cam02,0,0,nan,34.075,nan
subject0010,S_cross,cam07,0,0,nan,68.874,nan
subject0010,S_cross,cam08,0,0,nan,46.887,nan
subject0010,S_cross,cam09,0,0,nan,34.772,nan
subject0010,S_cross,cam16,0,0,nan,58.409,nan
subject0010,S_cross,cam17,0,0,nan,36.986,nan
subject0008,T,cam00,60,60,5.121,5.647,89.637
subject0008,Tk,cam00,30,30,3.708,5.015,89.598
subject0008,S,cam00,60,30,2.665,4.592,89.520
subject0008,GEN,cam00,0,0,nan,27.620,nan
subject0008,T,cam01,60,60,5.507,6.583,89.903
subject0008,Tk,cam01,30,30,3.892,6.038,90.127
subject0008,S,cam01,60,30,2.889,5.889,89.846
subject0008,GEN,cam01,0,0,nan,28.583,nan
subject0008,T,cam02,60,60,4.538,5.364,88.553
subject0008,Tk,cam02,30,30,3.088,4.902,89.280
subject0008,S,cam02,60,30,2.636,4.790,89.109
subject0008,GEN,cam02,0,0,nan,30.460,nan
subject0008,T,cam08,60,60,6.431,6.719,90.415
subject0008,Tk,cam08,30,30,5.174,5.638,90.442
subject0008,S,cam08,60,30,3.586,5.408,90.453
subject0008,GEN,cam08,0,0,nan,27.881,nan
subject0008,T,cam09,60,60,7.814,8.367,90.654
subject0008,Tk,cam09,30,30,5.754,6.926,90.810
subject0008,S,cam09,60,30,3.725,6.898,91.051
subject0008,GEN,cam09,0,0,nan,26.945,nan
subject0008,T,cam10,60,60,6.831,7.120,89.032
subject0008,Tk,cam10,30,30,5.355,7.114,89.140
subject0008,S,cam10,60,30,3.760,7.315,88.933
subject0008,GEN,cam10,0,0,nan,32.192,nan
subject0008,T,cam16,60,60,5.744,6.628,89.844
subject0008,Tk,cam16,30,30,3.868,6.360,90.294
subject0008,S,cam16,60,30,3.162,6.223,90.135
subject0008,GEN,cam16,0,0,nan,26.762,nan
subject0008,T,cam17,60,60,9.288,11.861,90.032
subject0008,Tk,cam17,30,30,7.159,7.750,90.326
subject0008,S,cam17,60,30,3.896,6.576,89.808
subject0008,GEN,cam17,0,0,nan,25.145,nan
subject0008,S240,cam10,109,54,3.638,7.343,88.888
subject0008,F,cam00,480,0,nan,16.121,89.952
subject0008,F,cam01,480,0,nan,21.445,89.952
subject0008,F,cam02,480,0,nan,41.873,89.952
subject0008,F,cam08,480,0,nan,13.802,89.952
subject0008,F,cam09,480,0,nan,14.055,89.952
subject0008,F,cam10,480,0,nan,38.737,89.952
subject0008,F,cam16,480,0,nan,32.583,89.952
subject0008,F,cam17,480,0,nan,17.720,89.952
subject0008,M,cam00,480,240,6.991,8.090,90.314
subject0008,M,cam01,480,240,6.991,9.119,90.314
subject0008,M,cam02,480,240,6.991,24.514,90.314
subject0008,M,cam08,480,240,6.991,11.046,90.314
subject0008,M,cam09,480,240,6.991,11.923,90.314
subject0008,M,cam10,480,240,6.991,31.155,90.314
subject0008,M,cam16,480,240,6.991,26.178,90.314
subject0008,M,cam17,480,240,6.991,17.743,90.314
subject0008,S_cross,cam00,0,0,nan,53.717,nan
subject0008,S_cross,cam01,0,0,nan,42.808,nan
subject0008,S_cross,cam02,0,0,nan,29.987,nan
subject0008,S_cross,cam08,0,0,nan,47.365,nan
subject0008,S_cross,cam09,0,0,nan,34.235,nan
subject0008,S_cross,cam16,0,0,nan,54.259,nan
subject0008,S_cross,cam17,0,0,nan,39.637,nan
subject0006,T,cam00,60,60,3.521,4.223,90.079
subject0006,Tk,cam00,30,30,2.672,4.654,90.020
subject0006,S,cam00,60,30,2.268,4.603,89.949
subject0006,GEN,cam00,0,0,nan,23.144,nan
subject0006,T,cam01,60,60,4.020,5.002,89.944
subject0006,Tk,cam01,30,30,3.215,4.844,89.975
subject0006,S,cam01,60,30,2.840,4.888,89.954
subject0006,GEN,cam01,0,0,nan,24.817,nan
subject0006,T,cam02,60,60,4.237,5.765,88.971
subject0006,Tk,cam02,30,30,3.166,5.733,88.629
subject0006,S,cam02,60,30,2.739,5.739,89.282
subject0006,GEN,cam02,0,0,nan,31.987,nan
subject0006,T,cam03,60,60,3.608,4.847,89.138
subject0006,Tk,cam03,30,30,2.723,4.718,88.960
subject0006,S,cam03,60,30,2.549,4.668,88.145
subject0006,GEN,cam03,0,0,nan,29.852,nan
subject0006,T,cam07,60,60,3.601,4.708,88.571
subject0006,Tk,cam07,30,30,2.634,4.766,87.585
subject0006,S,cam07,60,30,2.321,4.731,88.360
subject0006,GEN,cam07,0,0,nan,25.645,nan
subject0006,T,cam08,60,60,4.421,5.383,89.985
subject0006,Tk,cam08,30,30,3.531,5.212,90.113
subject0006,S,cam08,60,30,2.956,5.306,89.998
subject0006,GEN,cam08,0,0,nan,24.186,nan
subject0006,T,cam09,60,60,4.793,5.688,89.827
subject0006,Tk,cam09,30,30,3.742,5.402,89.905
subject0006,S,cam09,60,30,2.628,5.433,89.953
subject0006,GEN,cam09,0,0,nan,23.001,nan
subject0006,T,cam10,60,60,7.038,8.448,87.502
subject0006,Tk,cam10,30,30,5.867,8.570,88.117
subject0006,S,cam10,60,30,5.005,8.575,88.044
subject0006,GEN,cam10,0,0,nan,38.727,nan
subject0006,T,cam16,60,60,4.804,7.221,89.621
subject0006,Tk,cam16,30,30,4.039,7.053,89.707
subject0006,S,cam16,60,30,3.195,7.242,90.323
subject0006,GEN,cam16,0,0,nan,30.476,nan
subject0006,T,cam17,60,60,3.975,4.854,89.779
subject0006,Tk,cam17,30,30,3.082,4.950,89.833
subject0006,S,cam17,60,30,2.494,4.961,89.633
subject0006,GEN,cam17,0,0,nan,23.955,nan
subject0006,S240,cam09,117,58,3.674,5.779,89.935
subject0006,F,cam00,600,0,nan,16.109,89.875
subject0006,F,cam01,600,0,nan,17.865,89.875
subject0006,F,cam02,600,0,nan,34.050,89.875
subject0006,F,cam03,600,0,nan,37.178,89.875
subject0006,F,cam07,600,0,nan,31.027,89.875
subject0006,F,cam08,600,0,nan,12.279,89.875
subject0006,F,cam09,600,0,nan,16.775,89.875
subject0006,F,cam10,600,0,nan,39.698,89.875
subject0006,F,cam16,600,0,nan,27.327,89.875
subject0006,F,cam17,600,0,nan,18.807,89.875
subject0006,M,cam00,600,300,9.009,9.543,89.786
subject0006,M,cam01,600,300,9.009,10.076,89.786
subject0006,M,cam02,600,300,9.009,13.072,89.786
subject0006,M,cam03,600,300,9.009,15.892,89.786
subject0006,M,cam07,600,300,9.009,19.872,89.786
subject0006,M,cam08,600,300,9.009,10.652,89.786
subject0006,M,cam09,600,300,9.009,16.877,89.786
subject0006,M,cam10,600,300,9.009,26.631,89.786
subject0006,M,cam16,600,300,9.009,17.244,89.786
subject0006,M,cam17,600,300,9.009,22.930,89.786
subject0006,S_cross,cam00,0,0,nan,32.000,nan
subject0006,S_cross,cam01,0,0,nan,32.267,nan
subject0006,S_cross,cam02,0,0,nan,47.028,nan
subject0006,S_cross,cam03,0,0,nan,53.382,nan
subject0006,S_cross,cam07,0,0,nan,45.058,nan
subject0006,S_cross,cam08,0,0,nan,16.488,nan
subject0006,S_cross,cam10,0,0,nan,31.506,nan
subject0006,S_cross,cam16,0,0,nan,32.323,nan
subject0006,S_cross,cam17,0,0,nan,15.375,nan
subject0000,T,cam00,60,60,3.470,4.592,90.342
subject0000,Tk,cam00,30,30,2.786,4.085,90.269
subject0000,S,cam00,60,30,2.140,4.083,90.223
subject0000,GEN,cam00,0,0,nan,26.700,nan
subject0000,T,cam01,60,60,4.725,5.441,90.112
subject0000,Tk,cam01,30,30,3.623,4.527,90.236
subject0000,S,cam01,60,30,2.250,4.556,90.357
subject0000,GEN,cam01,0,0,nan,26.074,nan
subject0000,T,cam02,60,60,4.633,5.713,89.282
subject0000,Tk,cam02,30,30,3.175,5.109,90.047
subject0000,S,cam02,60,30,2.692,5.435,90.002
subject0000,GEN,cam02,0,0,nan,23.364,nan
subject0000,T,cam08,60,60,5.060,6.329,90.517
subject0000,Tk,cam08,30,30,4.196,5.072,90.519
subject0000,S,cam08,60,30,2.953,4.962,90.362
subject0000,GEN,cam08,0,0,nan,26.349,nan
subject0000,T,cam09,60,60,5.508,6.499,90.872
subject0000,Tk,cam09,30,30,4.212,5.317,90.898
subject0000,S,cam09,60,30,2.959,5.267,90.794
subject0000,GEN,cam09,0,0,nan,23.246,nan
subject0000,T,cam10,60,60,5.858,7.397,89.763
subject0000,Tk,cam10,30,30,4.719,6.701,89.896
subject0000,S,cam10,60,30,4.043,6.846,89.875
subject0000,GEN,cam10,0,0,nan,28.416,nan
subject0000,T,cam16,60,60,4.752,6.053,90.033
subject0000,Tk,cam16,30,30,3.367,4.909,90.514
subject0000,S,cam16,60,30,2.542,4.847,90.573
subject0000,GEN,cam16,0,0,nan,27.145,nan
subject0000,T,cam17,60,60,5.542,6.687,90.399
subject0000,Tk,cam17,30,30,3.885,4.314,90.483
subject0000,S,cam17,60,30,2.143,4.185,90.250
subject0000,GEN,cam17,0,0,nan,27.726,nan
subject0000,S240,cam10,118,59,3.262,6.212,90.054
subject0000,F,cam00,480,0,nan,22.294,90.427
subject0000,F,cam01,480,0,nan,23.450,90.427
subject0000,F,cam02,480,0,nan,36.949,90.427
subject0000,F,cam08,480,0,nan,15.833,90.427
subject0000,F,cam09,480,0,nan,16.618,90.427
subject0000,F,cam10,480,0,nan,36.900,90.427
subject0000,F,cam16,480,0,nan,29.457,90.427
subject0000,F,cam17,480,0,nan,21.329,90.427
subject0000,M,cam00,480,240,6.408,7.760,90.586
subject0000,M,cam01,480,240,6.408,8.525,90.586
subject0000,M,cam02,480,240,6.408,19.488,90.586
subject0000,M,cam08,480,240,6.408,11.740,90.586
subject0000,M,cam09,480,240,6.408,12.247,90.586
subject0000,M,cam10,480,240,6.408,29.726,90.586
subject0000,M,cam16,480,240,6.408,21.210,90.586
subject0000,M,cam17,480,240,6.408,21.896,90.586
subject0000,S_cross,cam00,0,0,nan,51.676,nan
subject0000,S_cross,cam01,0,0,nan,42.609,nan
subject0000,S_cross,cam02,0,0,nan,31.909,nan
subject0000,S_cross,cam08,0,0,nan,42.150,nan
subject0000,S_cross,cam09,0,0,nan,30.250,nan
subject0000,S_cross,cam16,0,0,nan,54.090,nan
subject0000,S_cross,cam17,0,0,nan,38.434,nan
subject0005,T,cam00,60,60,3.854,4.507,91.206
subject0005,Tk,cam00,30,30,2.909,4.051,91.093
subject0005,S,cam00,60,30,2.262,3.944,90.711
subject0005,GEN,cam00,0,0,nan,16.587,nan
subject0005,T,cam01,60,60,3.672,4.615,90.822
subject0005,Tk,cam01,30,30,2.944,4.451,90.988
subject0005,S,cam01,60,30,2.306,4.471,91.102
subject0005,GEN,cam01,0,0,nan,16.230,nan
subject0005,T,cam02,60,60,4.643,5.742,88.913
subject0005,Tk,cam02,30,30,3.295,5.112,89.632
subject0005,S,cam02,60,30,2.585,5.067,89.694
subject0005,GEN,cam02,0,0,nan,27.053,nan
subject0005,T,cam03,60,60,3.806,4.973,88.926
subject0005,Tk,cam03,30,30,2.938,4.414,88.941
subject0005,S,cam03,60,30,2.249,4.407,88.998
subject0005,GEN,cam03,0,0,nan,23.094,nan
subject0005,T,cam07,60,60,3.440,4.277,88.961
subject0005,Tk,cam07,30,30,2.826,3.782,90.030
subject0005,S,cam07,60,30,2.255,3.773,89.572
subject0005,GEN,cam07,0,0,nan,16.112,nan
subject0005,T,cam08,60,60,5.008,6.077,91.065
subject0005,Tk,cam08,30,30,4.142,4.760,91.119
subject0005,S,cam08,60,30,2.918,4.918,91.102
subject0005,GEN,cam08,0,0,nan,23.261,nan
subject0005,T,cam09,60,60,6.583,7.880,90.648
subject0005,Tk,cam09,30,30,4.247,4.695,90.689
subject0005,S,cam09,60,30,2.692,4.800,90.219
subject0005,GEN,cam09,0,0,nan,24.061,nan
subject0005,T,cam10,60,60,5.421,6.706,88.870
subject0005,Tk,cam10,30,30,4.539,6.998,88.838
subject0005,S,cam10,60,30,4.256,7.112,88.835
subject0005,GEN,cam10,0,0,nan,35.963,nan
subject0005,T,cam16,60,60,4.583,5.837,90.160
subject0005,Tk,cam16,30,30,3.492,5.314,90.278
subject0005,S,cam16,60,30,2.825,5.295,90.262
subject0005,GEN,cam16,0,0,nan,25.791,nan
subject0005,T,cam17,60,60,4.817,5.859,89.890
subject0005,Tk,cam17,30,30,3.946,5.577,89.977
subject0005,S,cam17,60,30,3.197,5.786,89.987
subject0005,GEN,cam17,0,0,nan,31.078,nan
subject0005,S240,cam16,117,58,3.149,5.457,90.126
subject0005,F,cam00,600,0,nan,16.294,90.402
subject0005,F,cam01,600,0,nan,16.848,90.402
subject0005,F,cam02,600,0,nan,32.302,90.402
subject0005,F,cam03,600,0,nan,34.238,90.402
subject0005,F,cam07,600,0,nan,27.420,90.402
subject0005,F,cam08,600,0,nan,15.066,90.402
subject0005,F,cam09,600,0,nan,14.680,90.402
subject0005,F,cam10,600,0,nan,38.239,90.402
subject0005,F,cam16,600,0,nan,27.102,90.402
subject0005,F,cam17,600,0,nan,24.979,90.402
subject0005,M,cam00,600,300,10.947,8.429,91.054
subject0005,M,cam01,600,300,10.947,10.160,91.054
subject0005,M,cam02,600,300,10.947,17.628,91.054
subject0005,M,cam03,600,300,10.947,16.850,91.054
subject0005,M,cam07,600,300,10.947,18.816,91.054
subject0005,M,cam08,600,300,10.947,15.799,91.054
subject0005,M,cam09,600,300,10.947,15.448,91.054
subject0005,M,cam10,600,300,10.947,35.472,91.054
subject0005,M,cam16,600,300,10.947,25.055,91.054
subject0005,M,cam17,600,300,10.947,31.251,91.054
subject0005,S_cross,cam00,0,0,nan,38.567,nan
subject0005,S_cross,cam01,0,0,nan,47.604,nan
subject0005,S_cross,cam02,0,0,nan,52.892,nan
subject0005,S_cross,cam03,0,0,nan,57.081,nan
subject0005,S_cross,cam07,0,0,nan,28.395,nan
subject0005,S_cross,cam08,0,0,nan,26.541,nan
subject0005,S_cross,cam09,0,0,nan,37.924,nan
subject0005,S_cross,cam10,0,0,nan,56.855,nan
subject0005,S_cross,cam17,0,0,nan,32.453,nan
subject0013,T,cam00,60,60,4.410,5.626,89.757
subject0013,Tk,cam00,30,30,3.317,5.440,89.838
subject0013,S,cam00,60,30,2.785,5.453,89.602
subject0013,GEN,cam00,0,0,nan,29.357,nan
subject0013,T,cam01,60,60,4.230,5.286,89.642
subject0013,Tk,cam01,30,30,3.496,5.010,89.668
subject0013,S,cam01,60,30,2.816,4.958,89.465
subject0013,GEN,cam01,0,0,nan,27.359,nan
subject0013,T,cam08,60,60,4.625,5.638,88.967
subject0013,Tk,cam08,30,30,3.679,5.442,89.006
subject0013,S,cam08,60,30,3.151,5.494,88.821
subject0013,GEN,cam08,0,0,nan,33.434,nan
subject0013,T,cam09,60,60,5.033,6.955,89.138
subject0013,Tk,cam09,30,30,3.869,6.959,89.089
subject0013,S,cam09,60,30,3.360,6.888,89.054
subject0013,GEN,cam09,0,0,nan,32.697,nan
subject0013,T,cam10,60,60,6.064,8.176,88.089
subject0013,Tk,cam10,30,30,4.408,8.418,88.017
subject0013,S,cam10,60,30,4.234,8.118,88.087
subject0013,GEN,cam10,0,0,nan,38.304,nan
subject0013,T,cam16,60,60,4.059,5.345,88.835
subject0013,Tk,cam16,30,30,3.329,6.017,89.339
subject0013,S,cam16,60,30,2.260,6.079,90.335
subject0013,GEN,cam16,0,0,nan,29.794,nan
subject0013,T,cam17,60,60,4.402,5.787,89.185
subject0013,Tk,cam17,30,30,3.404,5.560,89.180
subject0013,S,cam17,60,30,2.670,5.576,89.044
subject0013,GEN,cam17,0,0,nan,32.082,nan
subject0013,S240,cam10,123,61,4.320,8.182,88.227
subject0013,F,cam00,420,0,nan,22.715,89.605
subject0013,F,cam01,420,0,nan,28.326,89.605
subject0013,F,cam08,420,0,nan,15.830,89.605
subject0013,F,cam09,420,0,nan,15.352,89.605
subject0013,F,cam10,420,0,nan,39.537,89.605
subject0013,F,cam16,420,0,nan,34.197,89.605
subject0013,F,cam17,420,0,nan,17.837,89.605
subject0013,M,cam00,420,210,7.511,11.694,89.168
subject0013,M,cam01,420,210,7.511,13.324,89.168
subject0013,M,cam08,420,210,7.511,11.468,89.168
subject0013,M,cam09,420,210,7.511,13.534,89.168
subject0013,M,cam10,420,210,7.511,29.248,89.168
subject0013,M,cam16,420,210,7.511,21.295,89.168
subject0013,M,cam17,420,210,7.511,12.473,89.168
subject0013,S_cross,cam00,0,0,nan,54.389,nan
subject0013,S_cross,cam01,0,0,nan,44.441,nan
subject0013,S_cross,cam08,0,0,nan,47.314,nan
subject0013,S_cross,cam09,0,0,nan,31.902,nan
subject0013,S_cross,cam16,0,0,nan,55.010,nan
subject0013,S_cross,cam17,0,0,nan,39.679,nan
subject0014,T,cam00,60,60,5.041,5.653,89.833
subject0014,Tk,cam00,30,30,3.346,6.305,89.914
subject0014,S,cam00,60,30,2.465,6.231,89.968
subject0014,GEN,cam00,0,0,nan,20.954,nan
subject0014,T,cam01,60,60,5.506,6.103,89.788
subject0014,Tk,cam01,30,30,3.699,5.721,89.894
subject0014,S,cam01,60,30,2.957,5.940,90.023
subject0014,GEN,cam01,0,0,nan,22.060,nan
subject0014,T,cam02,60,60,5.149,6.579,88.027
subject0014,Tk,cam02,30,30,3.641,6.666,89.100
subject0014,S,cam02,60,30,3.475,6.615,89.720
subject0014,GEN,cam02,0,0,nan,30.113,nan
subject0014,T,cam03,60,60,3.498,4.839,87.922
subject0014,Tk,cam03,30,30,2.642,4.864,88.728
subject0014,S,cam03,60,30,2.286,4.744,89.636
subject0014,GEN,cam03,0,0,nan,27.640,nan
subject0014,T,cam07,60,60,4.264,5.309,88.215
subject0014,Tk,cam07,30,30,3.016,5.088,89.042
subject0014,S,cam07,60,30,2.828,5.073,88.865
subject0014,GEN,cam07,0,0,nan,22.210,nan
subject0014,T,cam08,60,60,6.494,7.418,90.269
subject0014,Tk,cam08,30,30,5.127,6.380,90.391
subject0014,S,cam08,60,30,3.791,6.170,90.065
subject0014,GEN,cam08,0,0,nan,18.841,nan
subject0014,T,cam09,60,60,7.412,6.784,90.044
subject0014,Tk,cam09,30,30,5.464,6.422,90.156
subject0014,S,cam09,60,30,4.055,6.215,89.890
subject0014,GEN,cam09,0,0,nan,20.330,nan
subject0014,T,cam10,60,60,8.617,9.759,88.535
subject0014,Tk,cam10,30,30,6.165,9.304,88.485
subject0014,S,cam10,60,30,4.516,10.083,88.543
subject0014,GEN,cam10,0,0,nan,35.592,nan
subject0014,T,cam16,60,60,5.206,6.551,89.901
subject0014,Tk,cam16,30,30,4.270,6.248,90.132
subject0014,S,cam16,60,30,3.269,6.187,90.056
subject0014,GEN,cam16,0,0,nan,28.030,nan
subject0014,T,cam17,60,60,5.786,7.536,90.073
subject0014,Tk,cam17,30,30,4.102,6.297,90.083
subject0014,S,cam17,60,30,2.542,6.371,90.183
subject0014,GEN,cam17,0,0,nan,22.190,nan
subject0014,S240,cam09,114,57,4.767,6.776,89.850
subject0014,F,cam00,600,0,nan,15.607,89.717
subject0014,F,cam01,600,0,nan,17.677,89.717
subject0014,F,cam02,600,0,nan,38.996,89.717
subject0014,F,cam03,600,0,nan,41.465,89.717
subject0014,F,cam07,600,0,nan,28.326,89.717
subject0014,F,cam08,600,0,nan,16.923,89.717
subject0014,F,cam09,600,0,nan,15.474,89.717
subject0014,F,cam10,600,0,nan,35.755,89.717
subject0014,F,cam16,600,0,nan,29.283,89.717
subject0014,F,cam17,600,0,nan,22.891,89.717
subject0014,M,cam00,600,300,9.544,9.679,89.772
subject0014,M,cam01,600,300,9.544,9.657,89.772
subject0014,M,cam02,600,300,9.544,19.522,89.772
subject0014,M,cam03,600,300,9.544,17.319,89.772
subject0014,M,cam07,600,300,9.544,18.610,89.772
subject0014,M,cam08,600,300,9.544,13.600,89.772
subject0014,M,cam09,600,300,9.544,14.437,89.772
subject0014,M,cam10,600,300,9.544,38.260,89.772
subject0014,M,cam16,600,300,9.544,24.217,89.772
subject0014,M,cam17,600,300,9.544,27.990,89.772
subject0014,S_cross,cam00,0,0,nan,32.237,nan
subject0014,S_cross,cam01,0,0,nan,31.270,nan
subject0014,S_cross,cam02,0,0,nan,56.031,nan
subject0014,S_cross,cam03,0,0,nan,66.456,nan
subject0014,S_cross,cam07,0,0,nan,49.047,nan
subject0014,S_cross,cam08,0,0,nan,15.209,nan
subject0014,S_cross,cam10,0,0,nan,32.223,nan
subject0014,S_cross,cam16,0,0,nan,31.297,nan
subject0014,S_cross,cam17,0,0,nan,14.783,nan
subject0016,T,cam00,60,60,4.998,5.952,90.686
subject0016,Tk,cam00,30,30,4.086,5.972,90.592
subject0016,S,cam00,60,30,3.286,5.878,90.052
subject0016,GEN,cam00,0,0,nan,20.726,nan
subject0016,T,cam01,60,60,5.547,6.993,90.276
subject0016,Tk,cam01,30,30,4.541,6.670,90.484
subject0016,S,cam01,60,30,3.197,6.781,90.423
subject0016,GEN,cam01,0,0,nan,22.132,nan
subject0016,T,cam08,60,60,5.237,6.104,90.031
subject0016,Tk,cam08,30,30,4.393,6.066,90.271
subject0016,S,cam08,60,30,3.701,5.878,89.739
subject0016,GEN,cam08,0,0,nan,19.454,nan
subject0016,T,cam09,60,60,5.297,6.592,90.298
subject0016,Tk,cam09,30,30,4.045,6.113,90.220
subject0016,S,cam09,60,30,3.180,6.000,90.083
subject0016,GEN,cam09,0,0,nan,21.706,nan
subject0016,T,cam10,60,60,6.905,9.133,89.159
subject0016,Tk,cam10,30,30,4.714,8.210,89.373
subject0016,S,cam10,60,30,4.195,9.036,89.644
subject0016,GEN,cam10,0,0,nan,33.060,nan
subject0016,T,cam16,60,60,7.010,9.093,88.923
subject0016,Tk,cam16,30,30,5.812,8.539,89.627
subject0016,S,cam16,60,30,5.009,9.161,89.685
subject0016,GEN,cam16,0,0,nan,27.728,nan
subject0016,T,cam17,60,60,5.116,5.907,89.977
subject0016,Tk,cam17,30,30,3.986,5.591,90.133
subject0016,S,cam17,60,30,3.218,5.324,89.575
subject0016,GEN,cam17,0,0,nan,24.024,nan
subject0016,S240,cam09,119,59,3.097,5.925,90.013
subject0016,F,cam00,420,0,nan,45.104,90.044
subject0016,F,cam01,420,0,nan,47.261,90.044
subject0016,F,cam08,420,0,nan,14.089,90.044
subject0016,F,cam09,420,0,nan,12.174,90.044
subject0016,F,cam10,420,0,nan,35.464,90.044
subject0016,F,cam16,420,0,nan,33.330,90.044
subject0016,F,cam17,420,0,nan,16.276,90.044
subject0016,M,cam00,420,210,8.723,14.174,90.097
subject0016,M,cam01,420,210,8.723,14.664,90.097
subject0016,M,cam08,420,210,8.723,13.035,90.097
subject0016,M,cam09,420,210,8.723,14.945,90.097
subject0016,M,cam10,420,210,8.723,27.959,90.097
subject0016,M,cam16,420,210,8.723,19.396,90.097
subject0016,M,cam17,420,210,8.723,22.378,90.097
subject0016,S_cross,cam00,0,0,nan,48.593,nan
subject0016,S_cross,cam01,0,0,nan,47.684,nan
subject0016,S_cross,cam08,0,0,nan,19.281,nan
subject0016,S_cross,cam10,0,0,nan,28.995,nan
subject0016,S_cross,cam16,0,0,nan,37.044,nan
subject0016,S_cross,cam17,0,0,nan,19.461,nan
subject0015,T,cam00,60,60,6.137,8.324,90.008
subject0015,Tk,cam00,30,30,4.902,8.622,89.937
subject0015,S,cam00,60,30,3.935,8.776,89.636
subject0015,GEN,cam00,0,0,nan,23.026,nan
subject0015,T,cam01,60,60,5.744,8.184,89.691
subject0015,Tk,cam01,30,30,4.475,8.292,89.774
subject0015,S,cam01,60,30,3.683,8.472,89.689
subject0015,GEN,cam01,0,0,nan,25.185,nan
subject0015,T,cam02,60,60,6.430,8.979,88.446
subject0015,Tk,cam02,30,30,4.835,8.440,89.022
subject0015,S,cam02,60,30,3.953,8.189,88.973
subject0015,GEN,cam02,0,0,nan,30.347,nan
subject0015,T,cam08,60,60,5.119,6.355,89.281
subject0015,Tk,cam08,30,30,4.265,6.052,89.165
subject0015,S,cam08,60,30,2.888,5.686,88.503
subject0015,GEN,cam08,0,0,nan,32.096,nan
subject0015,T,cam09,60,60,5.544,7.275,89.127
subject0015,Tk,cam09,30,30,4.349,6.295,89.121
subject0015,S,cam09,60,30,3.239,6.298,89.078
subject0015,GEN,cam09,0,0,nan,34.164,nan
subject0015,T,cam10,60,60,6.768,9.502,88.523
subject0015,Tk,cam10,30,30,5.166,8.540,88.540
subject0015,S,cam10,60,30,3.880,9.093,88.372
subject0015,GEN,cam10,0,0,nan,39.602,nan
subject0015,T,cam16,60,60,4.887,8.368,89.307
subject0015,Tk,cam16,30,30,4.107,8.288,89.639
subject0015,S,cam16,60,30,2.608,8.388,89.332
subject0015,GEN,cam16,0,0,nan,34.167,nan
subject0015,T,cam17,60,60,5.690,7.151,89.431
subject0015,Tk,cam17,30,30,4.473,6.252,89.498
subject0015,S,cam17,60,30,3.312,6.057,89.220
subject0015,GEN,cam17,0,0,nan,32.802,nan
subject0015,S240,cam09,123,61,2.973,6.736,89.073
subject0015,F,cam00,480,0,nan,20.700,89.496
subject0015,F,cam01,480,0,nan,20.468,89.496
subject0015,F,cam02,480,0,nan,36.967,89.496
subject0015,F,cam08,480,0,nan,19.683,89.496
subject0015,F,cam09,480,0,nan,19.022,89.496
subject0015,F,cam10,480,0,nan,41.077,89.496
subject0015,F,cam16,480,0,nan,35.924,89.496
subject0015,F,cam17,480,0,nan,22.430,89.496
subject0015,M,cam00,480,240,9.932,15.738,89.451
subject0015,M,cam01,480,240,9.932,12.501,89.451
subject0015,M,cam02,480,240,9.932,19.543,89.451
subject0015,M,cam08,480,240,9.932,13.020,89.451
subject0015,M,cam09,480,240,9.932,15.163,89.451
subject0015,M,cam10,480,240,9.932,33.553,89.451
subject0015,M,cam16,480,240,9.932,23.948,89.451
subject0015,M,cam17,480,240,9.932,21.702,89.451
subject0015,S_cross,cam00,0,0,nan,43.251,nan
subject0015,S_cross,cam01,0,0,nan,39.916,nan
subject0015,S_cross,cam02,0,0,nan,47.805,nan
subject0015,S_cross,cam08,0,0,nan,22.293,nan
subject0015,S_cross,cam10,0,0,nan,33.029,nan
subject0015,S_cross,cam16,0,0,nan,40.927,nan
subject0015,S_cross,cam17,0,0,nan,22.853,nan
subject0007,T,cam00,60,60,4.670,5.492,89.497
subject0007,Tk,cam00,30,30,3.943,5.682,89.480
subject0007,S,cam00,60,30,3.210,5.684,89.295
subject0007,GEN,cam00,0,0,nan,26.806,nan
subject0007,T,cam01,60,60,5.307,6.146,89.378
subject0007,Tk,cam01,30,30,3.940,6.015,89.399
subject0007,S,cam01,60,30,3.143,6.054,89.448
subject0007,GEN,cam01,0,0,nan,29.068,nan
subject0007,T,cam02,60,60,4.357,5.857,87.566
subject0007,Tk,cam02,30,30,3.213,5.481,88.117
subject0007,S,cam02,60,30,2.895,5.757,88.156
subject0007,GEN,cam02,0,0,nan,31.156,nan
subject0007,T,cam03,60,60,3.777,4.651,88.042
subject0007,Tk,cam03,30,30,2.983,3.956,88.804
subject0007,S,cam03,60,30,2.160,3.990,88.997
subject0007,GEN,cam03,0,0,nan,28.485,nan
subject0007,T,cam04,60,60,4.067,5.063,89.288
subject0007,Tk,cam04,30,30,3.259,4.521,89.313
subject0007,S,cam04,60,30,2.445,4.278,89.369
subject0007,GEN,cam04,0,0,nan,25.242,nan
subject0007,T,cam07,60,60,4.594,6.356,88.460
subject0007,Tk,cam07,30,30,3.695,6.440,88.679
subject0007,S,cam07,60,30,3.351,6.359,87.877
subject0007,GEN,cam07,0,0,nan,24.895,nan
subject0007,T,cam08,60,60,6.176,6.752,89.602
subject0007,Tk,cam08,30,30,5.034,6.543,89.588
subject0007,S,cam08,60,30,4.250,6.779,89.061
subject0007,GEN,cam08,0,0,nan,24.435,nan
subject0007,T,cam09,60,60,5.373,6.611,89.624
subject0007,Tk,cam09,30,30,4.435,6.722,89.635
subject0007,S,cam09,60,30,3.921,6.617,89.466
subject0007,GEN,cam09,0,0,nan,23.595,nan
subject0007,T,cam10,60,60,8.947,11.685,88.581
subject0007,Tk,cam10,30,30,7.049,11.230,88.594
subject0007,S,cam10,60,30,6.338,10.998,88.613
subject0007,GEN,cam10,0,0,nan,34.707,nan
subject0007,T,cam16,60,60,6.473,7.730,89.094
subject0007,Tk,cam16,30,30,4.917,7.518,89.379
subject0007,S,cam16,60,30,4.524,7.759,89.093
subject0007,GEN,cam16,0,0,nan,29.822,nan
subject0007,T,cam17,60,60,5.128,5.971,89.651
subject0007,Tk,cam17,30,30,4.222,5.982,89.705
subject0007,S,cam17,60,30,3.776,6.092,89.557
subject0007,GEN,cam17,0,0,nan,23.990,nan
subject0007,S240,cam09,124,62,3.772,6.298,89.526
subject0007,F,cam00,660,0,nan,10.915,89.329
subject0007,F,cam01,660,0,nan,15.948,89.329
subject0007,F,cam02,660,0,nan,38.409,89.329
subject0007,F,cam03,660,0,nan,41.187,89.329
subject0007,F,cam04,660,0,nan,34.587,89.329
subject0007,F,cam07,660,0,nan,28.087,89.329
subject0007,F,cam08,660,0,nan,21.692,89.329
subject0007,F,cam09,660,0,nan,21.507,89.329
subject0007,F,cam10,660,0,nan,37.280,89.329
subject0007,F,cam16,660,0,nan,32.651,89.329
subject0007,F,cam17,660,0,nan,26.301,89.329
subject0007,M,cam00,660,330,9.591,8.919,89.358
subject0007,M,cam01,660,330,9.591,9.719,89.358
subject0007,M,cam02,660,330,9.591,14.198,89.358
subject0007,M,cam03,660,330,9.591,16.644,89.358
subject0007,M,cam04,660,330,9.591,16.930,89.358
subject0007,M,cam07,660,330,9.591,15.873,89.358
subject0007,M,cam08,660,330,9.591,13.701,89.358
subject0007,M,cam09,660,330,9.591,15.563,89.358
subject0007,M,cam10,660,330,9.591,31.078,89.358
subject0007,M,cam16,660,330,9.591,21.215,89.358
subject0007,M,cam17,660,330,9.591,27.106,89.358
subject0007,S_cross,cam00,0,0,nan,29.235,nan
subject0007,S_cross,cam01,0,0,nan,27.328,nan
subject0007,S_cross,cam02,0,0,nan,52.055,nan
subject0007,S_cross,cam03,0,0,nan,62.150,nan
subject0007,S_cross,cam04,0,0,nan,70.215,nan
subject0007,S_cross,cam07,0,0,nan,46.054,nan
subject0007,S_cross,cam08,0,0,nan,14.961,nan
subject0007,S_cross,cam10,0,0,nan,27.148,nan
subject0007,S_cross,cam16,0,0,nan,33.106,nan
subject0007,S_cross,cam17,0,0,nan,14.882,nan
subject0018,T,cam00,60,60,5.183,6.806,90.204
subject0018,Tk,cam00,30,30,3.951,6.758,90.256
subject0018,S,cam00,60,30,3.564,6.743,90.188
subject0018,GEN,cam00,0,0,nan,22.167,nan
subject0018,T,cam01,60,60,5.825,6.969,90.027
subject0018,Tk,cam01,30,30,4.964,7.051,90.089
subject0018,S,cam01,60,30,4.096,7.012,90.101
subject0018,GEN,cam01,0,0,nan,21.445,nan
subject0018,T,cam02,60,60,5.633,8.219,88.701
subject0018,Tk,cam02,30,30,4.265,8.111,88.929
subject0018,S,cam02,60,30,3.830,8.492,89.516
subject0018,GEN,cam02,0,0,nan,27.264,nan
subject0018,T,cam03,60,60,5.104,7.586,88.951
subject0018,Tk,cam03,30,30,3.929,7.413,89.129
subject0018,S,cam03,60,30,3.222,7.408,90.022
subject0018,GEN,cam03,0,0,nan,24.838,nan
subject0018,T,cam07,60,60,4.780,6.469,90.243
subject0018,Tk,cam07,30,30,3.837,6.286,89.832
subject0018,S,cam07,60,30,3.356,6.118,89.841
subject0018,GEN,cam07,0,0,nan,22.918,nan
subject0018,T,cam08,60,60,4.916,5.620,90.443
subject0018,Tk,cam08,30,30,3.549,5.667,90.482
subject0018,S,cam08,60,30,2.859,5.837,90.113
subject0018,GEN,cam08,0,0,nan,23.130,nan
subject0018,T,cam09,60,60,5.278,5.995,90.309
subject0018,Tk,cam09,30,30,3.943,6.060,90.343
subject0018,S,cam09,60,30,3.450,6.071,90.324
subject0018,GEN,cam09,0,0,nan,19.899,nan
subject0018,T,cam10,60,60,5.812,10.255,89.902
subject0018,Tk,cam10,30,30,4.257,10.067,89.662
subject0018,S,cam10,60,30,4.066,9.894,89.806
subject0018,GEN,cam10,0,0,nan,32.382,nan
subject0018,T,cam16,60,60,5.214,6.960,89.563
subject0018,Tk,cam16,30,30,3.845,6.359,89.890
subject0018,S,cam16,60,30,2.833,6.321,89.832
subject0018,GEN,cam16,0,0,nan,29.065,nan
subject0018,T,cam17,60,60,5.557,7.085,90.111
subject0018,Tk,cam17,30,30,4.168,6.898,90.132
subject0018,S,cam17,60,30,3.337,6.984,90.036
subject0018,GEN,cam17,0,0,nan,25.644,nan
subject0018,S240,cam09,122,61,3.548,6.122,90.294
subject0018,F,cam00,600,0,nan,18.513,90.177
subject0018,F,cam01,600,0,nan,19.393,90.177
subject0018,F,cam02,600,0,nan,30.801,90.177
subject0018,F,cam03,600,0,nan,31.912,90.177
subject0018,F,cam07,600,0,nan,30.378,90.177
subject0018,F,cam08,600,0,nan,12.620,90.177
subject0018,F,cam09,600,0,nan,13.059,90.177
subject0018,F,cam10,600,0,nan,34.836,90.177
subject0018,F,cam16,600,0,nan,31.555,90.177
subject0018,F,cam17,600,0,nan,18.509,90.177
subject0018,M,cam00,600,300,9.166,12.193,90.065
subject0018,M,cam01,600,300,9.166,12.516,90.065
subject0018,M,cam02,600,300,9.166,15.162,90.065
subject0018,M,cam03,600,300,9.166,14.748,90.065
subject0018,M,cam07,600,300,9.166,19.132,90.065
subject0018,M,cam08,600,300,9.166,12.015,90.065
subject0018,M,cam09,600,300,9.166,16.082,90.065
subject0018,M,cam10,600,300,9.166,30.144,90.065
subject0018,M,cam16,600,300,9.166,24.258,90.065
subject0018,M,cam17,600,300,9.166,18.922,90.065
subject0018,S_cross,cam00,0,0,nan,36.553,nan
subject0018,S_cross,cam01,0,0,nan,35.413,nan
subject0018,S_cross,cam02,0,0,nan,44.429,nan
subject0018,S_cross,cam03,0,0,nan,47.145,nan
subject0018,S_cross,cam07,0,0,nan,47.805,nan
subject0018,S_cross,cam08,0,0,nan,17.368,nan
subject0018,S_cross,cam10,0,0,nan,33.448,nan
subject0018,S_cross,cam16,0,0,nan,37.644,nan
subject0018,S_cross,cam17,0,0,nan,16.110,nan
subject0021,T,cam08,60,60,6.055,7.184,89.742
subject0021,Tk,cam08,30,30,4.139,6.814,89.597
subject0021,S,cam08,60,30,3.221,6.841,89.196
subject0021,GEN,cam08,0,0,nan,27.399,nan
subject0021,T,cam09,60,60,6.335,6.774,89.769
subject0021,Tk,cam09,30,30,4.213,6.922,89.726
subject0021,S,cam09,60,30,3.386,6.921,89.948
subject0021,GEN,cam09,0,0,nan,26.568,nan
subject0021,T,cam10,60,60,5.912,7.761,89.231
subject0021,Tk,cam10,30,30,3.981,8.111,89.259
subject0021,S,cam10,60,30,3.348,7.606,90.060
subject0021,GEN,cam10,0,0,nan,34.213,nan
subject0021,T,cam16,60,60,5.394,7.343,89.725
subject0021,Tk,cam16,30,30,3.958,7.196,89.711
subject0021,S,cam16,60,30,3.346,7.082,89.883
subject0021,GEN,cam16,0,0,nan,29.696,nan
subject0021,T,cam17,60,60,7.161,7.330,89.700
subject0021,Tk,cam17,30,30,5.097,6.745,89.676
subject0021,S,cam17,60,30,3.822,7.149,89.678
subject0021,GEN,cam17,0,0,nan,28.787,nan
subject0021,S240,cam17,116,58,4.511,7.182,89.309
subject0021,F,cam08,300,0,nan,11.530,89.463
subject0021,F,cam09,300,0,nan,14.844,89.463
subject0021,F,cam10,300,0,nan,38.151,89.463
subject0021,F,cam16,300,0,nan,30.894,89.463
subject0021,F,cam17,300,0,nan,12.716,89.463
subject0021,M,cam08,300,150,7.061,9.499,89.479
subject0021,M,cam09,300,150,7.061,9.789,89.479
subject0021,M,cam10,300,150,7.061,23.879,89.479
subject0021,M,cam16,300,150,7.061,15.103,89.479
subject0021,M,cam17,300,150,7.061,13.531,89.479
subject0021,S_cross,cam08,0,0,nan,20.428,nan
subject0021,S_cross,cam09,0,0,nan,23.014,nan
subject0021,S_cross,cam10,0,0,nan,41.011,nan
subject0021,S_cross,cam16,0,0,nan,36.944,nan
subject0019,T,cam00,60,60,5.503,6.962,90.358
subject0019,Tk,cam00,30,30,4.197,6.572,90.535
subject0019,S,cam00,60,30,2.939,6.535,90.178
subject0019,GEN,cam00,0,0,nan,16.865,nan
subject0019,T,cam01,60,60,5.585,6.926,90.458
subject0019,Tk,cam01,30,30,4.209,6.947,90.520
subject0019,S,cam01,60,30,3.563,6.912,90.486
subject0019,GEN,cam01,0,0,nan,20.693,nan
subject0019,T,cam02,60,60,5.282,7.527,89.040
subject0019,Tk,cam02,30,30,4.118,6.769,89.732
subject0019,S,cam02,60,30,2.989,6.845,89.919
subject0019,GEN,cam02,0,0,nan,28.811,nan
subject0019,T,cam03,60,60,3.936,5.551,89.211
subject0019,Tk,cam03,30,30,3.079,4.853,89.203
subject0019,S,cam03,60,30,2.591,4.883,89.149
subject0019,GEN,cam03,0,0,nan,24.329,nan
subject0019,T,cam04,60,60,4.399,4.969,90.373
subject0019,Tk,cam04,30,30,3.449,3.948,90.450
subject0019,S,cam04,60,30,2.134,3.944,90.503
subject0019,GEN,cam04,0,0,nan,11.929,nan
subject0019,T,cam07,60,60,4.802,6.539,88.822
subject0019,Tk,cam07,30,30,3.537,6.093,89.771
subject0019,S,cam07,60,30,2.783,5.967,89.944
subject0019,GEN,cam07,0,0,nan,26.069,nan
subject0019,T,cam08,60,60,8.597,9.963,90.020
subject0019,Tk,cam08,30,30,6.772,7.395,90.040
subject0019,S,cam08,60,30,4.623,7.312,89.574
subject0019,GEN,cam08,0,0,nan,28.349,nan
subject0019,T,cam09,60,60,7.301,10.261,89.926
subject0019,Tk,cam09,30,30,5.811,6.790,89.679
subject0019,S,cam09,60,30,3.976,6.811,89.619
subject0019,GEN,cam09,0,0,nan,31.729,nan
subject0019,T,cam10,60,60,7.056,8.760,88.433
subject0019,Tk,cam10,30,30,5.591,7.236,88.460
subject0019,S,cam10,60,30,4.374,7.329,88.093
subject0019,GEN,cam10,0,0,nan,40.718,nan
subject0019,T,cam16,60,60,6.132,8.975,89.408
subject0019,Tk,cam16,30,30,4.527,8.215,91.374
subject0019,S,cam16,60,30,3.370,8.136,91.821
subject0019,GEN,cam16,0,0,nan,35.031,nan
subject0019,T,cam17,60,60,6.060,8.470,90.008
subject0019,Tk,cam17,30,30,4.351,5.969,89.981
subject0019,S,cam17,60,30,2.801,5.741,90.049
subject0019,GEN,cam17,0,0,nan,33.801,nan
subject0019,S240,cam09,126,63,4.139,6.652,89.553
subject0019,F,cam00,660,0,nan,13.296,89.952
subject0019,F,cam01,660,0,nan,14.945,89.952
subject0019,F,cam02,660,0,nan,31.726,89.952
subject0019,F,cam03,660,0,nan,32.044,89.952
subject0019,F,cam04,660,0,nan,27.709,89.952
subject0019,F,cam07,660,0,nan,26.142,89.952
subject0019,F,cam08,660,0,nan,19.997,89.952
subject0019,F,cam09,660,0,nan,25.509,89.952
subject0019,F,cam10,660,0,nan,47.373,89.952
subject0019,F,cam16,660,0,nan,37.120,89.952
subject0019,F,cam17,660,0,nan,28.732,89.952
subject0019,M,cam00,660,330,10.022,11.490,90.132
subject0019,M,cam01,660,330,10.022,12.574,90.132
subject0019,M,cam02,660,330,10.022,15.272,90.132
subject0019,M,cam03,660,330,10.022,14.358,90.132
subject0019,M,cam04,660,330,10.022,17.528,90.132
subject0019,M,cam07,660,330,10.022,17.314,90.132
subject0019,M,cam08,660,330,10.022,16.203,90.132
subject0019,M,cam09,660,330,10.022,22.091,90.132
subject0019,M,cam10,660,330,10.022,36.286,90.132
subject0019,M,cam16,660,330,10.022,26.697,90.132
subject0019,M,cam17,660,330,10.022,30.823,90.132
subject0019,S_cross,cam00,0,0,nan,36.579,nan
subject0019,S_cross,cam01,0,0,nan,34.824,nan
subject0019,S_cross,cam02,0,0,nan,50.694,nan
subject0019,S_cross,cam03,0,0,nan,58.169,nan
subject0019,S_cross,cam04,0,0,nan,62.450,nan
subject0019,S_cross,cam07,0,0,nan,47.598,nan
subject0019,S_cross,cam08,0,0,nan,19.765,nan
subject0019,S_cross,cam10,0,0,nan,34.491,nan
subject0019,S_cross,cam16,0,0,nan,43.736,nan
subject0019,S_cross,cam17,0,0,nan,23.886,nan
subject0026,T,cam00,60,60,5.468,6.766,90.581
subject0026,Tk,cam00,30,30,4.331,5.749,90.629
subject0026,S,cam00,60,30,2.708,5.832,90.731
subject0026,GEN,cam00,0,0,nan,20.426,nan
subject0026,T,cam01,59,59,4.428,6.240,90.438
subject0026,Tk,cam01,29,29,3.414,5.876,90.545
subject0026,S,cam01,59,29,2.664,5.808,90.602
subject0026,GEN,cam01,0,0,nan,19.555,nan
subject0026,T,cam02,60,60,4.322,5.408,89.099
subject0026,Tk,cam02,30,30,3.171,5.063,89.524
subject0026,S,cam02,60,30,2.627,5.028,89.611
subject0026,GEN,cam02,0,0,nan,23.119,nan
subject0026,T,cam03,60,60,3.714,4.092,89.239
subject0026,Tk,cam03,30,30,2.677,4.322,89.808
subject0026,S,cam03,60,30,2.170,4.641,89.410
subject0026,GEN,cam03,0,0,nan,20.405,nan
subject0026,T,cam07,60,60,4.344,5.269,89.449
subject0026,Tk,cam07,30,30,3.285,5.013,90.524
subject0026,S,cam07,60,30,2.205,5.009,90.482
subject0026,GEN,cam07,0,0,nan,23.360,nan
subject0026,T,cam08,59,59,5.065,5.712,90.071
subject0026,Tk,cam08,29,29,3.702,5.355,90.082
subject0026,S,cam08,59,29,3.135,5.379,89.782
subject0026,GEN,cam08,0,0,nan,26.666,nan
subject0026,T,cam09,59,59,5.881,6.128,90.187
subject0026,Tk,cam09,29,29,4.367,6.027,90.266
subject0026,S,cam09,59,29,3.587,6.087,90.147
subject0026,GEN,cam09,0,0,nan,23.053,nan
subject0026,T,cam10,59,59,5.556,7.020,88.662
subject0026,Tk,cam10,29,29,3.724,7.461,89.161
subject0026,S,cam10,59,29,2.787,7.779,89.632
subject0026,GEN,cam10,0,0,nan,34.194,nan
subject0026,T,cam16,59,59,5.061,7.190,89.311
subject0026,Tk,cam16,29,29,4.123,6.983,89.469
subject0026,S,cam16,59,29,3.769,7.056,89.913
subject0026,GEN,cam16,0,0,nan,32.601,nan
subject0026,T,cam17,59,59,3.958,5.345,89.522
subject0026,Tk,cam17,29,29,3.250,5.196,89.454
subject0026,S,cam17,59,29,2.676,5.085,89.373
subject0026,GEN,cam17,0,0,nan,32.142,nan
subject0026,S240,cam09,117,58,3.789,6.030,90.173
subject0026,F,cam00,594,0,nan,11.690,90.336
subject0026,F,cam01,594,0,nan,12.042,90.336
subject0026,F,cam02,594,0,nan,23.992,90.336
subject0026,F,cam03,594,0,nan,24.935,90.336
subject0026,F,cam07,594,0,nan,23.619,90.336
subject0026,F,cam08,594,0,nan,20.387,90.336
subject0026,F,cam09,594,0,nan,14.654,90.336
subject0026,F,cam10,594,0,nan,35.342,90.336
subject0026,F,cam16,594,0,nan,31.745,90.336
subject0026,F,cam17,594,0,nan,26.237,90.336
subject0026,M,cam00,594,297,7.700,9.835,90.069
subject0026,M,cam01,594,297,7.700,10.217,90.069
subject0026,M,cam02,594,297,7.700,14.147,90.069
subject0026,M,cam03,594,297,7.700,14.964,90.069
subject0026,M,cam07,594,297,7.700,13.598,90.069
subject0026,M,cam08,594,297,7.700,14.614,90.069
subject0026,M,cam09,594,297,7.700,14.133,90.069
subject0026,M,cam10,594,297,7.700,29.272,90.069
subject0026,M,cam16,594,297,7.700,21.894,90.069
subject0026,M,cam17,594,297,7.700,24.992,90.069
subject0026,S_cross,cam00,0,0,nan,30.595,nan
subject0026,S_cross,cam01,0,0,nan,30.186,nan
subject0026,S_cross,cam02,0,0,nan,43.994,nan
subject0026,S_cross,cam03,0,0,nan,49.033,nan
subject0026,S_cross,cam07,0,0,nan,47.520,nan
subject0026,S_cross,cam08,0,0,nan,15.986,nan
subject0026,S_cross,cam10,0,0,nan,33.668,nan
subject0026,S_cross,cam16,0,0,nan,36.575,nan
subject0026,S_cross,cam17,0,0,nan,17.602,nan
subject0024,T,cam00,60,60,4.147,5.028,90.664
subject0024,Tk,cam00,30,30,3.271,4.497,90.683
subject0024,S,cam00,60,30,2.183,4.341,90.745
subject0024,GEN,cam00,0,0,nan,21.451,nan
subject0024,T,cam01,60,60,4.525,5.328,90.529
subject0024,Tk,cam01,30,30,3.582,4.380,90.695
subject0024,S,cam01,60,30,2.334,4.316,90.744
subject0024,GEN,cam01,0,0,nan,24.688,nan
subject0024,T,cam02,60,60,4.057,4.956,90.053
subject0024,Tk,cam02,30,30,2.667,4.294,90.041
subject0024,S,cam02,60,30,2.138,4.375,90.702
subject0024,GEN,cam02,0,0,nan,23.405,nan
subject0024,T,cam03,60,60,3.418,3.935,90.021
subject0024,Tk,cam03,30,30,2.778,3.363,90.200
subject0024,S,cam03,60,30,1.901,3.275,89.765
subject0024,GEN,cam03,0,0,nan,21.847,nan
subject0024,T,cam04,60,60,3.182,3.470,90.146
subject0024,Tk,cam04,30,30,2.461,2.837,90.177
subject0024,S,cam04,60,30,1.467,2.807,90.134
subject0024,GEN,cam04,0,0,nan,19.843,nan
subject0024,T,cam06,60,60,3.789,4.591,88.692
subject0024,Tk,cam06,30,30,3.037,4.293,88.688
subject0024,S,cam06,60,30,2.203,4.288,89.588
subject0024,GEN,cam06,0,0,nan,25.419,nan
subject0024,T,cam07,60,60,3.414,4.784,89.268
subject0024,Tk,cam07,30,30,2.663,4.307,89.071
subject0024,S,cam07,60,30,2.073,4.157,90.086
subject0024,GEN,cam07,0,0,nan,26.460,nan
subject0024,T,cam08,60,60,4.707,5.324,90.406
subject0024,Tk,cam08,30,30,3.369,4.998,90.475
subject0024,S,cam08,60,30,2.857,4.956,90.346
subject0024,GEN,cam08,0,0,nan,30.865,nan
subject0024,T,cam09,60,60,8.618,10.488,90.167
subject0024,Tk,cam09,30,30,6.243,5.747,90.248
subject0024,S,cam09,60,30,3.012,5.296,89.845
subject0024,GEN,cam09,0,0,nan,30.986,nan
subject0024,T,cam10,60,60,6.441,7.743,88.726
subject0024,Tk,cam10,30,30,4.961,7.978,88.772
subject0024,S,cam10,60,30,4.311,8.068,88.572
subject0024,GEN,cam10,0,0,nan,38.898,nan
subject0024,T,cam16,60,60,4.720,7.460,88.905
subject0024,Tk,cam16,30,30,3.821,7.625,88.885
subject0024,S,cam16,60,30,3.536,7.288,88.551
subject0024,GEN,cam16,0,0,nan,39.068,nan
subject0024,T,cam17,60,60,6.304,7.752,89.484
subject0024,Tk,cam17,30,30,5.044,7.337,89.492
subject0024,S,cam17,60,30,4.774,7.691,89.485
subject0024,GEN,cam17,0,0,nan,34.903,nan
subject0024,S240,cam08,123,61,3.205,5.632,90.471
subject0024,F,cam00,720,0,nan,13.146,89.968
subject0024,F,cam01,720,0,nan,11.151,89.968
subject0024,F,cam02,720,0,nan,29.615,89.968
subject0024,F,cam03,720,0,nan,31.965,89.968
subject0024,F,cam04,720,0,nan,26.703,89.968
subject0024,F,cam06,720,0,nan,33.361,89.968
subject0024,F,cam07,720,0,nan,26.748,89.968
subject0024,F,cam08,720,0,nan,19.899,89.968
subject0024,F,cam09,720,0,nan,21.534,89.968
subject0024,F,cam10,720,0,nan,45.573,89.968
subject0024,F,cam16,720,0,nan,43.860,89.968
subject0024,F,cam17,720,0,nan,27.984,89.968
subject0024,M,cam00,720,360,9.575,9.173,90.487
subject0024,M,cam01,720,360,9.575,8.812,90.487
subject0024,M,cam02,720,360,9.575,17.568,90.487
subject0024,M,cam03,720,360,9.575,15.714,90.487
subject0024,M,cam04,720,360,9.575,12.649,90.487
subject0024,M,cam06,720,360,9.575,17.115,90.487
subject0024,M,cam07,720,360,9.575,14.955,90.487
subject0024,M,cam08,720,360,9.575,13.131,90.487
subject0024,M,cam09,720,360,9.575,17.046,90.487
subject0024,M,cam10,720,360,9.575,42.168,90.487
subject0024,M,cam16,720,360,9.575,36.761,90.487
subject0024,M,cam17,720,360,9.575,29.961,90.487
subject0024,S_cross,cam00,0,0,nan,29.096,nan
subject0024,S_cross,cam01,0,0,nan,32.659,nan
subject0024,S_cross,cam02,0,0,nan,48.494,nan
subject0024,S_cross,cam03,0,0,nan,55.868,nan
subject0024,S_cross,cam04,0,0,nan,60.759,nan
subject0024,S_cross,cam06,0,0,nan,52.258,nan
subject0024,S_cross,cam07,0,0,nan,39.233,nan
subject0024,S_cross,cam09,0,0,nan,18.634,nan
subject0024,S_cross,cam10,0,0,nan,48.031,nan
subject0024,S_cross,cam16,0,0,nan,36.242,nan
subject0024,S_cross,cam17,0,0,nan,14.541,nan
subject0030,T,cam00,60,60,5.150,5.018,89.766
subject0030,Tk,cam00,30,30,3.879,4.503,89.900
subject0030,S,cam00,60,30,2.824,4.310,89.937
subject0030,GEN,cam00,0,0,nan,19.431,nan
subject0030,T,cam01,60,60,5.904,5.649,89.906
subject0030,Tk,cam01,30,30,4.281,5.001,89.885
subject0030,S,cam01,60,30,3.210,4.842,89.999
subject0030,GEN,cam01,0,0,nan,20.580,nan
subject0030,T,cam02,60,60,5.279,6.402,88.757
subject0030,Tk,cam02,30,30,3.850,5.995,88.692
subject0030,S,cam02,60,30,3.345,5.978,88.763
subject0030,GEN,cam02,0,0,nan,30.639,nan
subject0030,T,cam03,60,60,3.923,5.320,89.138
subject0030,Tk,cam03,30,30,2.925,5.135,89.284
subject0030,S,cam03,60,30,2.517,5.075,89.377
subject0030,GEN,cam03,0,0,nan,27.097,nan
subject0030,T,cam07,60,60,4.809,5.120,89.720
subject0030,Tk,cam07,30,30,3.310,4.825,90.504
subject0030,S,cam07,60,30,2.996,4.918,90.609
subject0030,GEN,cam07,0,0,nan,25.833,nan
subject0030,T,cam08,59,59,7.934,6.773,89.609
subject0030,Tk,cam08,29,29,5.908,7.184,89.815
subject0030,S,cam08,59,29,4.979,7.286,89.930
subject0030,GEN,cam08,0,0,nan,21.808,nan
subject0030,T,cam09,59,59,5.861,5.574,89.458
subject0030,Tk,cam09,29,29,4.942,5.667,89.651
subject0030,S,cam09,59,29,4.309,5.818,89.555
subject0030,GEN,cam09,0,0,nan,23.797,nan
subject0030,T,cam10,59,59,9.838,10.302,87.482
subject0030,Tk,cam10,29,29,7.253,9.684,87.438
subject0030,S,cam10,59,29,6.829,9.614,86.876
subject0030,GEN,cam10,0,0,nan,43.356,nan
subject0030,T,cam16,60,60,7.396,8.687,89.676
subject0030,Tk,cam16,30,30,5.966,8.624,90.674
subject0030,S,cam16,60,30,4.619,8.822,91.364
subject0030,GEN,cam16,0,0,nan,29.705,nan
subject0030,T,cam17,59,59,6.328,6.930,89.271
subject0030,Tk,cam17,29,29,5.044,6.856,89.304
subject0030,S,cam17,59,29,4.293,7.089,89.226
subject0030,GEN,cam17,0,0,nan,23.665,nan
subject0030,S240,cam09,106,53,4.347,5.667,89.464
subject0030,F,cam00,596,0,nan,13.842,89.809
subject0030,F,cam01,596,0,nan,13.587,89.809
subject0030,F,cam02,596,0,nan,27.991,89.809
subject0030,F,cam03,596,0,nan,32.177,89.809
subject0030,F,cam07,596,0,nan,28.461,89.809
subject0030,F,cam08,596,0,nan,13.348,89.809
subject0030,F,cam09,596,0,nan,13.682,89.809
subject0030,F,cam10,596,0,nan,35.199,89.809
subject0030,F,cam16,596,0,nan,25.904,89.809
subject0030,F,cam17,596,0,nan,21.228,89.809
subject0030,M,cam00,596,298,7.963,8.457,89.578
subject0030,M,cam01,596,298,7.963,7.003,89.578
subject0030,M,cam02,596,298,7.963,10.868,89.578
subject0030,M,cam03,596,298,7.963,15.651,89.578
subject0030,M,cam07,596,298,7.963,22.591,89.578
subject0030,M,cam08,596,298,7.963,12.308,89.578
subject0030,M,cam09,596,298,7.963,15.671,89.578
subject0030,M,cam10,596,298,7.963,30.919,89.578
subject0030,M,cam16,596,298,7.963,21.015,89.578
subject0030,M,cam17,596,298,7.963,24.690,89.578
subject0030,S_cross,cam00,0,0,nan,34.599,nan
subject0030,S_cross,cam01,0,0,nan,29.335,nan
subject0030,S_cross,cam02,0,0,nan,53.289,nan
subject0030,S_cross,cam03,0,0,nan,65.799,nan
subject0030,S_cross,cam07,0,0,nan,53.863,nan
subject0030,S_cross,cam08,0,0,nan,15.710,nan
subject0030,S_cross,cam10,0,0,nan,32.561,nan
subject0030,S_cross,cam16,0,0,nan,36.656,nan
subject0030,S_cross,cam17,0,0,nan,13.661,nan
subject0029,T,cam00,60,60,4.440,6.019,89.990
subject0029,Tk,cam00,30,30,3.595,6.169,90.011
subject0029,S,cam00,60,30,3.007,5.870,89.651
subject0029,GEN,cam00,0,0,nan,22.851,nan
subject0029,T,cam01,60,60,4.521,6.726,90.050
subject0029,Tk,cam01,30,30,3.758,6.517,90.041
subject0029,S,cam01,60,30,3.258,6.479,90.071
subject0029,GEN,cam01,0,0,nan,23.387,nan
subject0029,T,cam02,60,60,5.221,7.215,88.858
subject0029,Tk,cam02,30,30,3.919,7.516,88.864
subject0029,S,cam02,60,30,3.594,7.588,89.574
subject0029,GEN,cam02,0,0,nan,33.279,nan
subject0029,T,cam03,60,60,3.548,4.673,89.642
subject0029,Tk,cam03,30,30,2.684,4.826,89.544
subject0029,S,cam03,60,30,2.430,4.778,89.796
subject0029,GEN,cam03,0,0,nan,29.410,nan
subject0029,T,cam04,60,60,2.735,4.122,89.922
subject0029,Tk,cam04,30,30,2.336,4.197,89.898
subject0029,S,cam04,60,30,2.068,4.197,89.916
subject0029,GEN,cam04,0,0,nan,18.664,nan
subject0029,T,cam05,60,60,2.905,4.014,89.718
subject0029,Tk,cam05,30,30,2.232,3.874,89.763
subject0029,S,cam05,60,30,1.951,3.816,89.811
subject0029,GEN,cam05,0,0,nan,19.285,nan
subject0029,T,cam06,60,60,3.575,5.592,88.471
subject0029,Tk,cam06,30,30,2.607,5.916,88.224
subject0029,S,cam06,60,30,2.234,5.588,88.509
subject0029,GEN,cam06,0,0,nan,24.582,nan
subject0029,T,cam07,60,60,3.550,5.641,88.787
subject0029,Tk,cam07,30,30,2.809,5.829,88.561
subject0029,S,cam07,60,30,2.397,5.799,89.340
subject0029,GEN,cam07,0,0,nan,25.560,nan
subject0029,T,cam08,60,60,5.426,6.677,89.929
subject0029,Tk,cam08,30,30,4.248,6.725,90.023
subject0029,S,cam08,60,30,3.395,6.333,89.687
subject0029,GEN,cam08,0,0,nan,20.479,nan
subject0029,T,cam09,60,60,5.233,6.825,89.844
subject0029,Tk,cam09,30,30,3.897,6.869,89.929
subject0029,S,cam09,60,30,3.402,6.777,89.871
subject0029,GEN,cam09,0,0,nan,20.746,nan
subject0029,T,cam10,60,60,9.080,12.008,88.361
subject0029,Tk,cam10,30,30,6.192,10.138,88.254
subject0029,S,cam10,60,30,4.998,9.674,88.347
subject0029,GEN,cam10,0,0,nan,36.262,nan
subject0029,T,cam16,60,60,6.378,8.559,89.700
subject0029,Tk,cam16,30,30,4.780,7.439,89.802
subject0029,S,cam16,60,30,3.595,7.317,89.924
subject0029,GEN,cam16,0,0,nan,28.658,nan
subject0029,T,cam17,60,60,4.549,5.602,90.163
subject0029,Tk,cam17,30,30,3.567,5.315,90.126
subject0029,S,cam17,60,30,2.753,5.194,89.927
subject0029,GEN,cam17,0,0,nan,19.838,nan
subject0029,S240,cam09,107,53,3.682,6.187,89.664
subject0029,F,cam00,780,0,nan,11.400,89.748
subject0029,F,cam01,780,0,nan,17.479,89.748
subject0029,F,cam02,780,0,nan,36.014,89.748
subject0029,F,cam03,780,0,nan,34.718,89.748
subject0029,F,cam04,780,0,nan,25.754,89.748
subject0029,F,cam05,780,0,nan,23.131,89.748
subject0029,F,cam06,780,0,nan,27.322,89.748
subject0029,F,cam07,780,0,nan,21.660,89.748
subject0029,F,cam08,780,0,nan,21.016,89.748
subject0029,F,cam09,780,0,nan,23.218,89.748
subject0029,F,cam10,780,0,nan,46.663,89.748
subject0029,F,cam16,780,0,nan,31.460,89.748
subject0029,F,cam17,780,0,nan,28.991,89.748
subject0029,M,cam00,780,390,9.180,10.622,89.929
subject0029,M,cam01,780,390,9.180,13.641,89.929
subject0029,M,cam02,780,390,9.180,20.402,89.929
subject0029,M,cam03,780,390,9.180,19.913,89.929
subject0029,M,cam04,780,390,9.180,10.910,89.929
subject0029,M,cam05,780,390,9.180,11.373,89.929
subject0029,M,cam06,780,390,9.180,20.013,89.929
subject0029,M,cam07,780,390,9.180,15.158,89.929
subject0029,M,cam08,780,390,9.180,17.397,89.929
subject0029,M,cam09,780,390,9.180,20.663,89.929
subject0029,M,cam10,780,390,9.180,34.558,89.929
subject0029,M,cam16,780,390,9.180,24.265,89.929
subject0029,M,cam17,780,390,9.180,31.756,89.929
subject0029,S_cross,cam00,0,0,nan,30.081,nan
subject0029,S_cross,cam01,0,0,nan,29.903,nan
subject0029,S_cross,cam02,0,0,nan,56.392,nan
subject0029,S_cross,cam03,0,0,nan,62.495,nan
subject0029,S_cross,cam04,0,0,nan,64.323,nan
subject0029,S_cross,cam05,0,0,nan,62.453,nan
subject0029,S_cross,cam06,0,0,nan,58.150,nan
subject0029,S_cross,cam07,0,0,nan,44.243,nan
subject0029,S_cross,cam08,0,0,nan,13.837,nan
subject0029,S_cross,cam10,0,0,nan,34.678,nan
subject0029,S_cross,cam16,0,0,nan,32.791,nan
subject0029,S_cross,cam17,0,0,nan,11.178,nan
subject0031,T,cam00,60,60,4.180,5.994,90.040
subject0031,Tk,cam00,30,30,3.383,5.647,90.108
subject0031,S,cam00,60,30,2.835,5.525,89.823
subject0031,GEN,cam00,0,0,nan,20.176,nan
subject0031,T,cam01,60,60,4.326,5.418,90.180
subject0031,Tk,cam01,30,30,3.575,5.241,90.185
subject0031,S,cam01,60,30,2.821,5.247,90.277
subject0031,GEN,cam01,0,0,nan,21.351,nan
subject0031,T,cam02,60,60,4.746,6.224,88.719
subject0031,Tk,cam02,30,30,3.528,6.209,88.927
subject0031,S,cam02,60,30,3.272,6.098,89.726
subject0031,GEN,cam02,0,0,nan,24.686,nan
subject0031,T,cam08,60,60,4.645,5.417,90.202
subject0031,Tk,cam08,30,30,3.644,5.502,90.302
subject0031,S,cam08,60,30,3.222,5.337,89.782
subject0031,GEN,cam08,0,0,nan,15.563,nan
subject0031,T,cam09,60,60,5.037,5.741,89.757
subject0031,Tk,cam09,30,30,4.041,5.770,89.829
subject0031,S,cam09,60,30,3.218,5.666,89.714
subject0031,GEN,cam09,0,0,nan,19.466,nan
subject0031,T,cam10,60,60,7.722,10.268,89.145
subject0031,Tk,cam10,30,30,4.551,10.021,89.100
subject0031,S,cam10,60,30,4.587,10.032,89.216
subject0031,GEN,cam10,0,0,nan,29.735,nan
subject0031,T,cam16,60,60,5.944,8.154,90.254
subject0031,Tk,cam16,30,30,4.320,8.233,90.266
subject0031,S,cam16,60,30,3.687,8.340,90.820
subject0031,GEN,cam16,0,0,nan,25.759,nan
subject0031,T,cam17,60,60,4.712,5.178,90.233
subject0031,Tk,cam17,30,30,3.451,5.345,90.373
subject0031,S,cam17,60,30,2.924,5.242,90.090
subject0031,GEN,cam17,0,0,nan,17.477,nan
subject0031,S240,cam09,105,52,3.568,5.957,89.753
subject0031,F,cam00,480,0,nan,24.878,89.741
subject0031,F,cam01,480,0,nan,23.687,89.741
subject0031,F,cam02,480,0,nan,40.135,89.741
subject0031,F,cam08,480,0,nan,13.889,89.741
subject0031,F,cam09,480,0,nan,11.564,89.741
subject0031,F,cam10,480,0,nan,36.295,89.741
subject0031,F,cam16,480,0,nan,31.517,89.741
subject0031,F,cam17,480,0,nan,16.537,89.741
subject0031,M,cam00,480,240,7.554,11.282,89.957
subject0031,M,cam01,480,240,7.554,10.503,89.957
subject0031,M,cam02,480,240,7.554,16.825,89.957
subject0031,M,cam08,480,240,7.554,9.858,89.957
subject0031,M,cam09,480,240,7.554,11.221,89.957
subject0031,M,cam10,480,240,7.554,26.470,89.957
subject0031,M,cam16,480,240,7.554,16.580,89.957
subject0031,M,cam17,480,240,7.554,17.294,89.957
subject0031,S_cross,cam00,0,0,nan,37.044,nan
subject0031,S_cross,cam01,0,0,nan,33.355,nan
subject0031,S_cross,cam02,0,0,nan,46.674,nan
subject0031,S_cross,cam08,0,0,nan,15.902,nan
subject0031,S_cross,cam10,0,0,nan,30.868,nan
subject0031,S_cross,cam16,0,0,nan,33.363,nan
subject0031,S_cross,cam17,0,0,nan,15.218,nan
subject0035,T,cam00,60,60,4.994,6.184,89.593
subject0035,Tk,cam00,30,30,4.081,5.266,89.479
subject0035,S,cam00,60,30,2.846,5.187,89.564
subject0035,GEN,cam00,0,0,nan,24.068,nan
subject0035,T,cam01,59,59,3.645,4.816,89.577
subject0035,Tk,cam01,29,29,3.195,4.500,89.641
subject0035,S,cam01,59,29,2.748,4.575,89.637
subject0035,GEN,cam01,0,0,nan,24.002,nan
subject0035,T,cam02,60,60,4.777,6.240,88.588
subject0035,Tk,cam02,30,30,3.941,5.927,89.243
subject0035,S,cam02,60,30,3.125,5.832,89.301
subject0035,GEN,cam02,0,0,nan,26.118,nan
subject0035,T,cam08,59,59,4.076,5.409,89.326
subject0035,Tk,cam08,29,29,3.292,5.245,89.237
subject0035,S,cam08,59,29,2.777,5.162,89.502
subject0035,GEN,cam08,0,0,nan,25.278,nan
subject0035,T,cam09,59,59,4.103,5.196,89.259
subject0035,Tk,cam09,29,29,3.273,4.988,89.255
subject0035,S,cam09,59,29,3.038,4.851,89.264
subject0035,GEN,cam09,0,0,nan,25.844,nan
subject0035,T,cam10,59,59,6.302,7.259,88.203
subject0035,Tk,cam10,29,29,5.053,7.435,88.268
subject0035,S,cam10,59,29,4.051,7.472,88.402
subject0035,GEN,cam10,0,0,nan,32.100,nan
subject0035,T,cam16,59,59,4.776,5.898,89.672
subject0035,Tk,cam16,29,29,3.593,5.920,89.400
subject0035,S,cam16,59,29,2.928,5.961,89.598
subject0035,GEN,cam16,0,0,nan,31.837,nan
subject0035,T,cam17,59,59,5.608,6.313,89.271
subject0035,Tk,cam17,29,29,4.460,6.474,89.303
subject0035,S,cam17,59,29,2.993,6.537,89.449
subject0035,GEN,cam17,0,0,nan,25.135,nan
subject0035,S240,cam09,109,54,2.860,4.899,89.249
subject0035,F,cam00,474,0,nan,18.346,89.480
subject0035,F,cam01,474,0,nan,17.567,89.480
subject0035,F,cam02,474,0,nan,27.722,89.480
subject0035,F,cam08,474,0,nan,11.175,89.480
subject0035,F,cam09,474,0,nan,8.753,89.480
subject0035,F,cam10,474,0,nan,27.718,89.480
subject0035,F,cam16,474,0,nan,28.181,89.480
subject0035,F,cam17,474,0,nan,11.519,89.480
subject0035,M,cam00,474,237,6.241,10.139,89.690
subject0035,M,cam01,474,237,6.241,7.930,89.690
subject0035,M,cam02,474,237,6.241,19.080,89.690
subject0035,M,cam08,474,237,6.241,7.464,89.690
subject0035,M,cam09,474,237,6.241,8.067,89.690
subject0035,M,cam10,474,237,6.241,26.237,89.690
subject0035,M,cam16,474,237,6.241,22.217,89.690
subject0035,M,cam17,474,237,6.241,11.076,89.690
subject0035,S_cross,cam00,0,0,nan,27.663,nan
subject0035,S_cross,cam01,0,0,nan,25.798,nan
subject0035,S_cross,cam02,0,0,nan,30.758,nan
subject0035,S_cross,cam08,0,0,nan,12.552,nan
subject0035,S_cross,cam10,0,0,nan,26.746,nan
subject0035,S_cross,cam16,0,0,nan,30.125,nan
subject0035,S_cross,cam17,0,0,nan,10.569,nan
subject0028,T,cam00,60,60,3.710,4.543,89.956
subject0028,Tk,cam00,30,30,2.986,4.330,90.113
subject0028,S,cam00,60,30,2.217,4.396,89.977
subject0028,GEN,cam00,0,0,nan,20.473,nan
subject0028,T,cam01,60,60,4.398,5.403,89.861
subject0028,Tk,cam01,30,30,3.609,4.233,89.910
subject0028,S,cam01,60,30,2.291,4.112,90.092
subject0028,GEN,cam01,0,0,nan,21.767,nan
subject0028,T,cam02,60,60,4.050,6.069,88.145
subject0028,Tk,cam02,30,30,3.356,4.959,88.084
subject0028,S,cam02,60,30,2.365,4.865,89.052
subject0028,GEN,cam02,0,0,nan,32.046,nan
subject0028,T,cam07,60,60,4.055,5.023,86.865
subject0028,Tk,cam07,30,30,3.444,4.680,87.848
subject0028,S,cam07,60,30,2.869,4.325,87.206
subject0028,GEN,cam07,0,0,nan,26.023,nan
subject0028,T,cam08,60,60,5.285,6.212,89.470
subject0028,Tk,cam08,30,30,4.634,5.704,89.890
subject0028,S,cam08,60,30,3.667,5.785,89.816
subject0028,GEN,cam08,0,0,nan,25.451,nan
subject0028,T,cam09,60,60,5.027,5.718,88.963
subject0028,Tk,cam09,30,30,4.041,5.164,89.000
subject0028,S,cam09,60,30,3.351,5.548,89.059
subject0028,GEN,cam09,0,0,nan,27.112,nan
subject0028,T,cam10,60,60,5.188,6.657,87.942
subject0028,Tk,cam10,30,30,4.057,4.556,89.985
subject0028,S,cam10,60,30,2.639,4.643,89.473
subject0028,GEN,cam10,0,0,nan,37.252,nan
subject0028,T,cam16,60,60,4.322,5.443,88.769
subject0028,Tk,cam16,30,30,3.460,4.099,90.008
subject0028,S,cam16,60,30,2.442,3.824,90.192
subject0028,GEN,cam16,0,0,nan,30.972,nan
subject0028,T,cam17,59,59,3.157,3.909,89.459
subject0028,Tk,cam17,29,29,2.317,3.938,89.510
subject0028,S,cam17,59,29,2.117,3.894,89.317
subject0028,GEN,cam17,0,0,nan,25.599,nan
subject0028,S240,cam09,121,60,3.223,5.466,89.269
subject0028,F,cam00,539,0,nan,17.649,89.788
subject0028,F,cam01,539,0,nan,19.504,89.788
subject0028,F,cam02,539,0,nan,36.645,89.788
subject0028,F,cam07,539,0,nan,31.241,89.788
subject0028,F,cam08,539,0,nan,13.557,89.788
subject0028,F,cam09,539,0,nan,15.998,89.788
subject0028,F,cam10,539,0,nan,38.638,89.788
subject0028,F,cam16,539,0,nan,27.206,89.788
subject0028,F,cam17,539,0,nan,13.149,89.788
subject0028,M,cam00,539,269,9.769,10.497,89.413
subject0028,M,cam01,539,269,9.769,11.255,89.413
subject0028,M,cam02,539,269,9.769,14.164,89.413
subject0028,M,cam07,539,269,9.769,21.176,89.413
subject0028,M,cam08,539,269,9.769,12.223,89.413
subject0028,M,cam09,539,269,9.769,13.213,89.413
subject0028,M,cam10,539,269,9.769,22.015,89.413
subject0028,M,cam16,539,269,9.769,16.122,89.413
subject0028,M,cam17,539,269,9.769,19.420,89.413
subject0028,S_cross,cam00,0,0,nan,30.108,nan
subject0028,S_cross,cam01,0,0,nan,26.463,nan
subject0028,S_cross,cam02,0,0,nan,39.240,nan
subject0028,S_cross,cam07,0,0,nan,44.019,nan
subject0028,S_cross,cam08,0,0,nan,17.792,nan
subject0028,S_cross,cam10,0,0,nan,33.979,nan
subject0028,S_cross,cam16,0,0,nan,35.297,nan
subject0028,S_cross,cam17,0,0,nan,16.267,nan
subject0027,T,cam00,60,60,7.814,9.060,89.928
subject0027,Tk,cam00,30,30,5.673,9.074,89.946
subject0027,S,cam00,60,30,4.825,8.961,89.682
subject0027,GEN,cam00,0,0,nan,24.115,nan
subject0027,T,cam01,60,60,8.300,9.857,89.798
subject0027,Tk,cam01,30,30,5.788,9.649,89.819
subject0027,S,cam01,60,30,4.966,10.012,89.676
subject0027,GEN,cam01,0,0,nan,26.052,nan
subject0027,T,cam02,60,60,7.394,8.462,89.536
subject0027,Tk,cam02,30,30,5.520,9.021,89.552
subject0027,S,cam02,60,30,5.288,8.861,89.796
subject0027,GEN,cam02,0,0,nan,30.419,nan
subject0027,T,cam07,60,60,5.662,7.191,89.458
subject0027,Tk,cam07,30,30,4.323,7.285,89.380
subject0027,S,cam07,60,30,3.966,7.308,89.938
subject0027,GEN,cam07,0,0,nan,27.735,nan
subject0027,T,cam08,60,60,6.893,8.608,90.208
subject0027,Tk,cam08,30,30,5.547,7.509,90.358
subject0027,S,cam08,60,30,3.897,7.460,90.527
subject0027,GEN,cam08,0,0,nan,24.910,nan
subject0027,T,cam09,60,60,7.927,8.417,89.992
subject0027,Tk,cam09,30,30,5.719,7.813,90.033
subject0027,S,cam09,60,30,4.649,7.634,89.896
subject0027,GEN,cam09,0,0,nan,23.627,nan
subject0027,T,cam10,60,60,9.179,10.924,88.675
subject0027,Tk,cam10,30,30,6.931,10.215,88.695
subject0027,S,cam10,60,30,6.624,10.044,88.663
subject0027,GEN,cam10,0,0,nan,38.263,nan
subject0027,T,cam16,60,60,7.629,9.197,89.743
subject0027,Tk,cam16,30,30,5.448,10.064,89.749
subject0027,S,cam16,60,30,4.705,10.205,89.722
subject0027,GEN,cam16,0,0,nan,34.529,nan
subject0027,T,cam17,60,60,7.443,9.010,90.144
subject0027,Tk,cam17,30,30,6.369,8.975,90.034
subject0027,S,cam17,60,30,5.750,8.795,90.087
subject0027,GEN,cam17,0,0,nan,26.588,nan
subject0027,S240,cam10,123,61,6.508,10.297,88.621
subject0027,F,cam00,540,0,nan,17.100,89.822
subject0027,F,cam01,540,0,nan,17.887,89.822
subject0027,F,cam02,540,0,nan,40.643,89.822
subject0027,F,cam07,540,0,nan,33.096,89.822
subject0027,F,cam08,540,0,nan,28.466,89.822
subject0027,F,cam09,540,0,nan,25.758,89.822
subject0027,F,cam10,540,0,nan,48.757,89.822
subject0027,F,cam16,540,0,nan,43.304,89.822
subject0027,F,cam17,540,0,nan,37.307,89.822
subject0027,M,cam00,540,270,12.291,13.348,89.773
subject0027,M,cam01,540,270,12.291,14.728,89.773
subject0027,M,cam02,540,270,12.291,24.460,89.773
subject0027,M,cam07,540,270,12.291,19.516,89.773
subject0027,M,cam08,540,270,12.291,18.871,89.773
subject0027,M,cam09,540,270,12.291,17.768,89.773
subject0027,M,cam10,540,270,12.291,38.211,89.773
subject0027,M,cam16,540,270,12.291,29.421,89.773
subject0027,M,cam17,540,270,12.291,31.652,89.773
subject0027,S_cross,cam00,0,0,nan,69.377,nan
subject0027,S_cross,cam01,0,0,nan,54.250,nan
subject0027,S_cross,cam02,0,0,nan,38.936,nan
subject0027,S_cross,cam07,0,0,nan,81.758,nan
subject0027,S_cross,cam08,0,0,nan,60.430,nan
subject0027,S_cross,cam09,0,0,nan,41.684,nan
subject0027,S_cross,cam16,0,0,nan,71.078,nan
subject0027,S_cross,cam17,0,0,nan,50.553,nan
subject0032,T,cam00,60,60,5.519,7.502,90.350
subject0032,Tk,cam00,30,30,4.086,7.732,90.387
subject0032,S,cam00,60,30,3.574,7.679,90.172
subject0032,GEN,cam00,0,0,nan,18.075,nan
subject0032,T,cam01,60,60,6.068,8.025,90.230
subject0032,Tk,cam01,30,30,4.503,8.064,90.334
subject0032,S,cam01,60,30,4.003,8.018,90.181
subject0032,GEN,cam01,0,0,nan,19.543,nan
subject0032,T,cam02,60,60,6.647,8.817,88.296
subject0032,Tk,cam02,30,30,5.163,7.876,89.266
subject0032,S,cam02,60,30,4.394,7.492,88.199
subject0032,GEN,cam02,0,0,nan,24.580,nan
subject0032,T,cam08,60,60,5.952,7.064,90.430
subject0032,Tk,cam08,30,30,4.717,7.228,90.441
subject0032,S,cam08,60,30,3.798,7.141,90.242
subject0032,GEN,cam08,0,0,nan,18.454,nan
subject0032,T,cam09,60,60,5.957,6.689,90.241
subject0032,Tk,cam09,30,30,4.614,6.991,90.263
subject0032,S,cam09,60,30,3.639,7.071,90.207
subject0032,GEN,cam09,0,0,nan,19.227,nan
subject0032,T,cam10,60,60,7.427,9.243,89.171
subject0032,Tk,cam10,30,30,5.010,9.094,89.418
subject0032,S,cam10,60,30,4.124,9.509,89.970
subject0032,GEN,cam10,0,0,nan,29.547,nan
subject0032,T,cam16,60,60,6.342,8.314,89.831
subject0032,Tk,cam16,30,30,4.990,8.079,90.019
subject0032,S,cam16,60,30,4.033,8.241,90.294
subject0032,GEN,cam16,0,0,nan,26.956,nan
subject0032,T,cam17,60,60,5.536,6.705,90.300
subject0032,Tk,cam17,30,30,4.499,6.726,90.294
subject0032,S,cam17,60,30,3.738,6.664,90.240
subject0032,GEN,cam17,0,0,nan,19.915,nan
subject0032,S240,cam09,116,58,3.915,6.802,90.197
subject0032,F,cam00,480,0,nan,17.766,90.130
subject0032,F,cam01,480,0,nan,19.387,90.130
subject0032,F,cam02,480,0,nan,35.681,90.130
subject0032,F,cam08,480,0,nan,18.706,90.130
subject0032,F,cam09,480,0,nan,18.849,90.130
subject0032,F,cam10,480,0,nan,36.852,90.130
subject0032,F,cam16,480,0,nan,32.483,90.130
subject0032,F,cam17,480,0,nan,24.355,90.130
subject0032,M,cam00,480,240,8.185,10.871,90.055
subject0032,M,cam01,480,240,8.185,11.127,90.055
subject0032,M,cam02,480,240,8.185,19.201,90.055
subject0032,M,cam08,480,240,8.185,13.907,90.055
subject0032,M,cam09,480,240,8.185,13.031,90.055
subject0032,M,cam10,480,240,8.185,27.229,90.055
subject0032,M,cam16,480,240,8.185,21.830,90.055
subject0032,M,cam17,480,240,8.185,20.181,90.055
subject0032,S_cross,cam00,0,0,nan,36.821,nan
subject0032,S_cross,cam01,0,0,nan,37.531,nan
subject0032,S_cross,cam02,0,0,nan,48.141,nan
subject0032,S_cross,cam08,0,0,nan,13.746,nan
subject0032,S_cross,cam10,0,0,nan,29.320,nan
subject0032,S_cross,cam16,0,0,nan,29.328,nan
subject0032,S_cross,cam17,0,0,nan,12.619,nan
subject0036,T,cam00,60,60,4.030,5.315,90.437
subject0036,Tk,cam00,30,30,3.486,5.204,90.412
subject0036,S,cam00,60,30,3.149,5.250,90.379
subject0036,GEN,cam00,0,0,nan,18.147,nan
subject0036,T,cam01,60,60,4.646,6.179,90.215
subject0036,Tk,cam01,30,30,3.648,5.589,90.311
subject0036,S,cam01,60,30,2.774,5.580,90.260
subject0036,GEN,cam01,0,0,nan,19.645,nan
subject0036,T,cam02,60,60,4.666,7.505,88.234
subject0036,Tk,cam02,30,30,3.327,7.009,88.974
subject0036,S,cam02,60,30,3.017,6.938,89.002
subject0036,GEN,cam02,0,0,nan,29.273,nan
subject0036,T,cam08,60,60,5.513,7.333,90.024
subject0036,Tk,cam08,30,30,4.362,7.208,90.139
subject0036,S,cam08,60,30,3.500,7.219,89.993
subject0036,GEN,cam08,0,0,nan,20.350,nan
subject0036,T,cam09,60,60,5.572,6.805,90.197
subject0036,Tk,cam09,30,30,3.999,6.818,90.110
subject0036,S,cam09,60,30,3.090,6.890,90.040
subject0036,GEN,cam09,0,0,nan,19.355,nan
subject0036,T,cam10,60,60,8.672,13.710,89.067
subject0036,Tk,cam10,30,30,6.168,12.736,89.564
subject0036,S,cam10,60,30,5.721,12.428,89.839
subject0036,GEN,cam10,0,0,nan,30.575,nan
subject0036,T,cam16,60,60,6.293,9.378,89.133
subject0036,Tk,cam16,30,30,4.960,8.061,90.049
subject0036,S,cam16,60,30,3.937,8.167,90.097
subject0036,GEN,cam16,0,0,nan,25.494,nan
subject0036,T,cam17,60,60,6.778,7.734,90.308
subject0036,Tk,cam17,30,30,4.804,6.687,90.314
subject0036,S,cam17,60,30,3.986,6.471,89.911
subject0036,GEN,cam17,0,0,nan,21.456,nan
subject0036,S240,cam09,124,62,3.513,6.806,90.039
subject0036,F,cam00,480,0,nan,19.917,90.244
subject0036,F,cam01,480,0,nan,19.366,90.244
subject0036,F,cam02,480,0,nan,36.024,90.244
subject0036,F,cam08,480,0,nan,10.857,90.244
subject0036,F,cam09,480,0,nan,12.980,90.244
subject0036,F,cam10,480,0,nan,34.969,90.244
subject0036,F,cam16,480,0,nan,26.224,90.244
subject0036,F,cam17,480,0,nan,16.053,90.244
subject0036,M,cam00,480,240,7.654,11.083,90.271
subject0036,M,cam01,480,240,7.654,8.819,90.271
subject0036,M,cam02,480,240,7.654,20.727,90.271
subject0036,M,cam08,480,240,7.654,9.204,90.271
subject0036,M,cam09,480,240,7.654,13.330,90.271
subject0036,M,cam10,480,240,7.654,26.807,90.271
subject0036,M,cam16,480,240,7.654,17.718,90.271
subject0036,M,cam17,480,240,7.654,17.243,90.271
subject0036,S_cross,cam00,0,0,nan,33.039,nan
subject0036,S_cross,cam01,0,0,nan,28.936,nan
subject0036,S_cross,cam02,0,0,nan,41.839,nan
subject0036,S_cross,cam08,0,0,nan,15.187,nan
subject0036,S_cross,cam10,0,0,nan,30.818,nan
subject0036,S_cross,cam16,0,0,nan,30.289,nan
subject0036,S_cross,cam17,0,0,nan,14.396,nan
subject0033,T,cam00,60,60,3.831,4.914,90.613
subject0033,Tk,cam00,30,30,2.926,4.910,90.551
subject0033,S,cam00,60,30,2.497,4.865,90.397
subject0033,GEN,cam00,0,0,nan,19.292,nan
subject0033,T,cam01,60,60,4.308,4.832,90.410
subject0033,Tk,cam01,30,30,3.370,4.844,90.422
subject0033,S,cam01,60,30,2.791,4.838,90.450
subject0033,GEN,cam01,0,0,nan,21.098,nan
subject0033,T,cam02,60,60,5.468,7.112,88.437
subject0033,Tk,cam02,30,30,3.979,6.535,88.602
subject0033,S,cam02,60,30,3.285,6.458,89.228
subject0033,GEN,cam02,0,0,nan,33.682,nan
subject0033,T,cam07,60,60,3.768,5.061,89.300
subject0033,Tk,cam07,30,30,3.086,5.243,88.588
subject0033,S,cam07,60,30,2.536,5.066,88.200
subject0033,GEN,cam07,0,0,nan,27.193,nan
subject0033,T,cam08,60,60,7.808,8.937,89.176
subject0033,Tk,cam08,30,30,5.928,7.975,89.238
subject0033,S,cam08,60,30,3.758,7.821,89.424
subject0033,GEN,cam08,0,0,nan,29.681,nan
subject0033,T,cam09,60,60,8.655,8.363,88.417
subject0033,Tk,cam09,30,30,5.816,7.622,88.352
subject0033,S,cam09,60,30,4.890,8.066,88.416
subject0033,GEN,cam09,0,0,nan,33.027,nan
subject0033,T,cam10,60,60,8.140,9.108,89.601
subject0033,Tk,cam10,30,30,5.997,7.582,89.926
subject0033,S,cam10,60,30,3.238,6.503,90.623
subject0033,GEN,cam10,0,0,nan,41.988,nan
subject0033,T,cam16,60,60,5.500,7.217,89.555
subject0033,Tk,cam16,30,30,4.278,5.800,89.604
subject0033,S,cam16,60,30,2.941,6.279,90.732
subject0033,GEN,cam16,0,0,nan,31.834,nan
subject0033,T,cam17,60,60,6.762,6.523,89.423
subject0033,Tk,cam17,30,30,5.333,6.145,89.365
subject0033,S,cam17,60,30,3.301,6.141,89.339
subject0033,GEN,cam17,0,0,nan,30.184,nan
subject0033,S240,cam09,124,62,5.809,9.425,88.024
subject0033,F,cam00,540,0,nan,29.768,89.657
subject0033,F,cam01,540,0,nan,32.442,89.657
subject0033,F,cam02,540,0,nan,45.095,89.657
subject0033,F,cam07,540,0,nan,40.895,89.657
subject0033,F,cam08,540,0,nan,17.601,89.657
subject0033,F,cam09,540,0,nan,21.383,89.657
subject0033,F,cam10,540,0,nan,49.430,89.657
subject0033,F,cam16,540,0,nan,27.841,89.657
subject0033,F,cam17,540,0,nan,20.385,89.657
subject0033,M,cam00,540,270,11.240,13.503,89.767
subject0033,M,cam01,540,270,11.240,13.601,89.767
subject0033,M,cam02,540,270,11.240,17.197,89.767
subject0033,M,cam07,540,270,11.240,24.842,89.767
subject0033,M,cam08,540,270,11.240,15.501,89.767
subject0033,M,cam09,540,270,11.240,18.144,89.767
subject0033,M,cam10,540,270,11.240,29.429,89.767
subject0033,M,cam16,540,270,11.240,16.205,89.767
subject0033,M,cam17,540,270,11.240,21.299,89.767
subject0033,S_cross,cam00,0,0,nan,36.254,nan
subject0033,S_cross,cam01,0,0,nan,33.969,nan
subject0033,S_cross,cam02,0,0,nan,38.818,nan
subject0033,S_cross,cam07,0,0,nan,48.529,nan
subject0033,S_cross,cam08,0,0,nan,19.327,nan
subject0033,S_cross,cam10,0,0,nan,30.353,nan
subject0033,S_cross,cam16,0,0,nan,34.720,nan
subject0033,S_cross,cam17,0,0,nan,17.259,nan
subject0038,T,cam00,60,60,5.230,6.890,89.938
subject0038,Tk,cam00,30,30,4.238,6.450,90.046
subject0038,S,cam00,60,30,3.672,6.357,89.750
subject0038,GEN,cam00,0,0,nan,28.223,nan
subject0038,T,cam01,60,60,5.234,6.872,90.152
subject0038,Tk,cam01,30,30,4.374,6.344,90.108
subject0038,S,cam01,60,30,3.549,6.262,90.087
subject0038,GEN,cam01,0,0,nan,30.792,nan
subject0038,T,cam02,60,60,4.492,6.447,89.232
subject0038,Tk,cam02,30,30,3.580,6.112,89.139
subject0038,S,cam02,60,30,2.794,6.096,89.227
subject0038,GEN,cam02,0,0,nan,27.588,nan
subject0038,T,cam03,60,60,3.889,4.922,89.495
subject0038,Tk,cam03,30,30,2.920,4.052,89.290
subject0038,S,cam03,60,30,2.127,4.072,89.192
subject0038,GEN,cam03,0,0,nan,26.915,nan
subject0038,T,cam04,59,59,4.186,5.594,89.329
subject0038,Tk,cam04,29,29,3.378,5.523,89.237
subject0038,S,cam04,59,29,2.886,5.529,89.329
subject0038,GEN,cam04,0,0,nan,20.669,nan
subject0038,T,cam06,59,59,4.465,5.806,89.454
subject0038,Tk,cam06,29,29,3.518,5.153,88.913
subject0038,S,cam06,59,29,2.863,5.115,90.649
subject0038,GEN,cam06,0,0,nan,30.067,nan
subject0038,T,cam07,60,60,4.496,6.030,88.801
subject0038,Tk,cam07,30,30,3.652,5.829,88.822
subject0038,S,cam07,60,30,3.062,5.724,89.250
subject0038,GEN,cam07,0,0,nan,32.573,nan
subject0038,T,cam08,59,59,7.203,8.817,89.618
subject0038,Tk,cam08,29,29,4.667,8.960,89.756
subject0038,S,cam08,59,29,4.268,8.893,89.861
subject0038,GEN,cam08,0,0,nan,39.541,nan
subject0038,T,cam09,59,59,10.674,12.444,89.383
subject0038,Tk,cam09,29,29,7.821,10.381,89.374
subject0038,S,cam09,59,29,6.009,10.583,89.445
subject0038,GEN,cam09,0,0,nan,41.944,nan
subject0038,T,cam10,59,59,8.179,10.651,88.139
subject0038,Tk,cam10,29,29,5.685,9.815,87.860
subject0038,S,cam10,59,29,4.473,10.624,87.710
subject0038,GEN,cam10,0,0,nan,53.358,nan
subject0038,T,cam16,59,59,5.635,6.664,88.601
subject0038,Tk,cam16,29,29,3.948,6.295,89.365
subject0038,S,cam16,59,29,3.421,6.365,89.396
subject0038,GEN,cam16,0,0,nan,52.547,nan
subject0038,T,cam17,59,59,4.837,5.761,89.177
subject0038,Tk,cam17,29,29,3.592,5.016,89.129
subject0038,S,cam17,59,29,2.724,5.103,89.134
subject0038,GEN,cam17,0,0,nan,43.969,nan
subject0038,S240,cam08,119,59,4.450,9.070,89.797
subject0038,F,cam00,713,0,nan,21.590,89.428
subject0038,F,cam01,713,0,nan,22.805,89.428
subject0038,F,cam02,713,0,nan,34.708,89.428
subject0038,F,cam03,713,0,nan,39.592,89.428
subject0038,F,cam04,713,0,nan,32.697,89.428
subject0038,F,cam06,713,0,nan,34.504,89.428
subject0038,F,cam07,713,0,nan,29.422,89.428
subject0038,F,cam08,713,0,nan,20.769,89.428
subject0038,F,cam09,713,0,nan,26.463,89.428
subject0038,F,cam10,713,0,nan,57.988,89.428
subject0038,F,cam16,713,0,nan,46.683,89.428
subject0038,F,cam17,713,0,nan,30.975,89.428
subject0038,M,cam00,713,356,12.050,11.906,89.873
subject0038,M,cam01,713,356,12.050,12.500,89.873
subject0038,M,cam02,713,356,12.050,17.444,89.873
subject0038,M,cam03,713,356,12.050,18.789,89.873
subject0038,M,cam04,713,356,12.050,18.892,89.873
subject0038,M,cam06,713,356,12.050,19.299,89.873
subject0038,M,cam07,713,356,12.050,19.816,89.873
subject0038,M,cam08,713,356,12.050,16.462,89.873
subject0038,M,cam09,713,356,12.050,18.428,89.873
subject0038,M,cam10,713,356,12.050,53.399,89.873
subject0038,M,cam16,713,356,12.050,42.394,89.873
subject0038,M,cam17,713,356,12.050,39.447,89.873
subject0038,S_cross,cam00,0,0,nan,38.965,nan
subject0038,S_cross,cam01,0,0,nan,46.816,nan
subject0038,S_cross,cam02,0,0,nan,59.767,nan
subject0038,S_cross,cam03,0,0,nan,69.615,nan
subject0038,S_cross,cam04,0,0,nan,68.846,nan
subject0038,S_cross,cam06,0,0,nan,57.266,nan
subject0038,S_cross,cam07,0,0,nan,46.985,nan
subject0038,S_cross,cam09,0,0,nan,27.469,nan
subject0038,S_cross,cam10,0,0,nan,62.847,nan
subject0038,S_cross,cam16,0,0,nan,48.971,nan
subject0038,S_cross,cam17,0,0,nan,15.893,nan
subject0039,T,cam00,60,60,4.110,5.302,90.498
subject0039,Tk,cam00,30,30,3.323,4.939,90.495
subject0039,S,cam00,60,30,3.041,4.880,90.228
subject0039,GEN,cam00,0,0,nan,18.016,nan
subject0039,T,cam01,60,60,4.579,5.509,90.463
subject0039,Tk,cam01,30,30,3.277,5.877,90.385
subject0039,S,cam01,60,30,2.611,5.872,90.362
subject0039,GEN,cam01,0,0,nan,19.651,nan
subject0039,T,cam02,60,60,4.790,6.561,89.852
subject0039,Tk,cam02,30,30,3.869,6.363,88.770
subject0039,S,cam02,60,30,3.470,6.501,89.490
subject0039,GEN,cam02,0,0,nan,26.117,nan
subject0039,T,cam07,60,60,4.732,6.606,90.297
subject0039,Tk,cam07,30,30,3.307,6.707,88.518
subject0039,S,cam07,60,30,3.038,6.399,88.709
subject0039,GEN,cam07,0,0,nan,23.189,nan
subject0039,T,cam08,60,60,6.193,7.387,90.261
subject0039,Tk,cam08,30,30,4.126,6.965,90.348
subject0039,S,cam08,60,30,3.533,6.903,89.768
subject0039,GEN,cam08,0,0,nan,18.667,nan
subject0039,T,cam09,60,60,6.618,7.959,89.947
subject0039,Tk,cam09,30,30,5.105,7.395,90.093
subject0039,S,cam09,60,30,4.128,7.467,89.909
subject0039,GEN,cam09,0,0,nan,20.991,nan
subject0039,T,cam10,60,60,8.421,11.117,88.846
subject0039,Tk,cam10,30,30,6.381,10.981,88.438
subject0039,S,cam10,60,30,5.505,10.704,88.231
subject0039,GEN,cam10,0,0,nan,35.627,nan
subject0039,T,cam16,60,60,6.655,10.133,89.877
subject0039,Tk,cam16,30,30,5.765,10.600,89.978
subject0039,S,cam16,60,30,3.794,10.210,90.493
subject0039,GEN,cam16,0,0,nan,27.441,nan
subject0039,T,cam17,60,60,5.426,6.045,90.016
subject0039,Tk,cam17,30,30,4.119,5.829,90.062
subject0039,S,cam17,60,30,3.047,5.777,89.759
subject0039,GEN,cam17,0,0,nan,18.560,nan
subject0039,S240,cam09,123,61,4.355,7.283,89.988
subject0039,F,cam00,540,0,nan,20.742,90.213
subject0039,F,cam01,540,0,nan,22.870,90.213
subject0039,F,cam02,540,0,nan,40.207,90.213
subject0039,F,cam07,540,0,nan,33.804,90.213
subject0039,F,cam08,540,0,nan,11.640,90.213
subject0039,F,cam09,540,0,nan,17.248,90.213
subject0039,F,cam10,540,0,nan,45.048,90.213
subject0039,F,cam16,540,0,nan,29.708,90.213
subject0039,F,cam17,540,0,nan,17.398,90.213
subject0039,M,cam00,540,270,8.398,10.423,90.288
subject0039,M,cam01,540,270,8.398,9.970,90.288
subject0039,M,cam02,540,270,8.398,19.853,90.288
subject0039,M,cam07,540,270,8.398,19.066,90.288
subject0039,M,cam08,540,270,8.398,9.595,90.288
subject0039,M,cam09,540,270,8.398,16.393,90.288
subject0039,M,cam10,540,270,8.398,32.098,90.288
subject0039,M,cam16,540,270,8.398,18.117,90.288
subject0039,M,cam17,540,270,8.398,16.761,90.288
subject0039,S_cross,cam00,0,0,nan,36.667,nan
subject0039,S_cross,cam01,0,0,nan,35.539,nan
subject0039,S_cross,cam02,0,0,nan,47.285,nan
subject0039,S_cross,cam07,0,0,nan,48.405,nan
subject0039,S_cross,cam08,0,0,nan,17.589,nan
subject0039,S_cross,cam10,0,0,nan,36.647,nan
subject0039,S_cross,cam16,0,0,nan,34.610,nan
subject0039,S_cross,cam17,0,0,nan,14.583,nan
subject0046,T,cam00,60,60,3.956,5.360,90.270
subject0046,Tk,cam00,30,30,3.326,4.824,90.135
subject0046,S,cam00,60,30,2.420,4.646,89.941
subject0046,GEN,cam00,0,0,nan,16.481,nan
subject0046,T,cam01,60,60,4.246,5.938,89.871
subject0046,Tk,cam01,30,30,3.432,5.047,90.048
subject0046,S,cam01,60,30,2.891,4.819,90.094
subject0046,GEN,cam01,0,0,nan,18.234,nan
subject0046,T,cam02,60,60,3.922,5.044,88.121
subject0046,Tk,cam02,30,30,3.074,4.432,88.627
subject0046,S,cam02,60,30,2.262,4.356,88.803
subject0046,GEN,cam02,0,0,nan,23.404,nan
subject0046,T,cam07,60,60,3.604,5.358,88.016
subject0046,Tk,cam07,30,30,2.845,4.795,88.684
subject0046,S,cam07,60,30,2.059,4.682,88.718
subject0046,GEN,cam07,0,0,nan,17.193,nan
subject0046,T,cam08,60,60,4.602,5.831,90.839
subject0046,Tk,cam08,30,30,3.801,4.750,90.618
subject0046,S,cam08,60,30,2.708,4.711,90.564
subject0046,GEN,cam08,0,0,nan,12.968,nan
subject0046,T,cam09,60,60,4.611,6.097,90.359
subject0046,Tk,cam09,30,30,3.522,4.792,90.205
subject0046,S,cam09,60,30,2.832,4.822,90.257
subject0046,GEN,cam09,0,0,nan,14.907,nan
subject0046,T,cam10,60,60,5.266,7.123,88.331
subject0046,Tk,cam10,30,30,3.690,6.558,88.587
subject0046,S,cam10,60,30,2.719,6.742,88.647
subject0046,GEN,cam10,0,0,nan,26.690,nan
subject0046,T,cam16,60,60,4.963,7.004,89.122
subject0046,Tk,cam16,30,30,3.469,5.252,89.560
subject0046,S,cam16,60,30,2.554,5.368,89.635
subject0046,GEN,cam16,0,0,nan,21.397,nan
subject0046,T,cam17,60,60,4.836,6.447,90.302
subject0046,Tk,cam17,30,30,4.102,5.134,90.146
subject0046,S,cam17,60,30,2.492,4.943,90.178
subject0046,GEN,cam17,0,0,nan,17.566,nan
subject0046,S240,cam08,76,38,3.962,7.256,90.870
subject0046,F,cam00,540,0,nan,16.959,90.138
subject0046,F,cam01,540,0,nan,18.732,90.138
subject0046,F,cam02,540,0,nan,28.570,90.138
subject0046,F,cam07,540,0,nan,22.502,90.138
subject0046,F,cam08,540,0,nan,10.507,90.138
subject0046,F,cam09,540,0,nan,10.441,90.138
subject0046,F,cam10,540,0,nan,27.996,90.138
subject0046,F,cam16,540,0,nan,19.736,90.138
subject0046,F,cam17,540,0,nan,13.427,90.138
subject0046,M,cam00,540,270,5.958,8.095,90.283
subject0046,M,cam01,540,270,5.958,8.743,90.283
subject0046,M,cam02,540,270,5.958,18.830,90.283
subject0046,M,cam07,540,270,5.958,15.508,90.283
subject0046,M,cam08,540,270,5.958,7.965,90.283
subject0046,M,cam09,540,270,5.958,7.983,90.283
subject0046,M,cam10,540,270,5.958,24.196,90.283
subject0046,M,cam16,540,270,5.958,17.016,90.283
subject0046,M,cam17,540,270,5.958,10.044,90.283
subject0046,S_cross,cam00,0,0,nan,25.489,nan
subject0046,S_cross,cam01,0,0,nan,29.045,nan
subject0046,S_cross,cam02,0,0,nan,38.819,nan
subject0046,S_cross,cam07,0,0,nan,28.011,nan
subject0046,S_cross,cam09,0,0,nan,11.780,nan
subject0046,S_cross,cam10,0,0,nan,32.182,nan
subject0046,S_cross,cam16,0,0,nan,19.518,nan
subject0046,S_cross,cam17,0,0,nan,10.777,nan
subject0041,T,cam00,60,60,6.094,7.273,90.697
subject0041,Tk,cam00,30,30,4.716,5.549,90.756
subject0041,S,cam00,60,30,3.234,5.295,90.801
subject0041,GEN,cam00,0,0,nan,14.568,nan
subject0041,T,cam01,60,60,6.042,7.355,90.589
subject0041,Tk,cam01,30,30,4.796,5.256,90.709
subject0041,S,cam01,60,30,3.416,5.204,90.748
subject0041,GEN,cam01,0,0,nan,15.907,nan
subject0041,T,cam02,60,60,6.150,7.942,89.149
subject0041,Tk,cam02,30,30,3.756,6.748,90.624
subject0041,S,cam02,60,30,2.947,7.104,90.587
subject0041,GEN,cam02,0,0,nan,25.049,nan
subject0041,T,cam07,60,60,4.760,6.537,89.101
subject0041,Tk,cam07,30,30,3.364,4.940,90.182
subject0041,S,cam07,60,30,2.215,4.769,90.291
subject0041,GEN,cam07,0,0,nan,16.949,nan
subject0041,T,cam08,60,60,5.502,7.292,90.821
subject0041,Tk,cam08,30,30,4.041,5.423,90.639
subject0041,S,cam08,60,30,2.737,5.482,90.742
subject0041,GEN,cam08,0,0,nan,18.777,nan
subject0041,T,cam09,60,60,6.503,8.303,90.720
subject0041,Tk,cam09,30,30,5.068,6.297,90.623
subject0041,S,cam09,60,30,3.249,6.187,90.671
subject0041,GEN,cam09,0,0,nan,17.094,nan
subject0041,T,cam10,60,60,7.562,9.165,88.969
subject0041,Tk,cam10,30,30,5.447,8.687,89.026
subject0041,S,cam10,60,30,4.860,8.854,88.166
subject0041,GEN,cam10,0,0,nan,34.861,nan
subject0041,T,cam16,60,60,4.415,6.641,90.243
subject0041,Tk,cam16,30,30,3.617,6.165,90.285
subject0041,S,cam16,60,30,2.752,6.214,90.638
subject0041,GEN,cam16,0,0,nan,22.953,nan
subject0041,T,cam17,60,60,6.332,7.923,90.678
subject0041,Tk,cam17,30,30,4.644,5.491,90.474
subject0041,S,cam17,60,30,3.056,5.344,90.600
subject0041,GEN,cam17,0,0,nan,20.849,nan
subject0041,S240,cam09,112,56,2.992,5.645,90.529
subject0041,F,cam00,540,0,nan,15.905,90.810
subject0041,F,cam01,540,0,nan,21.738,90.810
subject0041,F,cam02,540,0,nan,42.604,90.810
subject0041,F,cam07,540,0,nan,28.469,90.810
subject0041,F,cam08,540,0,nan,13.125,90.810
subject0041,F,cam09,540,0,nan,18.459,90.810
subject0041,F,cam10,540,0,nan,48.094,90.810
subject0041,F,cam16,540,0,nan,29.856,90.810
subject0041,F,cam17,540,0,nan,18.317,90.810
subject0041,M,cam00,540,270,9.168,13.016,90.676
subject0041,M,cam01,540,270,9.168,12.900,90.676
subject0041,M,cam02,540,270,9.168,20.135,90.676
subject0041,M,cam07,540,270,9.168,16.132,90.676
subject0041,M,cam08,540,270,9.168,9.013,90.676
subject0041,M,cam09,540,270,9.168,13.437,90.676
subject0041,M,cam10,540,270,9.168,36.927,90.676
subject0041,M,cam16,540,270,9.168,23.099,90.676
subject0041,M,cam17,540,270,9.168,17.307,90.676
subject0041,S_cross,cam00,0,0,nan,30.572,nan
subject0041,S_cross,cam01,0,0,nan,32.482,nan
subject0041,S_cross,cam02,0,0,nan,49.604,nan
subject0041,S_cross,cam07,0,0,nan,40.450,nan
subject0041,S_cross,cam08,0,0,nan,14.896,nan
subject0041,S_cross,cam10,0,0,nan,39.851,nan
subject0041,S_cross,cam16,0,0,nan,32.834,nan
subject0041,S_cross,cam17,0,0,nan,14.594,nan
subject0040,T,cam00,60,60,5.566,6.953,90.188
subject0040,Tk,cam00,30,30,4.447,6.865,90.177
subject0040,S,cam00,60,30,3.472,6.863,90.165
subject0040,GEN,cam00,0,0,nan,24.716,nan
subject0040,T,cam01,60,60,5.610,7.803,90.058
subject0040,Tk,cam01,30,30,4.643,7.645,90.293
subject0040,S,cam01,60,30,3.662,7.695,90.306
subject0040,GEN,cam01,0,0,nan,26.851,nan
subject0040,T,cam08,59,59,8.681,11.541,88.396
subject0040,Tk,cam08,29,29,6.792,11.747,88.627
subject0040,S,cam08,59,29,6.185,11.641,89.232
subject0040,GEN,cam08,0,0,nan,39.476,nan
subject0040,T,cam09,59,59,9.978,13.932,89.044
subject0040,Tk,cam09,29,29,6.735,13.427,88.943
subject0040,S,cam09,59,29,5.680,13.368,88.601
subject0040,GEN,cam09,0,0,nan,44.676,nan
subject0040,T,cam16,59,59,7.420,10.121,88.958
subject0040,Tk,cam16,29,29,5.364,10.138,90.464
subject0040,S,cam16,59,29,4.057,10.057,94.314
subject0040,GEN,cam16,0,0,nan,35.126,nan
subject0040,T,cam17,59,59,9.259,10.862,88.723
subject0040,Tk,cam17,29,29,6.713,11.021,88.548
subject0040,S,cam17,59,29,5.880,11.794,89.753
subject0040,GEN,cam17,0,0,nan,36.342,nan
subject0040,S240,cam17,124,62,6.059,12.085,89.100
subject0040,F,cam00,356,0,nan,27.258,90.126
subject0040,F,cam01,356,0,nan,30.590,90.126
subject0040,F,cam08,356,0,nan,14.472,90.126
subject0040,F,cam09,356,0,nan,26.224,90.126
subject0040,F,cam16,356,0,nan,27.007,90.126
subject0040,F,cam17,356,0,nan,17.052,90.126
subject0040,M,cam00,356,178,11.138,16.156,89.843
subject0040,M,cam01,356,178,11.138,14.981,89.843
subject0040,M,cam08,356,178,11.138,16.744,89.843
subject0040,M,cam09,356,178,11.138,23.956,89.843
subject0040,M,cam16,356,178,11.138,17.983,89.843
subject0040,M,cam17,356,178,11.138,22.484,89.843
subject0040,S_cross,cam00,0,0,nan,38.400,nan
subject0040,S_cross,cam01,0,0,nan,40.411,nan
subject0040,S_cross,cam08,0,0,nan,15.388,nan
subject0040,S_cross,cam09,0,0,nan,23.256,nan
subject0040,S_cross,cam16,0,0,nan,31.437,nan
subject0044,T,cam00,60,60,5.263,6.146,90.264
subject0044,Tk,cam00,30,30,3.732,5.591,90.157
subject0044,S,cam00,60,30,3.161,5.466,90.146
subject0044,GEN,cam00,0,0,nan,22.391,nan
subject0044,T,cam01,60,60,4.762,5.856,89.959
subject0044,Tk,cam01,30,30,3.729,5.349,90.071
subject0044,S,cam01,60,30,3.147,5.513,90.121
subject0044,GEN,cam01,0,0,nan,24.092,nan
subject0044,T,cam02,60,60,4.890,6.763,88.687
subject0044,Tk,cam02,30,30,3.952,6.367,89.315
subject0044,S,cam02,60,30,3.559,6.378,89.430
subject0044,GEN,cam02,0,0,nan,37.371,nan
subject0044,T,cam03,60,60,3.849,5.256,88.967
subject0044,Tk,cam03,30,30,2.988,4.729,89.156
subject0044,S,cam03,60,30,2.567,4.704,89.252
subject0044,GEN,cam03,0,0,nan,31.797,nan
subject0044,T,cam04,60,60,3.199,4.253,90.083
subject0044,Tk,cam04,30,30,2.359,4.201,90.236
subject0044,S,cam04,60,30,1.932,4.250,90.247
subject0044,GEN,cam04,0,0,nan,16.845,nan
subject0044,T,cam05,60,60,3.192,4.214,89.815
subject0044,Tk,cam05,30,30,2.667,4.264,89.918
subject0044,S,cam05,60,30,2.176,4.300,89.707
subject0044,GEN,cam05,0,0,nan,19.513,nan
subject0044,T,cam06,60,60,4.721,5.967,89.657
subject0044,Tk,cam06,30,30,3.938,5.478,90.102
subject0044,S,cam06,60,30,3.336,5.376,90.416
subject0044,GEN,cam06,0,0,nan,29.686,nan
subject0044,T,cam07,60,60,4.715,5.866,89.443
subject0044,Tk,cam07,30,30,3.566,5.231,90.233
subject0044,S,cam07,60,30,2.970,5.016,90.213
subject0044,GEN,cam07,0,0,nan,30.707,nan
subject0044,T,cam08,59,59,4.325,5.463,89.297
subject0044,Tk,cam08,29,29,3.445,4.573,89.272
subject0044,S,cam08,59,29,2.558,4.713,89.472
subject0044,GEN,cam08,0,0,nan,35.149,nan
subject0044,T,cam09,59,59,5.079,5.837,88.909
subject0044,Tk,cam09,29,29,3.526,5.378,88.913
subject0044,S,cam09,59,29,2.872,5.384,88.994
subject0044,GEN,cam09,0,0,nan,36.366,nan
subject0044,T,cam10,59,59,6.402,6.641,87.791
subject0044,Tk,cam10,29,29,5.043,6.406,87.779
subject0044,S,cam10,59,29,4.929,6.462,87.672
subject0044,GEN,cam10,0,0,nan,43.972,nan
subject0044,T,cam16,59,59,4.044,4.571,88.539
subject0044,Tk,cam16,29,29,3.107,4.338,88.353
subject0044,S,cam16,59,29,2.395,4.318,88.613
subject0044,GEN,cam16,0,0,nan,40.173,nan
subject0044,T,cam17,59,59,3.028,3.636,88.809
subject0044,Tk,cam17,29,29,2.457,3.301,88.732
subject0044,S,cam17,59,29,1.868,3.190,88.798
subject0044,GEN,cam17,0,0,nan,38.783,nan
subject0044,S240,cam01,107,53,3.202,5.467,90.144
subject0044,F,cam00,775,0,nan,13.801,90.042
subject0044,F,cam01,775,0,nan,18.552,90.042
subject0044,F,cam02,775,0,nan,29.997,90.042
subject0044,F,cam03,775,0,nan,31.422,90.042
subject0044,F,cam04,775,0,nan,23.496,90.042
subject0044,F,cam05,775,0,nan,21.701,90.042
subject0044,F,cam06,775,0,nan,29.405,90.042
subject0044,F,cam07,775,0,nan,24.203,90.042
subject0044,F,cam08,775,0,nan,22.617,90.042
subject0044,F,cam09,775,0,nan,27.699,90.042
subject0044,F,cam10,775,0,nan,51.273,90.042
subject0044,F,cam16,775,0,nan,39.416,90.042
subject0044,F,cam17,775,0,nan,33.733,90.042
subject0044,M,cam00,775,387,10.186,12.243,89.729
subject0044,M,cam01,775,387,10.186,15.191,89.729
subject0044,M,cam02,775,387,10.186,19.313,89.729
subject0044,M,cam03,775,387,10.186,16.709,89.729
subject0044,M,cam04,775,387,10.186,12.967,89.729
subject0044,M,cam05,775,387,10.186,12.099,89.729
subject0044,M,cam06,775,387,10.186,16.856,89.729
subject0044,M,cam07,775,387,10.186,14.534,89.729
subject0044,M,cam08,775,387,10.186,20.983,89.729
subject0044,M,cam09,775,387,10.186,26.077,89.729
subject0044,M,cam10,775,387,10.186,39.571,89.729
subject0044,M,cam16,775,387,10.186,32.774,89.729
subject0044,M,cam17,775,387,10.186,43.619,89.729
subject0044,S_cross,cam00,0,0,nan,12.655,nan
subject0044,S_cross,cam02,0,0,nan,23.839,nan
subject0044,S_cross,cam03,0,0,nan,25.040,nan
subject0044,S_cross,cam04,0,0,nan,17.657,nan
subject0044,S_cross,cam05,0,0,nan,23.096,nan
subject0044,S_cross,cam06,0,0,nan,36.374,nan
subject0044,S_cross,cam07,0,0,nan,32.172,nan
subject0044,S_cross,cam08,0,0,nan,35.912,nan
subject0044,S_cross,cam09,0,0,nan,33.383,nan
subject0044,S_cross,cam10,0,0,nan,42.178,nan
subject0044,S_cross,cam16,0,0,nan,49.586,nan
subject0044,S_cross,cam17,0,0,nan,45.429,nan
subject0051,T,cam00,60,60,5.763,7.479,91.104
subject0051,Tk,cam00,30,30,4.587,6.033,90.992
subject0051,S,cam00,60,30,3.285,5.936,90.510
subject0051,GEN,cam00,0,0,nan,13.147,nan
subject0051,T,cam01,60,60,6.675,8.713,90.501
subject0051,Tk,cam01,30,30,5.558,5.933,90.841
subject0051,S,cam01,60,30,3.070,5.882,90.818
subject0051,GEN,cam01,0,0,nan,14.374,nan
subject0051,T,cam02,60,60,7.385,9.972,88.181
subject0051,Tk,cam02,30,30,4.625,8.399,88.327
subject0051,S,cam02,60,30,3.858,8.613,89.075
subject0051,GEN,cam02,0,0,nan,31.168,nan
subject0051,T,cam08,59,59,5.122,5.880,90.794
subject0051,Tk,cam08,29,29,4.106,5.923,90.791
subject0051,S,cam08,59,29,3.587,5.767,90.376
subject0051,GEN,cam08,0,0,nan,11.088,nan
subject0051,T,cam09,59,59,5.815,6.430,90.264
subject0051,Tk,cam09,29,29,4.704,6.601,90.246
subject0051,S,cam09,59,29,3.526,6.498,90.167
subject0051,GEN,cam09,0,0,nan,16.700,nan
subject0051,T,cam10,59,59,6.835,8.606,91.104
subject0051,Tk,cam10,29,29,4.809,7.999,90.127
subject0051,S,cam10,59,29,4.714,8.502,91.097
subject0051,GEN,cam10,0,0,nan,39.407,nan
subject0051,T,cam16,59,59,6.294,7.706,89.726
subject0051,Tk,cam16,29,29,4.746,7.858,89.800
subject0051,S,cam16,59,29,4.260,8.273,90.346
subject0051,GEN,cam16,0,0,nan,25.172,nan
subject0051,T,cam17,59,59,4.386,5.590,90.270
subject0051,Tk,cam17,29,29,3.530,5.537,90.215
subject0051,S,cam17,59,29,2.750,5.558,90.157
subject0051,GEN,cam17,0,0,nan,16.135,nan
subject0051,S240,cam09,119,59,3.614,6.410,90.004
subject0051,F,cam00,475,0,nan,28.724,90.333
subject0051,F,cam01,475,0,nan,31.946,90.333
subject0051,F,cam02,475,0,nan,59.186,90.333
subject0051,F,cam08,475,0,nan,15.152,90.333
subject0051,F,cam09,475,0,nan,20.509,90.333
subject0051,F,cam10,475,0,nan,57.686,90.333
subject0051,F,cam16,475,0,nan,41.577,90.333
subject0051,F,cam17,475,0,nan,20.896,90.333
subject0051,M,cam00,475,237,9.589,14.084,90.458
subject0051,M,cam01,475,237,9.589,14.709,90.458
subject0051,M,cam02,475,237,9.589,23.329,90.458
subject0051,M,cam08,475,237,9.589,13.437,90.458
subject0051,M,cam09,475,237,9.589,14.473,90.458
subject0051,M,cam10,475,237,9.589,34.919,90.458
subject0051,M,cam16,475,237,9.589,22.889,90.458
subject0051,M,cam17,475,237,9.589,15.722,90.458
subject0051,S_cross,cam00,0,0,nan,51.239,nan
subject0051,S_cross,cam01,0,0,nan,50.716,nan
subject0051,S_cross,cam02,0,0,nan,66.200,nan
subject0051,S_cross,cam08,0,0,nan,21.727,nan
subject0051,S_cross,cam10,0,0,nan,45.550,nan
subject0051,S_cross,cam16,0,0,nan,45.103,nan
subject0051,S_cross,cam17,0,0,nan,14.325,nan
subject0043,T,cam00,59,59,4.394,5.262,90.452
subject0043,Tk,cam00,29,29,3.663,4.966,90.429
subject0043,S,cam00,59,29,2.818,4.969,90.348
subject0043,GEN,cam00,0,0,nan,16.841,nan
subject0043,T,cam01,59,59,4.453,5.813,90.739
subject0043,Tk,cam01,29,29,3.488,5.562,90.818
subject0043,S,cam01,59,29,2.824,5.492,90.701
subject0043,GEN,cam01,0,0,nan,16.430,nan
subject0043,T,cam02,59,59,5.311,7.265,89.587
subject0043,Tk,cam02,29,29,3.702,7.283,89.569
subject0043,S,cam02,59,29,2.992,7.553,90.050
subject0043,GEN,cam02,0,0,nan,26.926,nan
subject0043,T,cam03,60,60,4.461,5.736,88.898
subject0043,Tk,cam03,30,30,3.090,5.517,89.394
subject0043,S,cam03,60,30,2.358,5.361,89.554
subject0043,GEN,cam03,0,0,nan,23.416,nan
subject0043,T,cam04,59,59,3.296,3.877,90.304
subject0043,Tk,cam04,29,29,2.479,4.124,90.268
subject0043,S,cam04,59,29,1.918,3.385,90.105
subject0043,GEN,cam04,0,0,nan,15.159,nan
subject0043,T,cam07,60,60,4.341,5.809,89.374
subject0043,Tk,cam07,30,30,3.356,5.493,90.457
subject0043,S,cam07,60,30,2.495,5.378,90.495
subject0043,GEN,cam07,0,0,nan,21.341,nan
subject0043,T,cam08,59,59,6.368,6.724,90.064
subject0043,Tk,cam08,29,29,5.144,7.251,90.134
subject0043,S,cam08,59,29,4.402,7.344,89.778
subject0043,GEN,cam08,0,0,nan,22.926,nan
subject0043,T,cam09,59,59,5.709,7.231,90.387
subject0043,Tk,cam09,29,29,4.511,7.054,90.369
subject0043,S,cam09,59,29,3.862,6.918,90.146
subject0043,GEN,cam09,0,0,nan,19.573,nan
subject0043,T,cam10,59,59,8.989,10.114,88.706
subject0043,Tk,cam10,29,29,6.213,10.530,88.808
subject0043,S,cam10,59,29,5.215,10.680,88.626
subject0043,GEN,cam10,0,0,nan,37.352,nan
subject0043,T,cam16,59,59,6.917,9.272,90.363
subject0043,Tk,cam16,29,29,4.127,9.817,90.783
subject0043,S,cam16,59,29,3.473,9.927,92.182
subject0043,GEN,cam16,0,0,nan,32.799,nan
subject0043,T,cam17,59,59,5.311,5.934,90.370
subject0043,Tk,cam17,29,29,4.167,5.727,90.341
subject0043,S,cam17,59,29,3.547,5.784,90.090
subject0043,GEN,cam17,0,0,nan,21.511,nan
subject0043,S240,cam09,114,57,4.123,6.962,90.177
subject0043,F,cam00,651,0,nan,14.442,90.063
subject0043,F,cam01,651,0,nan,13.532,90.063
subject0043,F,cam02,651,0,nan,32.098,90.063
subject0043,F,cam03,651,0,nan,33.508,90.063
subject0043,F,cam04,651,0,nan,33.037,90.063
subject0043,F,cam07,651,0,nan,28.521,90.063
subject0043,F,cam08,651,0,nan,17.489,90.063
subject0043,F,cam09,651,0,nan,15.224,90.063
subject0043,F,cam10,651,0,nan,43.375,90.063
subject0043,F,cam16,651,0,nan,38.509,90.063
subject0043,F,cam17,651,0,nan,21.048,90.063
subject0043,M,cam00,651,325,9.061,9.669,90.375
subject0043,M,cam01,651,325,9.061,9.339,90.375
subject0043,M,cam02,651,325,9.061,15.636,90.375
subject0043,M,cam03,651,325,9.061,13.889,90.375
subject0043,M,cam04,651,325,9.061,16.451,90.375
subject0043,M,cam07,651,325,9.061,18.838,90.375
subject0043,M,cam08,651,325,9.061,11.965,90.375
subject0043,M,cam09,651,325,9.061,11.606,90.375
subject0043,M,cam10,651,325,9.061,39.929,90.375
subject0043,M,cam16,651,325,9.061,28.647,90.375
subject0043,M,cam17,651,325,9.061,25.443,90.375
subject0043,S_cross,cam00,0,0,nan,33.745,nan
subject0043,S_cross,cam01,0,0,nan,26.010,nan
subject0043,S_cross,cam02,0,0,nan,44.385,nan
subject0043,S_cross,cam03,0,0,nan,53.924,nan
subject0043,S_cross,cam04,0,0,nan,66.970,nan
subject0043,S_cross,cam07,0,0,nan,47.371,nan
subject0043,S_cross,cam08,0,0,nan,19.550,nan
subject0043,S_cross,cam10,0,0,nan,35.554,nan
subject0043,S_cross,cam16,0,0,nan,44.928,nan
subject0043,S_cross,cam17,0,0,nan,19.876,nan
subject0045,T,cam00,60,60,5.564,6.481,90.221
subject0045,Tk,cam00,30,30,4.178,5.793,90.251
subject0045,S,cam00,60,30,3.369,5.578,89.804
subject0045,GEN,cam00,0,0,nan,20.530,nan
subject0045,T,cam01,60,60,5.824,6.672,90.606
subject0045,Tk,cam01,30,30,4.308,6.270,90.580
subject0045,S,cam01,60,30,3.915,6.352,90.480
subject0045,GEN,cam01,0,0,nan,20.463,nan
subject0045,T,cam02,60,60,6.314,7.425,88.431
subject0045,Tk,cam02,30,30,4.625,6.986,88.574
subject0045,S,cam02,60,30,4.286,7.746,88.556
subject0045,GEN,cam02,0,0,nan,29.229,nan
subject0045,T,cam03,60,60,5.458,6.006,88.765
subject0045,Tk,cam03,30,30,4.015,5.841,89.178
subject0045,S,cam03,60,30,3.941,5.995,89.250
subject0045,GEN,cam03,0,0,nan,23.980,nan
subject0045,T,cam06,60,60,5.794,7.237,88.011
subject0045,Tk,cam06,30,30,4.297,5.325,88.715
subject0045,S,cam06,60,30,3.187,5.202,86.819
subject0045,GEN,cam06,0,0,nan,22.540,nan
subject0045,T,cam07,60,60,6.885,8.213,88.078
subject0045,Tk,cam07,30,30,4.474,6.806,89.092
subject0045,S,cam07,60,30,3.841,6.647,88.174
subject0045,GEN,cam07,0,0,nan,24.574,nan
subject0045,T,cam08,60,60,7.043,8.016,89.338
subject0045,Tk,cam08,30,30,5.929,6.769,89.602
subject0045,S,cam08,60,30,4.563,6.485,89.528
subject0045,GEN,cam08,0,0,nan,33.029,nan
subject0045,T,cam09,60,60,11.429,10.777,89.131
subject0045,Tk,cam09,30,30,8.602,6.304,89.356
subject0045,S,cam09,60,30,4.037,6.304,89.135
subject0045,GEN,cam09,0,0,nan,33.594,nan
subject0045,T,cam10,60,60,10.174,11.393,89.129
subject0045,Tk,cam10,30,30,8.009,10.919,90.641
subject0045,S,cam10,60,30,7.172,11.649,90.608
subject0045,GEN,cam10,0,0,nan,46.220,nan
subject0045,T,cam16,60,60,8.430,10.110,88.413
subject0045,Tk,cam16,30,30,6.025,6.033,89.349
subject0045,S,cam16,60,30,3.291,5.845,90.581
subject0045,GEN,cam16,0,0,nan,40.063,nan
subject0045,T,cam17,60,60,7.443,7.204,89.832
subject0045,Tk,cam17,30,30,4.760,6.900,89.896
subject0045,S,cam17,60,30,3.756,6.874,89.821
subject0045,GEN,cam17,0,0,nan,32.859,nan
subject0045,S240,cam09,124,62,4.970,6.398,89.132
subject0045,F,cam00,660,0,nan,17.524,89.782
subject0045,F,cam01,660,0,nan,20.620,89.782
subject0045,F,cam02,660,0,nan,39.458,89.782
subject0045,F,cam03,660,0,nan,41.450,89.782
subject0045,F,cam06,660,0,nan,36.759,89.782
subject0045,F,cam07,660,0,nan,26.052,89.782
subject0045,F,cam08,660,0,nan,23.086,89.782
subject0045,F,cam09,660,0,nan,27.698,89.782
subject0045,F,cam10,660,0,nan,55.221,89.782
subject0045,F,cam16,660,0,nan,38.166,89.782
subject0045,F,cam17,660,0,nan,24.801,89.782
subject0045,M,cam00,660,330,11.323,13.674,89.787
subject0045,M,cam01,660,330,11.323,16.357,89.787
subject0045,M,cam02,660,330,11.323,14.239,89.787
subject0045,M,cam03,660,330,11.323,16.803,89.787
subject0045,M,cam06,660,330,11.323,22.479,89.787
subject0045,M,cam07,660,330,11.323,14.575,89.787
subject0045,M,cam08,660,330,11.323,17.813,89.787
subject0045,M,cam09,660,330,11.323,23.633,89.787
subject0045,M,cam10,660,330,11.323,36.553,89.787
subject0045,M,cam16,660,330,11.323,26.086,89.787
subject0045,M,cam17,660,330,11.323,32.382,89.787
subject0045,S_cross,cam00,0,0,nan,44.388,nan
subject0045,S_cross,cam01,0,0,nan,41.205,nan
subject0045,S_cross,cam02,0,0,nan,54.892,nan
subject0045,S_cross,cam03,0,0,nan,63.856,nan
subject0045,S_cross,cam06,0,0,nan,64.851,nan
subject0045,S_cross,cam07,0,0,nan,48.054,nan
subject0045,S_cross,cam08,0,0,nan,16.311,nan
subject0045,S_cross,cam10,0,0,nan,45.338,nan
subject0045,S_cross,cam16,0,0,nan,43.459,nan
subject0045,S_cross,cam17,0,0,nan,28.132,nan
subject0048,T,cam00,60,60,5.411,5.920,90.235
subject0048,Tk,cam00,30,30,3.981,5.968,90.331
subject0048,S,cam00,60,30,3.723,5.789,89.954
subject0048,GEN,cam00,0,0,nan,22.495,nan
subject0048,T,cam01,60,60,5.206,5.588,90.446
subject0048,Tk,cam01,30,30,4.307,5.648,90.502
subject0048,S,cam01,60,30,3.239,5.723,90.532
subject0048,GEN,cam01,0,0,nan,23.399,nan
subject0048,T,cam02,60,60,4.819,5.357,88.982
subject0048,Tk,cam02,30,30,3.883,5.510,88.762
subject0048,S,cam02,60,30,3.574,5.543,90.079
subject0048,GEN,cam02,0,0,nan,33.435,nan
subject0048,T,cam03,60,60,4.392,5.326,89.575
subject0048,Tk,cam03,30,30,3.440,5.213,88.803
subject0048,S,cam03,60,30,3.165,5.237,89.596
subject0048,GEN,cam03,0,0,nan,28.485,nan
subject0048,T,cam07,60,60,4.978,6.045,90.505
subject0048,Tk,cam07,30,30,4.185,5.831,90.496
subject0048,S,cam07,60,30,3.553,5.519,91.369
subject0048,GEN,cam07,0,0,nan,28.829,nan
subject0048,T,cam08,60,60,5.283,5.691,89.347
subject0048,Tk,cam08,30,30,4.284,5.619,89.391
subject0048,S,cam08,60,30,3.607,5.628,89.315
subject0048,GEN,cam08,0,0,nan,35.542,nan
subject0048,T,cam09,60,60,5.038,5.557,89.143
subject0048,Tk,cam09,30,30,3.834,5.440,89.199
subject0048,S,cam09,60,30,2.787,5.392,88.888
subject0048,GEN,cam09,0,0,nan,34.089,nan
subject0048,T,cam10,60,60,6.184,6.315,87.099
subject0048,Tk,cam10,30,30,3.909,6.344,87.248
subject0048,S,cam10,60,30,3.712,6.284,86.875
subject0048,GEN,cam10,0,0,nan,47.081,nan
subject0048,T,cam16,60,60,3.756,4.834,89.620
subject0048,Tk,cam16,30,30,3.055,5.091,89.618
subject0048,S,cam16,60,30,2.635,5.132,90.254
subject0048,GEN,cam16,0,0,nan,35.367,nan
subject0048,T,cam17,60,60,4.584,5.243,89.161
subject0048,Tk,cam17,30,30,3.626,4.998,89.187
subject0048,S,cam17,60,30,2.638,5.058,89.095
subject0048,GEN,cam17,0,0,nan,35.078,nan
subject0048,S240,cam09,123,61,3.278,5.544,89.070
subject0048,F,cam00,600,0,nan,17.347,89.328
subject0048,F,cam01,600,0,nan,21.189,89.328
subject0048,F,cam02,600,0,nan,37.647,89.328
subject0048,F,cam03,600,0,nan,39.130,89.328
subject0048,F,cam07,600,0,nan,31.432,89.328
subject0048,F,cam08,600,0,nan,17.103,89.328
subject0048,F,cam09,600,0,nan,16.049,89.328
subject0048,F,cam10,600,0,nan,47.461,89.328
subject0048,F,cam16,600,0,nan,34.424,89.328
subject0048,F,cam17,600,0,nan,22.588,89.328
subject0048,M,cam00,600,300,9.358,14.993,89.202
subject0048,M,cam01,600,300,9.358,17.984,89.202
subject0048,M,cam02,600,300,9.358,11.621,89.202
subject0048,M,cam03,600,300,9.358,12.278,89.202
subject0048,M,cam07,600,300,9.358,20.643,89.202
subject0048,M,cam08,600,300,9.358,12.337,89.202
subject0048,M,cam09,600,300,9.358,14.010,89.202
subject0048,M,cam10,600,300,9.358,35.078,89.202
subject0048,M,cam16,600,300,9.358,26.313,89.202
subject0048,M,cam17,600,300,9.358,20.955,89.202
subject0048,S_cross,cam00,0,0,nan,34.705,nan
subject0048,S_cross,cam01,0,0,nan,34.280,nan
subject0048,S_cross,cam02,0,0,nan,56.801,nan
subject0048,S_cross,cam03,0,0,nan,63.297,nan
subject0048,S_cross,cam07,0,0,nan,55.268,nan
subject0048,S_cross,cam08,0,0,nan,18.969,nan
subject0048,S_cross,cam10,0,0,nan,40.052,nan
subject0048,S_cross,cam16,0,0,nan,41.782,nan
subject0048,S_cross,cam17,0,0,nan,13.303,nan
subject0050,T,cam00,60,60,5.789,7.204,91.017
subject0050,Tk,cam00,30,30,4.794,5.452,91.114
subject0050,S,cam00,60,30,2.827,5.403,91.220
subject0050,GEN,cam00,0,0,nan,16.972,nan
subject0050,T,cam01,60,60,5.519,7.479,91.151
subject0050,Tk,cam01,30,30,4.721,5.935,91.196
subject0050,S,cam01,60,30,3.166,6.029,91.257
subject0050,GEN,cam01,0,0,nan,18.946,nan
subject0050,T,cam02,60,60,5.908,8.461,89.064
subject0050,Tk,cam02,30,30,4.424,8.096,89.352
subject0050,S,cam02,60,30,3.849,8.026,89.367
subject0050,GEN,cam02,0,0,nan,27.101,nan
subject0050,T,cam03,60,60,4.653,6.515,89.120
subject0050,Tk,cam03,30,30,3.142,5.782,89.261
subject0050,S,cam03,60,30,2.679,5.634,89.077
subject0050,GEN,cam03,0,0,nan,25.008,nan
subject0050,T,cam04,60,60,4.413,6.063,90.266
subject0050,Tk,cam04,30,30,3.228,3.635,90.467
subject0050,S,cam04,60,30,1.903,3.366,90.477
subject0050,GEN,cam04,0,0,nan,15.189,nan
subject0050,T,cam05,60,60,4.269,5.609,90.488
subject0050,Tk,cam05,30,30,3.666,3.656,90.434
subject0050,S,cam05,60,30,1.920,3.540,90.526
subject0050,GEN,cam05,0,0,nan,14.725,nan
subject0050,T,cam06,60,60,4.563,6.017,89.531
subject0050,Tk,cam06,30,30,3.313,4.147,90.260
subject0050,S,cam06,60,30,2.007,3.973,90.533
subject0050,GEN,cam06,0,0,nan,20.090,nan
subject0050,T,cam07,60,60,5.347,6.979,88.789
subject0050,Tk,cam07,30,30,4.069,4.834,90.057
subject0050,S,cam07,60,30,2.554,4.682,90.625
subject0050,GEN,cam07,0,0,nan,21.762,nan
subject0050,T,cam08,59,59,6.476,7.547,91.457
subject0050,Tk,cam08,29,29,5.352,7.505,91.530
subject0050,S,cam08,59,29,4.098,7.587,91.468
subject0050,GEN,cam08,0,0,nan,24.364,nan
subject0050,T,cam09,59,59,6.283,6.648,91.230
subject0050,Tk,cam09,29,29,4.682,6.247,91.190
subject0050,S,cam09,59,29,3.751,5.936,91.051
subject0050,GEN,cam09,0,0,nan,22.667,nan
subject0050,T,cam10,59,59,7.353,9.624,89.011
subject0050,Tk,cam10,29,29,5.492,9.634,89.075
subject0050,S,cam10,59,29,4.371,9.570,88.540
subject0050,GEN,cam10,0,0,nan,38.367,nan
subject0050,T,cam16,59,59,4.328,6.116,89.752
subject0050,Tk,cam16,29,29,3.543,5.407,89.814
subject0050,S,cam16,59,29,3.023,5.624,89.644
subject0050,GEN,cam16,0,0,nan,34.540,nan
subject0050,S240,cam16,121,60,2.808,5.783,89.644
subject0050,F,cam00,716,0,nan,10.728,90.669
subject0050,F,cam01,716,0,nan,13.518,90.669
subject0050,F,cam02,716,0,nan,36.691,90.669
subject0050,F,cam03,716,0,nan,33.527,90.669
subject0050,F,cam04,716,0,nan,22.716,90.669
subject0050,F,cam05,716,0,nan,19.778,90.669
subject0050,F,cam06,716,0,nan,24.098,90.669
subject0050,F,cam07,716,0,nan,23.215,90.669
subject0050,F,cam08,716,0,nan,22.923,90.669
subject0050,F,cam09,716,0,nan,25.923,90.669
subject0050,F,cam10,716,0,nan,54.371,90.669
subject0050,F,cam16,716,0,nan,41.509,90.669
subject0050,M,cam00,716,358,8.391,8.809,90.626
subject0050,M,cam01,716,358,8.391,11.776,90.626
subject0050,M,cam02,716,358,8.391,24.266,90.626
subject0050,M,cam03,716,358,8.391,19.622,90.626
subject0050,M,cam04,716,358,8.391,10.419,90.626
subject0050,M,cam05,716,358,8.391,9.947,90.626
subject0050,M,cam06,716,358,8.391,15.564,90.626
subject0050,M,cam07,716,358,8.391,14.867,90.626
subject0050,M,cam08,716,358,8.391,20.409,90.626
subject0050,M,cam09,716,358,8.391,23.827,90.626
subject0050,M,cam10,716,358,8.391,51.364,90.626
subject0050,M,cam16,716,358,8.391,34.939,90.626
subject0050,S_cross,cam00,0,0,nan,51.900,nan
subject0050,S_cross,cam01,0,0,nan,59.883,nan
subject0050,S_cross,cam02,0,0,nan,58.959,nan
subject0050,S_cross,cam03,0,0,nan,61.354,nan
subject0050,S_cross,cam04,0,0,nan,66.602,nan
subject0050,S_cross,cam05,0,0,nan,58.853,nan
subject0050,S_cross,cam06,0,0,nan,43.920,nan
subject0050,S_cross,cam07,0,0,nan,33.057,nan
subject0050,S_cross,cam08,0,0,nan,36.921,nan
subject0050,S_cross,cam09,0,0,nan,51.847,nan
subject0050,S_cross,cam10,0,0,nan,68.293,nan
subject0052,T,cam00,60,60,6.629,8.424,88.690
subject0052,Tk,cam00,30,30,4.945,8.616,88.696
subject0052,S,cam00,60,30,3.987,8.223,88.614
subject0052,GEN,cam00,0,0,nan,33.333,nan
subject0052,T,cam01,60,60,6.798,7.984,88.962
subject0052,Tk,cam01,30,30,5.082,8.167,88.886
subject0052,S,cam01,60,30,4.372,8.015,88.853
subject0052,GEN,cam01,0,0,nan,35.988,nan
subject0052,T,cam02,60,60,4.939,7.749,87.755
subject0052,Tk,cam02,30,30,3.811,7.355,87.670
subject0052,S,cam02,60,30,3.542,7.329,87.865
subject0052,GEN,cam02,0,0,nan,43.220,nan
subject0052,T,cam03,60,60,4.046,5.486,87.997
subject0052,Tk,cam03,30,30,3.037,5.416,88.235
subject0052,S,cam03,60,30,2.806,5.355,88.340
subject0052,GEN,cam03,0,0,nan,37.815,nan
subject0052,T,cam04,60,60,5.145,6.635,88.814
subject0052,Tk,cam04,30,30,3.940,5.908,88.860
subject0052,S,cam04,60,30,3.065,5.948,88.960
subject0052,GEN,cam04,0,0,nan,32.280,nan
subject0052,T,cam05,60,60,5.459,7.313,88.833
subject0052,Tk,cam05,30,30,4.230,6.603,88.662
subject0052,S,cam05,60,30,3.483,6.503,88.961
subject0052,GEN,cam05,0,0,nan,35.354,nan
subject0052,T,cam06,60,60,5.052,6.990,87.136
subject0052,Tk,cam06,30,30,3.898,6.184,87.952
subject0052,S,cam06,60,30,3.288,6.173,87.594
subject0052,GEN,cam06,0,0,nan,36.143,nan
subject0052,T,cam07,60,60,4.959,6.727,86.806
subject0052,Tk,cam07,30,30,4.140,6.503,88.747
subject0052,S,cam07,60,30,3.281,6.391,88.767
subject0052,GEN,cam07,0,0,nan,38.734,nan
subject0052,T,cam08,60,60,7.475,8.031,89.179
subject0052,Tk,cam08,30,30,6.341,7.514,89.245
subject0052,S,cam08,60,30,5.131,7.434,89.067
subject0052,GEN,cam08,0,0,nan,30.708,nan
subject0052,T,cam09,60,60,7.447,8.085,89.230
subject0052,Tk,cam09,30,30,5.782,7.072,89.254
subject0052,S,cam09,60,30,4.463,7.199,89.099
subject0052,GEN,cam09,0,0,nan,27.673,nan
subject0052,T,cam10,59,59,8.025,10.111,87.820
subject0052,Tk,cam10,29,29,6.552,9.431,88.225
subject0052,S,cam10,59,29,5.382,9.195,87.869
subject0052,GEN,cam10,0,0,nan,48.839,nan
subject0052,T,cam16,60,60,6.676,9.574,89.407
subject0052,Tk,cam16,30,30,4.445,9.731,90.098
subject0052,S,cam16,60,30,3.394,9.941,90.316
subject0052,GEN,cam16,0,0,nan,40.300,nan
subject0052,T,cam17,59,59,6.751,9.767,88.834
subject0052,Tk,cam17,29,29,5.382,9.797,88.831
subject0052,S,cam17,59,29,5.081,9.859,88.957
subject0052,GEN,cam17,0,0,nan,39.373,nan
subject0052,S240,cam01,122,61,4.473,8.002,88.913
subject0052,F,cam00,778,0,nan,15.567,88.667
subject0052,F,cam01,778,0,nan,19.347,88.667
subject0052,F,cam02,778,0,nan,33.441,88.667
subject0052,F,cam03,778,0,nan,32.352,88.667
subject0052,F,cam04,778,0,nan,24.625,88.667
subject0052,F,cam05,778,0,nan,26.125,88.667
subject0052,F,cam06,778,0,nan,31.158,88.667
subject0052,F,cam07,778,0,nan,25.886,88.667
subject0052,F,cam08,778,0,nan,29.223,88.667
subject0052,F,cam09,778,0,nan,30.596,88.667
subject0052,F,cam10,778,0,nan,46.828,88.667
subject0052,F,cam16,778,0,nan,42.567,88.667
subject0052,F,cam17,778,0,nan,36.006,88.667
subject0052,M,cam00,778,389,12.855,13.245,88.735
subject0052,M,cam01,778,389,12.855,15.000,88.735
subject0052,M,cam02,778,389,12.855,17.629,88.735
subject0052,M,cam03,778,389,12.855,18.840,88.735
subject0052,M,cam04,778,389,12.855,17.069,88.735
subject0052,M,cam05,778,389,12.855,21.001,88.735
subject0052,M,cam06,778,389,12.855,24.640,88.735
subject0052,M,cam07,778,389,12.855,19.329,88.735
subject0052,M,cam08,778,389,12.855,31.361,88.735
subject0052,M,cam09,778,389,12.855,31.952,88.735
subject0052,M,cam10,778,389,12.855,32.295,88.735
subject0052,M,cam16,778,389,12.855,36.014,88.735
subject0052,M,cam17,778,389,12.855,44.486,88.735
subject0052,S_cross,cam00,0,0,nan,21.522,nan
subject0052,S_cross,cam02,0,0,nan,37.088,nan
subject0052,S_cross,cam03,0,0,nan,37.108,nan
subject0052,S_cross,cam04,0,0,nan,36.888,nan
subject0052,S_cross,cam05,0,0,nan,43.979,nan
subject0052,S_cross,cam06,0,0,nan,49.788,nan
subject0052,S_cross,cam07,0,0,nan,42.722,nan
subject0052,S_cross,cam08,0,0,nan,35.502,nan
subject0052,S_cross,cam09,0,0,nan,31.222,nan
subject0052,S_cross,cam10,0,0,nan,50.303,nan
subject0052,S_cross,cam16,0,0,nan,50.438,nan
subject0052,S_cross,cam17,0,0,nan,44.193,nan
subject0055,T,cam00,60,60,6.244,7.627,89.857
subject0055,Tk,cam00,30,30,4.479,7.743,90.448
subject0055,S,cam00,60,30,3.882,7.475,90.072
subject0055,GEN,cam00,0,0,nan,18.316,nan
subject0055,T,cam01,60,60,6.408,6.893,90.349
subject0055,Tk,cam01,30,30,4.729,6.301,90.419
subject0055,S,cam01,60,30,3.740,6.354,90.376
subject0055,GEN,cam01,0,0,nan,19.953,nan
subject0055,T,cam02,60,60,7.074,10.170,88.488
subject0055,Tk,cam02,30,30,4.369,9.116,89.541
subject0055,S,cam02,60,30,4.153,9.625,89.755
subject0055,GEN,cam02,0,0,nan,30.862,nan
subject0055,T,cam03,60,60,4.766,6.747,88.760
subject0055,Tk,cam03,30,30,2.996,5.559,89.490
subject0055,S,cam03,60,30,2.545,5.330,88.768
subject0055,GEN,cam03,0,0,nan,28.157,nan
subject0055,T,cam04,60,60,3.868,5.243,90.148
subject0055,Tk,cam04,30,30,3.134,4.164,90.366
subject0055,S,cam04,60,30,2.437,4.194,90.516
subject0055,GEN,cam04,0,0,nan,16.794,nan
subject0055,T,cam05,60,60,4.213,5.995,89.982
subject0055,Tk,cam05,30,30,3.124,4.962,89.952
subject0055,S,cam05,60,30,2.366,4.875,89.676
subject0055,GEN,cam05,0,0,nan,17.657,nan
subject0055,T,cam06,60,60,4.789,6.315,88.215
subject0055,Tk,cam06,30,30,3.189,6.068,89.865
subject0055,S,cam06,60,30,2.973,6.155,89.672
subject0055,GEN,cam06,0,0,nan,24.681,nan
subject0055,T,cam07,60,60,5.972,8.999,87.664
subject0055,Tk,cam07,30,30,4.185,8.736,89.406
subject0055,S,cam07,60,30,3.702,8.292,88.975
subject0055,GEN,cam07,0,0,nan,26.511,nan
subject0055,T,cam08,60,60,7.471,9.161,89.560
subject0055,Tk,cam08,30,30,5.464,8.455,90.022
subject0055,S,cam08,60,30,4.130,8.283,89.529
subject0055,GEN,cam08,0,0,nan,26.273,nan
subject0055,T,cam09,60,60,8.853,8.306,89.465
subject0055,Tk,cam09,30,30,6.022,7.615,89.808
subject0055,S,cam09,60,30,4.535,7.735,89.664
subject0055,GEN,cam09,0,0,nan,29.312,nan
subject0055,T,cam10,60,60,9.240,10.755,88.762
subject0055,Tk,cam10,30,30,6.217,8.231,90.407
subject0055,S,cam10,60,30,5.109,8.927,90.207
subject0055,GEN,cam10,0,0,nan,40.935,nan
subject0055,T,cam16,60,60,6.414,8.896,89.150
subject0055,Tk,cam16,30,30,4.994,8.068,90.372
subject0055,S,cam16,60,30,3.608,8.223,89.864
subject0055,GEN,cam16,0,0,nan,39.108,nan
subject0055,T,cam17,60,60,4.195,5.573,89.209
subject0055,Tk,cam17,30,30,3.407,4.883,89.199
subject0055,S,cam17,60,30,2.625,4.854,89.174
subject0055,GEN,cam17,0,0,nan,32.461,nan
subject0055,S240,cam01,127,63,3.995,6.313,90.352
subject0055,F,cam00,780,0,nan,17.731,89.948
subject0055,F,cam01,780,0,nan,22.240,89.948
subject0055,F,cam02,780,0,nan,39.297,89.948
subject0055,F,cam03,780,0,nan,39.101,89.948
subject0055,F,cam04,780,0,nan,32.050,89.948
subject0055,F,cam05,780,0,nan,31.943,89.948
subject0055,F,cam06,780,0,nan,35.204,89.948
subject0055,F,cam07,780,0,nan,27.270,89.948
subject0055,F,cam08,780,0,nan,19.187,89.948
subject0055,F,cam09,780,0,nan,28.055,89.948
subject0055,F,cam10,780,0,nan,51.829,89.948
subject0055,F,cam16,780,0,nan,39.373,89.948
subject0055,F,cam17,780,0,nan,27.990,89.948
subject0055,M,cam00,780,390,11.124,15.767,90.014
subject0055,M,cam01,780,390,11.124,17.137,90.014
subject0055,M,cam02,780,390,11.124,18.735,90.014
subject0055,M,cam03,780,390,11.124,16.779,90.014
subject0055,M,cam04,780,390,11.124,13.795,90.014
subject0055,M,cam05,780,390,11.124,15.954,90.014
subject0055,M,cam06,780,390,11.124,21.855,90.014
subject0055,M,cam07,780,390,11.124,15.694,90.014
subject0055,M,cam08,780,390,11.124,17.081,90.014
subject0055,M,cam09,780,390,11.124,26.645,90.014
subject0055,M,cam10,780,390,11.124,36.213,90.014
subject0055,M,cam16,780,390,11.124,27.517,90.014
subject0055,M,cam17,780,390,11.124,38.018,90.014
subject0055,S_cross,cam00,0,0,nan,22.542,nan
subject0055,S_cross,cam02,0,0,nan,44.189,nan
subject0055,S_cross,cam03,0,0,nan,45.297,nan
subject0055,S_cross,cam04,0,0,nan,44.766,nan
subject0055,S_cross,cam05,0,0,nan,51.822,nan
subject0055,S_cross,cam06,0,0,nan,61.153,nan
subject0055,S_cross,cam07,0,0,nan,49.907,nan
subject0055,S_cross,cam08,0,0,nan,32.638,nan
subject0055,S_cross,cam09,0,0,nan,32.155,nan
subject0055,S_cross,cam10,0,0,nan,53.345,nan
subject0055,S_cross,cam16,0,0,nan,53.839,nan
subject0055,S_cross,cam17,0,0,nan,38.810,nan
subject0056,T,cam00,60,60,3.845,4.952,90.182
subject0056,Tk,cam00,30,30,3.006,4.926,90.075
subject0056,S,cam00,60,30,2.613,4.923,89.845
subject0056,GEN,cam00,0,0,nan,22.944,nan
subject0056,T,cam01,60,60,4.218,5.570,89.934
subject0056,Tk,cam01,30,30,3.463,5.424,89.913
subject0056,S,cam01,60,30,2.991,5.464,89.848
subject0056,GEN,cam01,0,0,nan,26.366,nan
subject0056,T,cam02,60,60,4.265,4.927,89.470
subject0056,Tk,cam02,30,30,3.444,4.920,89.083
subject0056,S,cam02,60,30,3.139,4.982,89.536
subject0056,GEN,cam02,0,0,nan,31.789,nan
subject0056,T,cam03,60,60,3.314,4.052,89.054
subject0056,Tk,cam03,30,30,2.588,4.141,88.625
subject0056,S,cam03,60,30,2.252,4.155,88.408
subject0056,GEN,cam03,0,0,nan,29.505,nan
subject0056,T,cam07,60,60,4.075,5.059,89.865
subject0056,Tk,cam07,30,30,3.364,4.981,89.048
subject0056,S,cam07,60,30,2.796,4.843,89.418
subject0056,GEN,cam07,0,0,nan,27.387,nan
subject0056,T,cam08,60,60,5.724,5.791,90.555
subject0056,Tk,cam08,30,30,4.201,5.833,90.578
subject0056,S,cam08,60,30,3.611,5.815,90.244
subject0056,GEN,cam08,0,0,nan,25.000,nan
subject0056,T,cam09,60,60,5.191,6.030,90.374
subject0056,Tk,cam09,30,30,4.445,5.792,90.511
subject0056,S,cam09,60,30,3.899,5.857,90.436
subject0056,GEN,cam09,0,0,nan,24.376,nan
subject0056,T,cam10,60,60,8.127,9.526,88.464
subject0056,Tk,cam10,30,30,6.418,9.879,88.253
subject0056,S,cam10,60,30,5.939,10.071,87.874
subject0056,GEN,cam10,0,0,nan,36.893,nan
subject0056,T,cam16,60,60,5.938,7.302,89.730
subject0056,Tk,cam16,30,30,4.473,6.794,89.858
subject0056,S,cam16,60,30,3.613,6.536,89.644
subject0056,GEN,cam16,0,0,nan,31.435,nan
subject0056,T,cam17,60,60,9.843,10.029,89.984
subject0056,Tk,cam17,30,30,6.789,7.015,89.893
subject0056,S,cam17,60,30,4.539,6.667,89.581
subject0056,GEN,cam17,0,0,nan,28.317,nan
subject0056,S240,cam09,119,59,3.461,5.759,89.999
subject0056,F,cam00,600,0,nan,14.219,90.038
subject0056,F,cam01,600,0,nan,14.852,90.038
subject0056,F,cam02,600,0,nan,36.721,90.038
subject0056,F,cam03,600,0,nan,39.459,90.038
subject0056,F,cam07,600,0,nan,29.918,90.038
subject0056,F,cam08,600,0,nan,16.055,90.038
subject0056,F,cam09,600,0,nan,17.223,90.038
subject0056,F,cam10,600,0,nan,42.622,90.038
subject0056,F,cam16,600,0,nan,33.902,90.038
subject0056,F,cam17,600,0,nan,24.681,90.038
subject0056,M,cam00,600,300,9.079,8.457,89.998
subject0056,M,cam01,600,300,9.079,8.130,89.998
subject0056,M,cam02,600,300,9.079,15.530,89.998
subject0056,M,cam03,600,300,9.079,19.334,89.998
subject0056,M,cam07,600,300,9.079,20.534,89.998
subject0056,M,cam08,600,300,9.079,15.061,89.998
subject0056,M,cam09,600,300,9.079,16.727,89.998
subject0056,M,cam10,600,300,9.079,30.557,89.998
subject0056,M,cam16,600,300,9.079,27.825,89.998
subject0056,M,cam17,600,300,9.079,29.674,89.998
subject0056,S_cross,cam00,0,0,nan,32.321,nan
subject0056,S_cross,cam01,0,0,nan,31.128,nan
subject0056,S_cross,cam02,0,0,nan,57.266,nan
subject0056,S_cross,cam03,0,0,nan,66.490,nan
subject0056,S_cross,cam07,0,0,nan,51.458,nan
subject0056,S_cross,cam08,0,0,nan,15.938,nan
subject0056,S_cross,cam10,0,0,nan,40.002,nan
subject0056,S_cross,cam16,0,0,nan,38.273,nan
subject0056,S_cross,cam17,0,0,nan,15.030,nan
subject0057,T,cam00,60,60,3.704,4.983,90.114
subject0057,Tk,cam00,30,30,2.983,4.911,90.077
subject0057,S,cam00,60,30,2.696,4.828,89.850
subject0057,GEN,cam00,0,0,nan,21.221,nan
subject0057,T,cam01,60,60,4.796,5.497,90.094
subject0057,Tk,cam01,30,30,3.694,5.526,90.121
subject0057,S,cam01,60,30,3.397,5.575,90.117
subject0057,GEN,cam01,0,0,nan,19.691,nan
subject0057,T,cam02,60,60,4.603,6.316,88.363
subject0057,Tk,cam02,30,30,3.479,6.267,88.366
subject0057,S,cam02,60,30,3.163,6.288,88.802
subject0057,GEN,cam02,0,0,nan,26.923,nan
subject0057,T,cam03,60,60,3.326,4.260,89.027
subject0057,Tk,cam03,30,30,2.646,4.261,88.788
subject0057,S,cam03,60,30,2.345,4.336,89.469
subject0057,GEN,cam03,0,0,nan,25.609,nan
subject0057,T,cam07,60,60,3.102,4.745,89.460
subject0057,Tk,cam07,30,30,2.657,4.664,89.162
subject0057,S,cam07,60,30,2.393,4.610,89.430
subject0057,GEN,cam07,0,0,nan,23.358,nan
subject0057,T,cam08,60,60,4.742,5.970,90.244
subject0057,Tk,cam08,30,30,3.817,5.813,90.251
subject0057,S,cam08,60,30,3.366,5.770,89.963
subject0057,GEN,cam08,0,0,nan,20.387,nan
subject0057,T,cam09,60,60,4.882,5.884,90.257
subject0057,Tk,cam09,30,30,4.052,5.710,90.244
subject0057,S,cam09,60,30,3.108,5.689,90.149
subject0057,GEN,cam09,0,0,nan,19.212,nan
subject0057,T,cam10,60,60,7.356,10.895,88.854
subject0057,Tk,cam10,30,30,6.139,10.808,88.872
subject0057,S,cam10,60,30,6.117,10.990,88.526
subject0057,GEN,cam10,0,0,nan,33.145,nan
subject0057,T,cam16,60,60,6.135,7.970,89.696
subject0057,Tk,cam16,30,30,5.148,6.708,89.630
subject0057,S,cam16,60,30,4.188,6.290,89.471
subject0057,GEN,cam16,0,0,nan,30.774,nan
subject0057,T,cam17,60,60,3.790,4.688,90.330
subject0057,Tk,cam17,30,30,3.291,4.551,90.285
subject0057,S,cam17,60,30,2.296,4.297,90.151
subject0057,GEN,cam17,0,0,nan,23.298,nan
subject0057,S240,cam09,121,60,3.254,6.086,90.380
subject0057,F,cam00,600,0,nan,15.669,89.932
subject0057,F,cam01,600,0,nan,20.464,89.932
subject0057,F,cam02,600,0,nan,43.988,89.932
subject0057,F,cam03,600,0,nan,49.784,89.932
subject0057,F,cam07,600,0,nan,33.689,89.932
subject0057,F,cam08,600,0,nan,15.355,89.932
subject0057,F,cam09,600,0,nan,14.912,89.932
subject0057,F,cam10,600,0,nan,39.787,89.932
subject0057,F,cam16,600,0,nan,36.269,89.932
subject0057,F,cam17,600,0,nan,20.399,89.932
subject0057,M,cam00,600,300,9.579,10.235,90.145
subject0057,M,cam01,600,300,9.579,10.309,90.145
subject0057,M,cam02,600,300,9.579,14.851,90.145
subject0057,M,cam03,600,300,9.579,20.764,90.145
subject0057,M,cam07,600,300,9.579,18.307,90.145
subject0057,M,cam08,600,300,9.579,13.621,90.145
subject0057,M,cam09,600,300,9.579,14.448,90.145
subject0057,M,cam10,600,300,9.579,34.681,90.145
subject0057,M,cam16,600,300,9.579,25.305,90.145
subject0057,M,cam17,600,300,9.579,31.917,90.145
subject0057,S_cross,cam00,0,0,nan,31.088,nan
subject0057,S_cross,cam01,0,0,nan,31.265,nan
subject0057,S_cross,cam02,0,0,nan,53.721,nan
subject0057,S_cross,cam03,0,0,nan,64.421,nan
subject0057,S_cross,cam07,0,0,nan,47.219,nan
subject0057,S_cross,cam08,0,0,nan,14.497,nan
subject0057,S_cross,cam10,0,0,nan,32.619,nan
subject0057,S_cross,cam16,0,0,nan,36.429,nan
subject0057,S_cross,cam17,0,0,nan,15.768,nan
subject0059,T,cam00,60,60,6.507,8.156,89.686
subject0059,Tk,cam00,30,30,5.040,7.570,89.687
subject0059,S,cam00,60,30,3.991,7.809,89.455
subject0059,GEN,cam00,0,0,nan,25.393,nan
subject0059,T,cam01,60,60,5.747,7.336,89.578
subject0059,Tk,cam01,30,30,4.249,7.054,89.528
subject0059,S,cam01,60,30,3.411,7.057,89.447
subject0059,GEN,cam01,0,0,nan,29.281,nan
subject0059,T,cam02,60,60,5.830,7.944,88.907
subject0059,Tk,cam02,30,30,4.068,7.598,88.952
subject0059,S,cam02,60,30,3.613,7.529,89.068
subject0059,GEN,cam02,0,0,nan,33.199,nan
subject0059,T,cam03,60,60,4.266,6.196,88.797
subject0059,Tk,cam03,30,30,3.355,6.052,88.573
subject0059,S,cam03,60,30,3.028,6.109,88.704
subject0059,GEN,cam03,0,0,nan,28.409,nan
subject0059,T,cam07,60,60,6.398,8.967,88.856
subject0059,Tk,cam07,30,30,4.590,8.445,89.235
subject0059,S,cam07,60,30,4.184,8.471,89.160
subject0059,GEN,cam07,0,0,nan,29.884,nan
subject0059,T,cam08,60,60,8.612,9.592,89.466
subject0059,Tk,cam08,30,30,6.329,7.767,89.444
subject0059,S,cam08,60,30,4.420,7.799,89.097
subject0059,GEN,cam08,0,0,nan,30.125,nan
subject0059,T,cam09,60,60,8.520,9.687,89.202
subject0059,Tk,cam09,30,30,6.347,9.153,89.107
subject0059,S,cam09,60,30,3.921,9.248,89.008
subject0059,GEN,cam09,0,0,nan,31.977,nan
subject0059,T,cam10,60,60,8.376,10.117,88.781
subject0059,Tk,cam10,30,30,5.614,9.587,88.582
subject0059,S,cam10,60,30,4.066,9.544,88.497
subject0059,GEN,cam10,0,0,nan,42.199,nan
subject0059,T,cam16,60,60,6.506,8.399,89.415
subject0059,Tk,cam16,30,30,4.554,7.287,89.278
subject0059,S,cam16,60,30,3.032,7.507,90.154
subject0059,GEN,cam16,0,0,nan,36.177,nan
subject0059,T,cam17,60,60,8.605,10.879,89.764
subject0059,Tk,cam17,30,30,6.525,8.569,89.495
subject0059,S,cam17,60,30,3.468,9.100,89.813
subject0059,GEN,cam17,0,0,nan,29.877,nan
subject0059,S240,cam09,94,47,4.427,8.550,89.037
subject0059,F,cam00,600,0,nan,18.202,89.571
subject0059,F,cam01,600,0,nan,16.662,89.571
subject0059,F,cam02,600,0,nan,32.199,89.571
subject0059,F,cam03,600,0,nan,33.048,89.571
subject0059,F,cam07,600,0,nan,29.702,89.571
subject0059,F,cam08,600,0,nan,19.667,89.571
subject0059,F,cam09,600,0,nan,20.561,89.571
subject0059,F,cam10,600,0,nan,42.116,89.571
subject0059,F,cam16,600,0,nan,40.073,89.571
subject0059,F,cam17,600,0,nan,28.637,89.571
subject0059,M,cam00,600,300,9.950,11.522,89.309
subject0059,M,cam01,600,300,9.950,13.859,89.309
subject0059,M,cam02,600,300,9.950,14.521,89.309
subject0059,M,cam03,600,300,9.950,13.990,89.309
subject0059,M,cam07,600,300,9.950,20.486,89.309
subject0059,M,cam08,600,300,9.950,16.873,89.309
subject0059,M,cam09,600,300,9.950,22.124,89.309
subject0059,M,cam10,600,300,9.950,34.368,89.309
subject0059,M,cam16,600,300,9.950,31.047,89.309
subject0059,M,cam17,600,300,9.950,32.139,89.309
subject0059,S_cross,cam00,0,0,nan,41.646,nan
subject0059,S_cross,cam01,0,0,nan,40.477,nan
subject0059,S_cross,cam02,0,0,nan,55.584,nan
subject0059,S_cross,cam03,0,0,nan,61.672,nan
subject0059,S_cross,cam07,0,0,nan,51.932,nan
subject0059,S_cross,cam08,0,0,nan,25.910,nan
subject0059,S_cross,cam10,0,0,nan,35.832,nan
subject0059,S_cross,cam16,0,0,nan,47.736,nan
subject0059,S_cross,cam17,0,0,nan,23.245,nan
subject0058,T,cam00,60,60,3.959,5.407,90.854
subject0058,Tk,cam00,30,30,3.224,5.783,90.812
subject0058,S,cam00,60,30,2.605,5.829,90.502
subject0058,GEN,cam00,0,0,nan,10.979,nan
subject0058,T,cam01,60,60,4.413,5.716,90.845
subject0058,Tk,cam01,30,30,3.798,5.609,90.883
subject0058,S,cam01,60,30,3.131,5.745,90.849
subject0058,GEN,cam01,0,0,nan,11.101,nan
subject0058,T,cam02,60,60,4.440,6.272,89.994
subject0058,Tk,cam02,30,30,3.490,7.221,90.201
subject0058,S,cam02,60,30,2.849,7.440,89.958
subject0058,GEN,cam02,0,0,nan,18.434,nan
subject0058,T,cam07,60,60,4.125,5.367,89.361
subject0058,Tk,cam07,30,30,3.069,5.480,89.272
subject0058,S,cam07,60,30,2.634,5.431,89.441
subject0058,GEN,cam07,0,0,nan,19.903,nan
subject0058,T,cam08,60,60,4.451,5.550,90.599
subject0058,Tk,cam08,30,30,3.486,5.776,90.679
subject0058,S,cam08,60,30,2.715,5.809,90.503
subject0058,GEN,cam08,0,0,nan,16.945,nan
subject0058,T,cam09,60,60,5.016,5.869,90.462
subject0058,Tk,cam09,30,30,4.009,5.877,90.454
subject0058,S,cam09,60,30,3.175,5.960,90.300
subject0058,GEN,cam09,0,0,nan,15.016,nan
subject0058,T,cam10,60,60,5.849,5.931,89.503
subject0058,Tk,cam10,30,30,3.994,5.780,89.489
subject0058,S,cam10,60,30,2.824,5.909,89.478
subject0058,GEN,cam10,0,0,nan,27.672,nan
subject0058,T,cam16,60,60,4.331,6.511,89.604
subject0058,Tk,cam16,30,30,3.566,6.399,89.712
subject0058,S,cam16,60,30,2.485,6.266,89.793
subject0058,GEN,cam16,0,0,nan,30.653,nan
subject0058,T,cam17,60,60,3.876,4.506,90.286
subject0058,Tk,cam17,30,30,3.100,4.456,90.326
subject0058,S,cam17,60,30,2.654,4.484,90.176
subject0058,GEN,cam17,0,0,nan,20.040,nan
subject0058,S240,cam09,100,50,3.084,5.375,90.235
subject0058,F,cam00,540,0,nan,13.553,90.511
subject0058,F,cam01,540,0,nan,18.833,90.511
subject0058,F,cam02,540,0,nan,42.132,90.511
subject0058,F,cam07,540,0,nan,30.628,90.511
subject0058,F,cam08,540,0,nan,13.958,90.511
subject0058,F,cam09,540,0,nan,14.952,90.511
subject0058,F,cam10,540,0,nan,37.243,90.511
subject0058,F,cam16,540,0,nan,37.208,90.511
subject0058,F,cam17,540,0,nan,19.644,90.511
subject0058,M,cam00,540,270,8.639,11.188,90.476
subject0058,M,cam01,540,270,8.639,11.068,90.476
subject0058,M,cam02,540,270,8.639,18.050,90.476
subject0058,M,cam07,540,270,8.639,14.399,90.476
subject0058,M,cam08,540,270,8.639,11.710,90.476
subject0058,M,cam09,540,270,8.639,11.921,90.476
subject0058,M,cam10,540,270,8.639,29.015,90.476
subject0058,M,cam16,540,270,8.639,25.502,90.476
subject0058,M,cam17,540,270,8.639,18.269,90.476
subject0058,S_cross,cam00,0,0,nan,30.251,nan
subject0058,S_cross,cam01,0,0,nan,31.335,nan
subject0058,S_cross,cam02,0,0,nan,50.022,nan
subject0058,S_cross,cam07,0,0,nan,45.013,nan
subject0058,S_cross,cam08,0,0,nan,15.091,nan
subject0058,S_cross,cam10,0,0,nan,28.094,nan
subject0058,S_cross,cam16,0,0,nan,36.944,nan
subject0058,S_cross,cam17,0,0,nan,15.562,nan
subject0069,T,cam00,59,59,4.934,6.794,89.568
subject0069,Tk,cam00,29,29,4.161,6.553,89.473
subject0069,S,cam00,59,29,3.259,6.464,89.466
subject0069,GEN,cam00,0,0,nan,31.321,nan
subject0069,T,cam01,59,59,5.780,6.305,89.125
subject0069,Tk,cam01,29,29,3.940,6.294,89.253
subject0069,S,cam01,59,29,3.272,6.386,89.370
subject0069,GEN,cam01,0,0,nan,36.215,nan
subject0069,T,cam02,59,59,4.562,7.975,88.145
subject0069,Tk,cam02,29,29,3.266,7.920,88.126
subject0069,S,cam02,59,29,2.681,8.165,89.122
subject0069,GEN,cam02,0,0,nan,44.932,nan
subject0069,T,cam03,60,60,3.563,6.511,87.984
subject0069,Tk,cam03,30,30,2.565,6.236,88.294
subject0069,S,cam03,60,30,2.147,6.191,88.285
subject0069,GEN,cam03,0,0,nan,37.203,nan
subject0069,T,cam06,59,59,4.265,6.419,89.177
subject0069,Tk,cam06,29,29,2.972,5.705,88.196
subject0069,S,cam06,59,29,2.725,5.651,88.397
subject0069,GEN,cam06,0,0,nan,33.908,nan
subject0069,T,cam07,59,59,4.950,6.714,89.034
subject0069,Tk,cam07,29,29,3.771,6.584,88.367
subject0069,S,cam07,59,29,3.145,6.994,88.928
subject0069,GEN,cam07,0,0,nan,36.246,nan
subject0069,T,cam08,59,59,3.866,5.150,89.316
subject0069,Tk,cam08,29,29,2.661,4.581,89.191
subject0069,S,cam08,59,29,2.143,4.783,89.226
subject0069,GEN,cam08,0,0,nan,38.277,nan
subject0069,T,cam09,59,59,3.685,5.586,88.840
subject0069,Tk,cam09,29,29,2.989,5.360,88.769
subject0069,S,cam09,59,29,2.571,5.396,88.791
subject0069,GEN,cam09,0,0,nan,38.727,nan
subject0069,T,cam10,59,59,4.659,7.053,87.138
subject0069,Tk,cam10,29,29,3.267,6.990,88.580
subject0069,S,cam10,59,29,2.915,7.039,87.887
subject0069,GEN,cam10,0,0,nan,52.732,nan
subject0069,T,cam16,59,59,3.690,4.110,88.005
subject0069,Tk,cam16,29,29,3.032,4.014,88.054
subject0069,S,cam16,59,29,2.528,3.911,87.630
subject0069,GEN,cam16,0,0,nan,48.980,nan
subject0069,T,cam17,59,59,3.315,4.562,88.808
subject0069,Tk,cam17,29,29,2.466,4.791,88.798
subject0069,S,cam17,59,29,2.178,4.897,88.879
subject0069,GEN,cam17,0,0,nan,42.461,nan
subject0069,S240,cam09,34,17,2.731,5.787,89.296
subject0069,F,cam00,650,0,nan,18.531,89.199
subject0069,F,cam01,650,0,nan,19.148,89.199
subject0069,F,cam02,650,0,nan,37.183,89.199
subject0069,F,cam03,650,0,nan,36.834,89.199
subject0069,F,cam06,650,0,nan,36.182,89.199
subject0069,F,cam07,650,0,nan,29.720,89.199
subject0069,F,cam08,650,0,nan,21.899,89.199
subject0069,F,cam09,650,0,nan,25.258,89.199
subject0069,F,cam10,650,0,nan,50.549,89.199
subject0069,F,cam16,650,0,nan,43.681,89.199
subject0069,F,cam17,650,0,nan,35.021,89.199
subject0069,M,cam00,650,325,14.021,12.812,88.955
subject0069,M,cam01,650,325,14.021,14.829,88.955
subject0069,M,cam02,650,325,14.021,21.590,88.955
subject0069,M,cam03,650,325,14.021,15.306,88.955
subject0069,M,cam06,650,325,14.021,28.307,88.955
subject0069,M,cam07,650,325,14.021,21.709,88.955
subject0069,M,cam08,650,325,14.021,24.730,88.955
subject0069,M,cam09,650,325,14.021,26.131,88.955
subject0069,M,cam10,650,325,14.021,36.167,88.955
subject0069,M,cam16,650,325,14.021,38.626,88.955
subject0069,M,cam17,650,325,14.021,46.942,88.955
subject0069,S_cross,cam00,0,0,nan,39.915,nan
subject0069,S_cross,cam01,0,0,nan,32.294,nan
subject0069,S_cross,cam02,0,0,nan,45.006,nan
subject0069,S_cross,cam03,0,0,nan,48.849,nan
subject0069,S_cross,cam06,0,0,nan,60.536,nan
subject0069,S_cross,cam07,0,0,nan,51.689,nan
subject0069,S_cross,cam08,0,0,nan,28.853,nan
subject0069,S_cross,cam10,0,0,nan,48.192,nan
subject0069,S_cross,cam16,0,0,nan,55.640,nan
subject0069,S_cross,cam17,0,0,nan,21.017,nan
subject0061,T,cam00,59,59,5.969,8.109,89.575
subject0061,Tk,cam00,29,29,4.458,7.539,89.566
subject0061,S,cam00,59,29,3.567,7.519,89.465
subject0061,GEN,cam00,0,0,nan,34.045,nan
subject0061,T,cam01,59,59,5.346,6.680,89.418
subject0061,Tk,cam01,29,29,4.184,6.751,89.450
subject0061,S,cam01,59,29,3.371,6.559,89.536
subject0061,GEN,cam01,0,0,nan,35.573,nan
subject0061,T,cam02,59,59,4.698,5.866,90.336
subject0061,Tk,cam02,29,29,3.893,6.227,89.620
subject0061,S,cam02,59,29,3.167,6.134,89.215
subject0061,GEN,cam02,0,0,nan,45.777,nan
subject0061,T,cam06,59,59,4.684,6.690,90.849
subject0061,Tk,cam06,29,29,3.405,6.505,89.814
subject0061,S,cam06,59,29,2.710,6.373,89.726
subject0061,GEN,cam06,0,0,nan,33.563,nan
subject0061,T,cam07,59,59,5.616,8.130,90.806
subject0061,Tk,cam07,29,29,3.556,8.146,89.947
subject0061,S,cam07,59,29,3.141,8.173,90.231
subject0061,GEN,cam07,0,0,nan,37.562,nan
subject0061,T,cam08,59,59,6.517,8.017,88.838
subject0061,Tk,cam08,29,29,5.237,7.973,88.809
subject0061,S,cam08,59,29,4.434,8.071,89.324
subject0061,GEN,cam08,0,0,nan,37.898,nan
subject0061,T,cam09,59,59,9.867,9.130,87.897
subject0061,Tk,cam09,29,29,7.028,8.396,88.094
subject0061,S,cam09,59,29,5.303,8.605,88.010
subject0061,GEN,cam09,0,0,nan,41.116,nan
subject0061,T,cam10,59,59,7.515,8.291,86.859
subject0061,Tk,cam10,29,29,5.569,8.723,87.958
subject0061,S,cam10,59,29,4.195,8.990,87.494
subject0061,GEN,cam10,0,0,nan,52.812,nan
subject0061,T,cam16,59,59,5.797,7.799,88.120
subject0061,Tk,cam16,29,29,4.526,7.232,88.193
subject0061,S,cam16,59,29,3.672,7.101,88.443
subject0061,GEN,cam16,0,0,nan,43.932,nan
subject0061,T,cam17,58,58,6.371,7.786,88.274
subject0061,Tk,cam17,29,29,4.657,7.718,88.323
subject0061,S,cam17,58,29,3.951,7.253,88.275
subject0061,GEN,cam17,0,0,nan,41.260,nan
subject0061,S240,cam09,101,50,5.385,8.064,88.587
subject0061,F,cam00,589,0,nan,17.821,88.936
subject0061,F,cam01,589,0,nan,24.788,88.936
subject0061,F,cam02,589,0,nan,43.506,88.936
subject0061,F,cam06,589,0,nan,38.169,88.936
subject0061,F,cam07,589,0,nan,28.018,88.936
subject0061,F,cam08,589,0,nan,27.364,88.936
subject0061,F,cam09,589,0,nan,35.497,88.936
subject0061,F,cam10,589,0,nan,45.923,88.936
subject0061,F,cam16,589,0,nan,41.491,88.936
subject0061,F,cam17,589,0,nan,30.727,88.936
subject0061,M,cam00,589,294,18.929,17.987,88.824
subject0061,M,cam01,589,294,18.929,17.804,88.824
subject0061,M,cam02,589,294,18.929,26.931,88.824
subject0061,M,cam06,589,294,18.929,36.045,88.824
subject0061,M,cam07,589,294,18.929,27.784,88.824
subject0061,M,cam08,589,294,18.929,36.132,88.824
subject0061,M,cam09,589,294,18.929,33.897,88.824
subject0061,M,cam10,589,294,18.929,31.364,88.824
subject0061,M,cam16,589,294,18.929,40.759,88.824
subject0061,M,cam17,589,294,18.929,43.255,88.824
subject0061,S_cross,cam00,0,0,nan,46.654,nan
subject0061,S_cross,cam01,0,0,nan,45.087,nan
subject0061,S_cross,cam02,0,0,nan,61.243,nan
subject0061,S_cross,cam06,0,0,nan,73.950,nan
subject0061,S_cross,cam07,0,0,nan,58.229,nan
subject0061,S_cross,cam08,0,0,nan,30.841,nan
subject0061,S_cross,cam10,0,0,nan,36.879,nan
subject0061,S_cross,cam16,0,0,nan,55.987,nan
subject0061,S_cross,cam17,0,0,nan,36.336,nan
subject0060,T,cam00,60,60,4.514,6.008,90.809
subject0060,Tk,cam00,30,30,3.506,6.465,90.859
subject0060,S,cam00,60,30,2.612,6.246,90.646
subject0060,GEN,cam00,0,0,nan,12.315,nan
subject0060,T,cam01,60,60,5.200,6.881,90.902
subject0060,Tk,cam01,30,30,4.014,6.526,91.005
subject0060,S,cam01,60,30,2.995,6.327,91.220
subject0060,GEN,cam01,0,0,nan,11.844,nan
subject0060,T,cam02,60,60,5.016,7.813,89.499
subject0060,Tk,cam02,30,30,3.458,8.206,89.544
subject0060,S,cam02,60,30,2.788,8.282,91.094
subject0060,GEN,cam02,0,0,nan,23.288,nan
subject0060,T,cam08,60,60,5.061,6.226,90.799
subject0060,Tk,cam08,30,30,4.030,6.266,90.827
subject0060,S,cam08,60,30,3.269,6.057,90.376
subject0060,GEN,cam08,0,0,nan,13.153,nan
subject0060,T,cam09,60,60,5.272,6.008,90.826
subject0060,Tk,cam09,30,30,4.172,6.111,90.823
subject0060,S,cam09,60,30,3.628,5.902,90.624
subject0060,GEN,cam09,0,0,nan,11.721,nan
subject0060,T,cam10,60,60,7.123,9.140,89.166
subject0060,Tk,cam10,30,30,4.320,9.657,90.431
subject0060,S,cam10,60,30,3.960,9.722,91.198
subject0060,GEN,cam10,0,0,nan,33.550,nan
subject0060,T,cam16,60,60,5.287,6.859,89.932
subject0060,Tk,cam16,30,30,3.814,6.128,90.141
subject0060,S,cam16,60,30,3.392,6.132,90.731
subject0060,GEN,cam16,0,0,nan,26.334,nan
subject0060,T,cam17,60,60,4.410,4.872,90.308
subject0060,Tk,cam17,30,30,3.542,4.767,90.311
subject0060,S,cam17,60,30,2.936,4.691,90.126
subject0060,GEN,cam17,0,0,nan,20.622,nan
subject0060,S240,cam09,127,63,3.549,5.906,90.489
subject0060,F,cam00,480,0,nan,19.658,90.687
subject0060,F,cam01,480,0,nan,21.396,90.687
subject0060,F,cam02,480,0,nan,39.222,90.687
subject0060,F,cam08,480,0,nan,18.189,90.687
subject0060,F,cam09,480,0,nan,18.869,90.687
subject0060,F,cam10,480,0,nan,42.327,90.687
subject0060,F,cam16,480,0,nan,35.206,90.687
subject0060,F,cam17,480,0,nan,26.741,90.687
subject0060,M,cam00,480,240,7.946,10.182,90.658
subject0060,M,cam01,480,240,7.946,10.445,90.658
subject0060,M,cam02,480,240,7.946,20.413,90.658
subject0060,M,cam08,480,240,7.946,14.731,90.658
subject0060,M,cam09,480,240,7.946,17.215,90.658
subject0060,M,cam10,480,240,7.946,34.697,90.658
subject0060,M,cam16,480,240,7.946,24.825,90.658
subject0060,M,cam17,480,240,7.946,28.792,90.658
subject0060,S_cross,cam00,0,0,nan,39.162,nan
subject0060,S_cross,cam01,0,0,nan,37.721,nan
subject0060,S_cross,cam02,0,0,nan,52.946,nan
subject0060,S_cross,cam08,0,0,nan,16.208,nan
subject0060,S_cross,cam10,0,0,nan,36.069,nan
subject0060,S_cross,cam16,0,0,nan,36.639,nan
subject0060,S_cross,cam17,0,0,nan,16.710,nan
subject0065,T,cam00,60,60,4.912,6.177,90.650
subject0065,Tk,cam00,30,30,3.843,6.096,90.777
subject0065,S,cam00,60,30,3.212,6.072,90.604
subject0065,GEN,cam00,0,0,nan,18.005,nan
subject0065,T,cam01,60,60,5.456,6.946,90.584
subject0065,Tk,cam01,30,30,4.036,6.542,90.738
subject0065,S,cam01,60,30,3.214,6.507,90.842
subject0065,GEN,cam01,0,0,nan,19.223,nan
subject0065,T,cam02,60,60,5.834,7.517,89.029
subject0065,Tk,cam02,30,30,3.863,7.317,88.491
subject0065,S,cam02,60,30,3.303,7.049,89.099
subject0065,GEN,cam02,0,0,nan,30.482,nan
subject0065,T,cam03,60,60,4.700,6.577,89.161
subject0065,Tk,cam03,30,30,3.484,6.458,88.268
subject0065,S,cam03,60,30,3.196,6.388,89.023
subject0065,GEN,cam03,0,0,nan,27.542,nan
subject0065,T,cam06,60,60,3.838,5.024,89.559
subject0065,Tk,cam06,30,30,3.060,5.076,89.599
subject0065,S,cam06,60,30,2.549,4.869,89.643
subject0065,GEN,cam06,0,0,nan,18.274,nan
subject0065,T,cam07,60,60,4.243,5.603,89.761
subject0065,Tk,cam07,30,30,3.711,5.525,89.205
subject0065,S,cam07,60,30,3.316,5.463,89.386
subject0065,GEN,cam07,0,0,nan,18.783,nan
subject0065,T,cam08,60,60,5.669,7.406,90.474
subject0065,Tk,cam08,30,30,4.568,7.833,90.570
subject0065,S,cam08,60,30,3.511,7.879,90.325
subject0065,GEN,cam08,0,0,nan,21.772,nan
subject0065,T,cam09,60,60,6.267,8.133,90.243
subject0065,Tk,cam09,30,30,5.247,7.121,90.380
subject0065,S,cam09,60,30,3.956,7.062,90.143
subject0065,GEN,cam09,0,0,nan,22.819,nan
subject0065,T,cam16,60,60,5.678,7.932,89.792
subject0065,Tk,cam16,30,30,4.310,8.138,89.716
subject0065,S,cam16,60,30,4.012,8.090,89.641
subject0065,GEN,cam16,0,0,nan,28.948,nan
subject0065,T,cam17,60,60,7.233,8.876,90.002
subject0065,Tk,cam17,30,30,4.635,7.753,89.987
subject0065,S,cam17,60,30,3.750,7.543,89.694
subject0065,GEN,cam17,0,0,nan,25.994,nan
subject0065,S240,cam09,122,61,4.204,6.900,90.088
subject0065,F,cam00,600,0,nan,11.753,90.300
subject0065,F,cam01,600,0,nan,17.899,90.300
subject0065,F,cam02,600,0,nan,35.599,90.300
subject0065,F,cam03,600,0,nan,36.166,90.300
subject0065,F,cam06,600,0,nan,28.431,90.300
subject0065,F,cam07,600,0,nan,19.751,90.300
subject0065,F,cam08,600,0,nan,16.744,90.300
subject0065,F,cam09,600,0,nan,22.055,90.300
subject0065,F,cam16,600,0,nan,27.062,90.300
subject0065,F,cam17,600,0,nan,25.607,90.300
subject0065,M,cam00,600,300,8.535,9.548,90.407
subject0065,M,cam01,600,300,8.535,10.045,90.407
subject0065,M,cam02,600,300,8.535,23.403,90.407
subject0065,M,cam03,600,300,8.535,20.977,90.407
subject0065,M,cam06,600,300,8.535,17.308,90.407
subject0065,M,cam07,600,300,8.535,10.651,90.407
subject0065,M,cam08,600,300,8.535,12.116,90.407
subject0065,M,cam09,600,300,8.535,20.607,90.407
subject0065,M,cam16,600,300,8.535,21.667,90.407
subject0065,M,cam17,600,300,8.535,25.657,90.407
subject0065,S_cross,cam00,0,0,nan,32.667,nan
subject0065,S_cross,cam01,0,0,nan,32.543,nan
subject0065,S_cross,cam02,0,0,nan,50.862,nan
subject0065,S_cross,cam03,0,0,nan,56.602,nan
subject0065,S_cross,cam06,0,0,nan,58.030,nan
subject0065,S_cross,cam07,0,0,nan,42.488,nan
subject0065,S_cross,cam08,0,0,nan,17.678,nan
subject0065,S_cross,cam16,0,0,nan,37.272,nan
subject0065,S_cross,cam17,0,0,nan,17.503,nan
subject0066,T,cam00,60,60,3.710,4.720,90.714
subject0066,Tk,cam00,30,30,2.864,4.697,90.378
subject0066,S,cam00,60,30,2.516,4.568,90.292
subject0066,GEN,cam00,0,0,nan,12.521,nan
subject0066,T,cam01,60,60,4.406,5.662,89.620
subject0066,Tk,cam01,30,30,3.401,5.235,90.044
subject0066,S,cam01,60,30,2.668,5.034,90.114
subject0066,GEN,cam01,0,0,nan,17.212,nan
subject0066,T,cam08,60,60,5.158,6.716,89.083
subject0066,Tk,cam08,30,30,3.997,6.416,89.156
subject0066,S,cam08,60,30,3.682,6.305,88.896
subject0066,GEN,cam08,0,0,nan,24.297,nan
subject0066,T,cam09,60,60,5.936,7.108,89.342
subject0066,Tk,cam09,30,30,4.108,7.465,89.302
subject0066,S,cam09,60,30,3.204,7.598,89.246
subject0066,GEN,cam09,0,0,nan,25.469,nan
subject0066,T,cam10,60,60,7.166,9.521,88.297
subject0066,Tk,cam10,30,30,5.273,8.629,89.074
subject0066,S,cam10,60,30,4.025,8.205,89.206
subject0066,GEN,cam10,0,0,nan,35.457,nan
subject0066,T,cam16,60,60,6.904,8.561,88.412
subject0066,Tk,cam16,30,30,4.934,8.195,89.616
subject0066,S,cam16,60,30,3.606,8.977,89.507
subject0066,GEN,cam16,0,0,nan,28.112,nan
subject0066,T,cam17,60,60,5.221,5.947,89.522
subject0066,Tk,cam17,30,30,3.590,5.821,89.624
subject0066,S,cam17,60,30,2.919,5.751,89.461
subject0066,GEN,cam17,0,0,nan,22.936,nan
subject0066,S240,cam09,108,54,3.554,7.197,89.451
subject0066,F,cam00,420,0,nan,32.946,89.822
subject0066,F,cam01,420,0,nan,35.046,89.822
subject0066,F,cam08,420,0,nan,11.594,89.822
subject0066,F,cam09,420,0,nan,16.259,89.822
subject0066,F,cam10,420,0,nan,39.840,89.822
subject0066,F,cam16,420,0,nan,29.368,89.822
subject0066,F,cam17,420,0,nan,13.554,89.822
subject0066,M,cam00,420,210,8.429,17.027,89.464
subject0066,M,cam01,420,210,8.429,14.623,89.464
subject0066,M,cam08,420,210,8.429,9.897,89.464
subject0066,M,cam09,420,210,8.429,10.944,89.464
subject0066,M,cam10,420,210,8.429,25.008,89.464
subject0066,M,cam16,420,210,8.429,18.025,89.464
subject0066,M,cam17,420,210,8.429,12.041,89.464
subject0066,S_cross,cam00,0,0,nan,40.176,nan
subject0066,S_cross,cam01,0,0,nan,36.560,nan
subject0066,S_cross,cam08,0,0,nan,18.752,nan
subject0066,S_cross,cam10,0,0,nan,29.951,nan
subject0066,S_cross,cam16,0,0,nan,36.555,nan
subject0066,S_cross,cam17,0,0,nan,16.573,nan
subject0062,T,cam00,60,60,4.591,5.150,90.128
subject0062,Tk,cam00,30,30,3.803,4.567,90.231
subject0062,S,cam00,60,30,3.201,4.578,90.128
subject0062,GEN,cam00,0,0,nan,20.483,nan
subject0062,T,cam01,60,60,4.724,5.851,89.914
subject0062,Tk,cam01,30,30,3.427,5.089,90.167
subject0062,S,cam01,60,30,2.800,5.144,90.195
subject0062,GEN,cam01,0,0,nan,22.933,nan
subject0062,T,cam02,60,60,4.600,6.066,88.313
subject0062,Tk,cam02,30,30,3.260,5.422,89.154
subject0062,S,cam02,60,30,2.771,5.516,89.066
subject0062,GEN,cam02,0,0,nan,32.284,nan
subject0062,T,cam03,60,60,3.409,4.734,88.541
subject0062,Tk,cam03,30,30,2.858,4.338,89.052
subject0062,S,cam03,60,30,2.409,4.314,89.050
subject0062,GEN,cam03,0,0,nan,29.255,nan
subject0062,T,cam04,60,60,3.754,4.315,89.028
subject0062,Tk,cam04,30,30,2.816,2.974,89.463
subject0062,S,cam04,60,30,1.805,2.870,89.657
subject0062,GEN,cam04,0,0,nan,23.736,nan
subject0062,T,cam06,60,60,4.271,5.558,88.279
subject0062,Tk,cam06,30,30,3.366,4.691,89.185
subject0062,S,cam06,60,30,2.864,4.550,88.767
subject0062,GEN,cam06,0,0,nan,23.674,nan
subject0062,T,cam07,60,60,4.783,6.555,88.771
subject0062,Tk,cam07,30,30,3.658,5.513,89.434
subject0062,S,cam07,60,30,3.104,5.391,89.033
subject0062,GEN,cam07,0,0,nan,22.033,nan
subject0062,T,cam08,60,60,7.098,6.727,90.156
subject0062,Tk,cam08,30,30,5.549,6.675,90.356
subject0062,S,cam08,60,30,4.537,6.745,89.944
subject0062,GEN,cam08,0,0,nan,22.862,nan
subject0062,T,cam09,60,60,6.492,7.782,90.496
subject0062,Tk,cam09,30,30,5.343,7.663,90.299
subject0062,S,cam09,60,30,3.910,7.661,90.154
subject0062,GEN,cam09,0,0,nan,22.940,nan
subject0062,T,cam10,60,60,8.558,12.143,88.193
subject0062,Tk,cam10,30,30,6.954,13.366,88.228
subject0062,S,cam10,60,30,5.453,13.975,87.876
subject0062,GEN,cam10,0,0,nan,42.405,nan
subject0062,T,cam16,60,60,6.109,7.661,89.864
subject0062,Tk,cam16,30,30,4.782,7.091,90.004
subject0062,S,cam16,60,30,3.416,7.307,89.833
subject0062,GEN,cam16,0,0,nan,31.323,nan
subject0062,T,cam17,60,60,8.042,10.207,90.167
subject0062,Tk,cam17,30,30,4.940,12.688,90.199
subject0062,S,cam17,60,30,4.260,13.064,90.125
subject0062,GEN,cam17,0,0,nan,28.828,nan
subject0062,S240,cam16,124,62,3.091,7.449,89.876
subject0062,F,cam00,720,0,nan,9.678,89.902
subject0062,F,cam01,720,0,nan,14.170,89.902
subject0062,F,cam02,720,0,nan,34.462,89.902
subject0062,F,cam03,720,0,nan,33.591,89.902
subject0062,F,cam04,720,0,nan,29.145,89.902
subject0062,F,cam06,720,0,nan,28.648,89.902
subject0062,F,cam07,720,0,nan,22.353,89.902
subject0062,F,cam08,720,0,nan,19.605,89.902
subject0062,F,cam09,720,0,nan,20.732,89.902
subject0062,F,cam10,720,0,nan,49.960,89.902
subject0062,F,cam16,720,0,nan,30.519,89.902
subject0062,F,cam17,720,0,nan,27.951,89.902
subject0062,M,cam00,720,360,12.970,8.595,90.135
subject0062,M,cam01,720,360,12.970,10.308,90.135
subject0062,M,cam02,720,360,12.970,19.327,90.135
subject0062,M,cam03,720,360,12.970,18.414,90.135
subject0062,M,cam04,720,360,12.970,18.932,90.135
subject0062,M,cam06,720,360,12.970,24.834,90.135
subject0062,M,cam07,720,360,12.970,17.815,90.135
subject0062,M,cam08,720,360,12.970,19.159,90.135
subject0062,M,cam09,720,360,12.970,19.836,90.135
subject0062,M,cam10,720,360,12.970,36.110,90.135
subject0062,M,cam16,720,360,12.970,26.972,90.135
subject0062,M,cam17,720,360,12.970,32.842,90.135
subject0062,S_cross,cam00,0,0,nan,47.142,nan
subject0062,S_cross,cam01,0,0,nan,51.844,nan
subject0062,S_cross,cam02,0,0,nan,56.297,nan
subject0062,S_cross,cam03,0,0,nan,60.827,nan
subject0062,S_cross,cam04,0,0,nan,69.137,nan
subject0062,S_cross,cam06,0,0,nan,50.417,nan
subject0062,S_cross,cam07,0,0,nan,38.430,nan
subject0062,S_cross,cam08,0,0,nan,33.615,nan
subject0062,S_cross,cam09,0,0,nan,44.973,nan
subject0062,S_cross,cam10,0,0,nan,65.723,nan
subject0062,S_cross,cam17,0,0,nan,39.935,nan
subject0063,T,cam00,60,60,4.947,7.211,90.774
subject0063,Tk,cam00,30,30,3.725,7.064,90.895
subject0063,S,cam00,60,30,3.342,7.070,90.890
subject0063,GEN,cam00,0,0,nan,18.571,nan
subject0063,T,cam01,60,60,5.727,8.841,90.313
subject0063,Tk,cam01,30,30,4.621,7.773,90.691
subject0063,S,cam01,60,30,4.113,7.671,90.582
subject0063,GEN,cam01,0,0,nan,21.572,nan
subject0063,T,cam02,60,60,6.731,9.224,88.679
subject0063,Tk,cam02,30,30,4.620,8.504,90.399
subject0063,S,cam02,60,30,3.775,8.455,90.874
subject0063,GEN,cam02,0,0,nan,32.601,nan
subject0063,T,cam04,60,60,5.395,7.100,90.382
subject0063,Tk,cam04,30,30,3.936,6.854,90.560
subject0063,S,cam04,60,30,3.363,6.854,90.490
subject0063,GEN,cam04,0,0,nan,11.805,nan
subject0063,T,cam05,60,60,4.878,5.979,90.563
subject0063,Tk,cam05,30,30,3.575,5.690,90.704
subject0063,S,cam05,60,30,3.170,5.685,90.795
subject0063,GEN,cam05,0,0,nan,11.256,nan
subject0063,T,cam07,60,60,5.343,6.975,88.948
subject0063,Tk,cam07,30,30,4.427,6.574,90.590
subject0063,S,cam07,60,30,4.036,6.649,90.493
subject0063,GEN,cam07,0,0,nan,23.771,nan
subject0063,T,cam08,60,60,6.695,9.443,89.709
subject0063,Tk,cam08,30,30,5.855,9.724,89.975
subject0063,S,cam08,60,30,4.466,9.032,91.230
subject0063,GEN,cam08,0,0,nan,26.881,nan
subject0063,T,cam09,60,60,7.059,9.322,88.950
subject0063,Tk,cam09,30,30,5.802,9.013,88.911
subject0063,S,cam09,60,30,4.907,9.314,88.831
subject0063,GEN,cam09,0,0,nan,30.013,nan
subject0063,T,cam10,60,60,6.739,9.661,88.101
subject0063,Tk,cam10,30,30,4.620,8.307,89.417
subject0063,S,cam10,60,30,3.973,8.350,89.013
subject0063,GEN,cam10,0,0,nan,46.646,nan
subject0063,T,cam16,60,60,5.949,8.941,88.585
subject0063,Tk,cam16,30,30,4.442,7.958,89.929
subject0063,S,cam16,60,30,3.786,7.751,89.203
subject0063,GEN,cam16,0,0,nan,36.359,nan
subject0063,T,cam17,60,60,5.672,7.342,88.914
subject0063,Tk,cam17,30,30,4.035,6.603,88.843
subject0063,S,cam17,60,30,3.467,6.556,88.887
subject0063,GEN,cam17,0,0,nan,36.006,nan
subject0063,S240,cam09,119,59,5.011,9.105,88.822
subject0063,F,cam00,660,0,nan,17.349,90.562
subject0063,F,cam01,660,0,nan,18.059,90.562
subject0063,F,cam02,660,0,nan,26.441,90.562
subject0063,F,cam04,660,0,nan,24.210,90.562
subject0063,F,cam05,660,0,nan,21.131,90.562
subject0063,F,cam07,660,0,nan,20.143,90.562
subject0063,F,cam08,660,0,nan,13.864,90.562
subject0063,F,cam09,660,0,nan,19.136,90.562
subject0063,F,cam10,660,0,nan,37.275,90.562
subject0063,F,cam16,660,0,nan,27.078,90.562
subject0063,F,cam17,660,0,nan,26.530,90.562
subject0063,M,cam00,660,330,10.410,14.467,90.048
subject0063,M,cam01,660,330,10.410,14.942,90.048
subject0063,M,cam02,660,330,10.410,18.253,90.048
subject0063,M,cam04,660,330,10.410,19.879,90.048
subject0063,M,cam05,660,330,10.410,18.614,90.048
subject0063,M,cam07,660,330,10.410,16.156,90.048
subject0063,M,cam08,660,330,10.410,13.716,90.048
subject0063,M,cam09,660,330,10.410,16.562,90.048
subject0063,M,cam10,660,330,10.410,33.081,90.048
subject0063,M,cam16,660,330,10.410,22.583,90.048
subject0063,M,cam17,660,330,10.410,29.869,90.048
subject0063,S_cross,cam00,0,0,nan,30.796,nan
subject0063,S_cross,cam01,0,0,nan,29.542,nan
subject0063,S_cross,cam02,0,0,nan,38.697,nan
subject0063,S_cross,cam04,0,0,nan,45.103,nan
subject0063,S_cross,cam05,0,0,nan,45.014,nan
subject0063,S_cross,cam07,0,0,nan,49.686,nan
subject0063,S_cross,cam08,0,0,nan,23.004,nan
subject0063,S_cross,cam10,0,0,nan,31.287,nan
subject0063,S_cross,cam16,0,0,nan,47.138,nan
subject0063,S_cross,cam17,0,0,nan,20.836,nan
subject0067,T,cam00,60,60,5.937,8.982,89.737
subject0067,Tk,cam00,30,30,4.431,7.017,89.682
subject0067,S,cam00,60,30,2.847,6.720,89.636
subject0067,GEN,cam00,0,0,nan,22.323,nan
subject0067,T,cam01,60,60,5.884,8.329,89.274
subject0067,Tk,cam01,30,30,4.642,6.948,89.551
subject0067,S,cam01,60,30,3.265,6.970,89.712
subject0067,GEN,cam01,0,0,nan,26.320,nan
subject0067,T,cam02,60,60,3.967,6.190,87.868
subject0067,Tk,cam02,30,30,2.920,5.635,88.556
subject0067,S,cam02,60,30,2.490,5.563,88.606
subject0067,GEN,cam02,0,0,nan,30.418,nan
subject0067,T,cam03,60,60,3.148,5.231,87.798
subject0067,Tk,cam03,30,30,2.531,5.221,87.589
subject0067,S,cam03,60,30,2.230,5.192,87.851
subject0067,GEN,cam03,0,0,nan,28.143,nan
subject0067,T,cam07,60,60,4.840,7.289,87.587
subject0067,Tk,cam07,30,30,3.941,6.724,88.714
subject0067,S,cam07,60,30,2.881,6.631,89.288
subject0067,GEN,cam07,0,0,nan,21.031,nan
subject0067,T,cam08,60,60,6.301,8.608,89.829
subject0067,Tk,cam08,30,30,4.866,7.375,89.708
subject0067,S,cam08,60,30,3.364,7.303,89.624
subject0067,GEN,cam08,0,0,nan,21.027,nan
subject0067,T,cam09,60,60,6.561,9.311,89.592
subject0067,Tk,cam09,30,30,5.176,6.943,89.547
subject0067,S,cam09,60,30,3.465,6.923,89.579
subject0067,GEN,cam09,0,0,nan,22.655,nan
subject0067,T,cam10,59,59,4.973,5.950,87.400
subject0067,Tk,cam10,29,29,3.903,5.605,87.694
subject0067,S,cam10,59,29,3.455,5.671,87.583
subject0067,GEN,cam10,0,0,nan,41.192,nan
subject0067,T,cam16,60,60,6.210,9.933,88.524
subject0067,Tk,cam16,30,30,4.685,9.526,89.259
subject0067,S,cam16,60,30,3.834,9.729,89.158
subject0067,GEN,cam16,0,0,nan,30.547,nan
subject0067,T,cam17,59,59,5.247,6.153,89.414
subject0067,Tk,cam17,29,29,4.000,5.703,89.482
subject0067,S,cam17,59,29,3.285,5.756,89.097
subject0067,GEN,cam17,0,0,nan,26.880,nan
subject0067,S240,cam09,122,61,3.802,6.432,89.445
subject0067,F,cam00,598,0,nan,15.241,89.252
subject0067,F,cam01,598,0,nan,16.760,89.252
subject0067,F,cam02,598,0,nan,33.796,89.252
subject0067,F,cam03,598,0,nan,34.042,89.252
subject0067,F,cam07,598,0,nan,27.539,89.252
subject0067,F,cam08,598,0,nan,15.654,89.252
subject0067,F,cam09,598,0,nan,14.980,89.252
subject0067,F,cam10,598,0,nan,42.999,89.252
subject0067,F,cam16,598,0,nan,33.860,89.252
subject0067,F,cam17,598,0,nan,24.004,89.252
subject0067,M,cam00,598,299,8.522,11.455,89.526
subject0067,M,cam01,598,299,8.522,9.656,89.526
subject0067,M,cam02,598,299,8.522,17.528,89.526
subject0067,M,cam03,598,299,8.522,16.755,89.526
subject0067,M,cam07,598,299,8.522,18.677,89.526
subject0067,M,cam08,598,299,8.522,12.377,89.526
subject0067,M,cam09,598,299,8.522,13.528,89.526
subject0067,M,cam10,598,299,8.522,38.070,89.526
subject0067,M,cam16,598,299,8.522,25.916,89.526
subject0067,M,cam17,598,299,8.522,20.961,89.526
subject0067,S_cross,cam00,0,0,nan,28.972,nan
subject0067,S_cross,cam01,0,0,nan,25.174,nan
subject0067,S_cross,cam02,0,0,nan,38.362,nan
subject0067,S_cross,cam03,0,0,nan,41.703,nan
subject0067,S_cross,cam07,0,0,nan,39.370,nan
subject0067,S_cross,cam08,0,0,nan,16.601,nan
subject0067,S_cross,cam10,0,0,nan,39.639,nan
subject0067,S_cross,cam16,0,0,nan,35.746,nan
subject0067,S_cross,cam17,0,0,nan,18.435,nan
subject0072,T,cam00,60,60,3.869,4.381,91.324
subject0072,Tk,cam00,30,30,3.223,3.764,91.352
subject0072,S,cam00,60,30,2.304,3.708,91.150
subject0072,GEN,cam00,0,0,nan,13.603,nan
subject0072,T,cam01,60,60,3.774,4.646,91.044
subject0072,Tk,cam01,30,30,3.046,4.432,91.178
subject0072,S,cam01,60,30,2.559,4.350,91.211
subject0072,GEN,cam01,0,0,nan,13.424,nan
subject0072,T,cam02,60,60,3.547,4.502,89.730
subject0072,Tk,cam02,30,30,2.708,4.473,90.407
subject0072,S,cam02,60,30,2.358,4.389,90.719
subject0072,GEN,cam02,0,0,nan,21.362,nan
subject0072,T,cam03,60,60,3.155,3.957,89.387
subject0072,Tk,cam03,30,30,2.319,3.716,89.924
subject0072,S,cam03,60,30,2.050,3.741,89.920
subject0072,GEN,cam03,0,0,nan,20.876,nan
subject0072,T,cam07,60,60,3.666,4.313,92.310
subject0072,Tk,cam07,30,30,2.927,3.582,90.592
subject0072,S,cam07,60,30,1.863,3.487,90.798
subject0072,GEN,cam07,0,0,nan,18.301,nan
subject0072,T,cam08,60,60,3.975,5.017,90.396
subject0072,Tk,cam08,30,30,3.278,4.867,90.449
subject0072,S,cam08,60,30,2.832,4.792,90.413
subject0072,GEN,cam08,0,0,nan,26.786,nan
subject0072,T,cam09,60,60,4.210,5.136,90.350
subject0072,Tk,cam09,30,30,3.427,4.928,90.455
subject0072,S,cam09,60,30,2.761,4.946,90.244
subject0072,GEN,cam09,0,0,nan,25.288,nan
subject0072,T,cam10,60,60,5.742,6.186,88.473
subject0072,Tk,cam10,30,30,4.792,6.769,88.417
subject0072,S,cam10,60,30,4.135,6.778,88.146
subject0072,GEN,cam10,0,0,nan,40.209,nan
subject0072,T,cam16,60,60,4.114,4.955,89.401
subject0072,Tk,cam16,30,30,3.355,4.562,89.454
subject0072,S,cam16,60,30,2.587,4.520,89.401
subject0072,GEN,cam16,0,0,nan,37.568,nan
subject0072,T,cam17,60,60,3.795,4.745,89.742
subject0072,Tk,cam17,30,30,2.862,4.546,89.693
subject0072,S,cam17,60,30,2.553,4.513,89.683
subject0072,GEN,cam17,0,0,nan,33.168,nan
subject0072,S240,cam10,110,55,4.087,7.862,88.152
subject0072,F,cam00,600,0,nan,18.294,90.259
subject0072,F,cam01,600,0,nan,15.749,90.259
subject0072,F,cam02,600,0,nan,32.608,90.259
subject0072,F,cam03,600,0,nan,35.255,90.259
subject0072,F,cam07,600,0,nan,29.485,90.259
subject0072,F,cam08,600,0,nan,20.737,90.259
subject0072,F,cam09,600,0,nan,21.032,90.259
subject0072,F,cam10,600,0,nan,47.713,90.259
subject0072,F,cam16,600,0,nan,44.256,90.259
subject0072,F,cam17,600,0,nan,27.099,90.259
subject0072,M,cam00,600,300,10.731,11.661,90.893
subject0072,M,cam01,600,300,10.731,15.163,90.893
subject0072,M,cam02,600,300,10.731,17.418,90.893
subject0072,M,cam03,600,300,10.731,16.598,90.893
subject0072,M,cam07,600,300,10.731,17.659,90.893
subject0072,M,cam08,600,300,10.731,13.349,90.893
subject0072,M,cam09,600,300,10.731,17.203,90.893
subject0072,M,cam10,600,300,10.731,41.722,90.893
subject0072,M,cam16,600,300,10.731,35.925,90.893
subject0072,M,cam17,600,300,10.731,31.854,90.893
subject0072,S_cross,cam00,0,0,nan,65.987,nan
subject0072,S_cross,cam01,0,0,nan,52.385,nan
subject0072,S_cross,cam02,0,0,nan,35.739,nan
subject0072,S_cross,cam03,0,0,nan,43.208,nan
subject0072,S_cross,cam07,0,0,nan,70.674,nan
subject0072,S_cross,cam08,0,0,nan,57.396,nan
subject0072,S_cross,cam09,0,0,nan,40.197,nan
subject0072,S_cross,cam16,0,0,nan,71.829,nan
subject0072,S_cross,cam17,0,0,nan,44.980,nan
subject0073,T,cam00,60,60,5.230,6.050,90.709
subject0073,Tk,cam00,30,30,3.646,5.684,90.685
subject0073,S,cam00,60,30,2.893,5.553,90.447
subject0073,GEN,cam00,0,0,nan,12.462,nan
subject0073,T,cam01,60,60,5.891,7.772,89.934
subject0073,Tk,cam01,30,30,4.322,7.558,90.230
subject0073,S,cam01,60,30,3.644,7.613,90.153
subject0073,GEN,cam01,0,0,nan,16.075,nan
subject0073,T,cam08,60,60,7.249,6.956,90.695
subject0073,Tk,cam08,30,30,5.618,5.929,90.375
subject0073,S,cam08,60,30,2.805,5.810,90.305
subject0073,GEN,cam08,0,0,nan,16.244,nan
subject0073,T,cam09,60,60,7.598,8.607,90.499
subject0073,Tk,cam09,30,30,5.852,7.431,90.358
subject0073,S,cam09,60,30,4.300,7.786,90.368
subject0073,GEN,cam09,0,0,nan,14.863,nan
subject0073,T,cam10,60,60,7.593,9.681,88.830
subject0073,Tk,cam10,30,30,5.590,9.143,89.081
subject0073,S,cam10,60,30,3.511,8.648,89.500
subject0073,GEN,cam10,0,0,nan,36.278,nan
subject0073,T,cam16,60,60,5.370,7.126,89.216
subject0073,Tk,cam16,30,30,4.271,5.853,90.229
subject0073,S,cam16,60,30,3.054,5.815,89.970
subject0073,GEN,cam16,0,0,nan,24.420,nan
subject0073,T,cam17,60,60,6.239,6.768,90.136
subject0073,Tk,cam17,30,30,5.130,5.886,89.994
subject0073,S,cam17,60,30,3.273,5.655,90.058
subject0073,GEN,cam17,0,0,nan,20.377,nan
subject0073,S240,cam17,121,60,3.105,5.939,90.055
subject0073,F,cam00,420,0,nan,25.571,90.008
subject0073,F,cam01,420,0,nan,26.839,90.008
subject0073,F,cam08,420,0,nan,17.198,90.008
subject0073,F,cam09,420,0,nan,20.770,90.008
subject0073,F,cam10,420,0,nan,45.367,90.008
subject0073,F,cam16,420,0,nan,30.802,90.008
subject0073,F,cam17,420,0,nan,23.560,90.008
subject0073,M,cam00,420,210,7.923,10.667,90.374
subject0073,M,cam01,420,210,7.923,12.059,90.374
subject0073,M,cam08,420,210,7.923,10.951,90.374
subject0073,M,cam09,420,210,7.923,14.276,90.374
subject0073,M,cam10,420,210,7.923,32.049,90.374
subject0073,M,cam16,420,210,7.923,18.685,90.374
subject0073,M,cam17,420,210,7.923,12.978,90.374
subject0073,S_cross,cam00,0,0,nan,51.159,nan
subject0073,S_cross,cam01,0,0,nan,50.999,nan
subject0073,S_cross,cam08,0,0,nan,15.252,nan
subject0073,S_cross,cam09,0,0,nan,17.137,nan
subject0073,S_cross,cam10,0,0,nan,40.512,nan
subject0073,S_cross,cam16,0,0,nan,29.867,nan
subject0076,T,cam00,60,60,4.498,5.768,89.955
subject0076,Tk,cam00,30,30,3.537,5.873,89.935
subject0076,S,cam00,60,30,3.159,5.880,89.890
subject0076,GEN,cam00,0,0,nan,21.647,nan
subject0076,T,cam01,60,60,3.874,5.748,90.143
subject0076,Tk,cam01,30,30,3.092,5.707,90.154
subject0076,S,cam01,60,30,2.887,5.702,90.040
subject0076,GEN,cam01,0,0,nan,19.890,nan
subject0076,T,cam02,60,60,5.217,6.613,88.190
subject0076,Tk,cam02,30,30,4.258,6.358,88.207
subject0076,S,cam02,60,30,4.160,6.419,89.826
subject0076,GEN,cam02,0,0,nan,29.568,nan
subject0076,T,cam03,60,60,4.220,5.427,89.034
subject0076,Tk,cam03,30,30,3.451,5.254,89.044
subject0076,S,cam03,60,30,3.095,5.182,89.658
subject0076,GEN,cam03,0,0,nan,26.389,nan
subject0076,T,cam06,60,60,3.340,4.122,88.684
subject0076,Tk,cam06,30,30,2.528,4.291,88.826
subject0076,S,cam06,60,30,2.392,4.220,88.469
subject0076,GEN,cam06,0,0,nan,22.719,nan
subject0076,T,cam07,60,60,3.798,5.006,89.114
subject0076,Tk,cam07,30,30,3.239,5.072,88.816
subject0076,S,cam07,60,30,3.038,4.958,88.588
subject0076,GEN,cam07,0,0,nan,22.295,nan
subject0076,T,cam08,60,60,5.153,5.876,90.266
subject0076,Tk,cam08,30,30,4.116,5.741,90.199
subject0076,S,cam08,60,30,3.566,5.665,89.865
subject0076,GEN,cam08,0,0,nan,22.080,nan
subject0076,T,cam09,60,60,5.139,6.341,90.182
subject0076,Tk,cam09,30,30,4.285,5.731,90.071
subject0076,S,cam09,60,30,3.356,5.757,89.970
subject0076,GEN,cam09,0,0,nan,19.940,nan
subject0076,T,cam10,60,60,8.003,8.061,88.020
subject0076,Tk,cam10,30,30,5.589,7.645,88.074
subject0076,S,cam10,60,30,4.565,7.409,87.855
subject0076,GEN,cam10,0,0,nan,38.481,nan
subject0076,T,cam16,60,60,6.344,8.041,89.683
subject0076,Tk,cam16,30,30,4.688,7.987,89.760
subject0076,S,cam16,60,30,3.616,7.819,89.793
subject0076,GEN,cam16,0,0,nan,26.203,nan
subject0076,T,cam17,60,60,5.486,5.582,90.420
subject0076,Tk,cam17,30,30,4.589,5.517,90.343
subject0076,S,cam17,60,30,3.544,5.360,90.103
subject0076,GEN,cam17,0,0,nan,21.832,nan
subject0076,S240,cam09,123,61,3.647,6.210,90.066
subject0076,F,cam00,660,0,nan,10.707,89.877
subject0076,F,cam01,660,0,nan,18.924,89.877
subject0076,F,cam02,660,0,nan,40.931,89.877
subject0076,F,cam03,660,0,nan,40.989,89.877
subject0076,F,cam06,660,0,nan,30.982,89.877
subject0076,F,cam07,660,0,nan,23.560,89.877
subject0076,F,cam08,660,0,nan,18.113,89.877
subject0076,F,cam09,660,0,nan,22.518,89.877
subject0076,F,cam10,660,0,nan,48.146,89.877
subject0076,F,cam16,660,0,nan,31.311,89.877
subject0076,F,cam17,660,0,nan,24.970,89.877
subject0076,M,cam00,660,330,9.755,8.037,89.839
subject0076,M,cam01,660,330,9.755,10.413,89.839
subject0076,M,cam02,660,330,9.755,16.258,89.839
subject0076,M,cam03,660,330,9.755,18.099,89.839
subject0076,M,cam06,660,330,9.755,21.729,89.839
subject0076,M,cam07,660,330,9.755,13.533,89.839
subject0076,M,cam08,660,330,9.755,13.806,89.839
subject0076,M,cam09,660,330,9.755,18.855,89.839
subject0076,M,cam10,660,330,9.755,34.391,89.839
subject0076,M,cam16,660,330,9.755,20.206,89.839
subject0076,M,cam17,660,330,9.755,30.777,89.839
subject0076,S_cross,cam00,0,0,nan,33.698,nan
subject0076,S_cross,cam01,0,0,nan,35.239,nan
subject0076,S_cross,cam02,0,0,nan,54.023,nan
subject0076,S_cross,cam03,0,0,nan,60.536,nan
subject0076,S_cross,cam06,0,0,nan,59.386,nan
subject0076,S_cross,cam07,0,0,nan,44.230,nan
subject0076,S_cross,cam08,0,0,nan,15.909,nan
subject0076,S_cross,cam10,0,0,nan,36.052,nan
subject0076,S_cross,cam16,0,0,nan,33.079,nan
subject0076,S_cross,cam17,0,0,nan,19.733,nan
subject0075,T,cam00,60,60,4.428,5.829,90.394
subject0075,Tk,cam00,30,30,3.971,5.743,90.431
subject0075,S,cam00,60,30,2.978,5.740,90.490
subject0075,GEN,cam00,0,0,nan,21.792,nan
subject0075,T,cam01,60,60,4.869,6.017,90.199
subject0075,Tk,cam01,30,30,3.907,6.200,90.249
subject0075,S,cam01,60,30,3.130,6.275,90.342
subject0075,GEN,cam01,0,0,nan,25.491,nan
subject0075,T,cam02,60,60,4.332,6.154,89.109
subject0075,Tk,cam02,30,30,3.481,6.317,89.049
subject0075,S,cam02,60,30,3.160,6.490,89.673
subject0075,GEN,cam02,0,0,nan,30.909,nan
subject0075,T,cam07,60,60,4.003,5.545,88.882
subject0075,Tk,cam07,30,30,3.519,5.431,88.919
subject0075,S,cam07,60,30,2.884,5.448,89.248
subject0075,GEN,cam07,0,0,nan,26.334,nan
subject0075,T,cam08,60,60,5.502,6.090,90.159
subject0075,Tk,cam08,30,30,4.068,6.210,90.205
subject0075,S,cam08,60,30,3.256,6.241,90.230
subject0075,GEN,cam08,0,0,nan,24.558,nan
subject0075,T,cam09,60,60,5.619,6.610,89.869
subject0075,Tk,cam09,30,30,4.573,6.648,89.897
subject0075,S,cam09,60,30,3.841,6.580,89.791
subject0075,GEN,cam09,0,0,nan,25.350,nan
subject0075,T,cam10,60,60,7.409,9.663,88.675
subject0075,Tk,cam10,30,30,5.686,10.509,89.036
subject0075,S,cam10,60,30,4.206,10.227,89.326
subject0075,GEN,cam10,0,0,nan,41.372,nan
subject0075,T,cam16,60,60,5.443,6.663,89.769
subject0075,Tk,cam16,30,30,3.854,6.913,89.885
subject0075,S,cam16,60,30,3.214,6.828,90.390
subject0075,GEN,cam16,0,0,nan,29.678,nan
subject0075,T,cam17,60,60,5.756,6.293,89.753
subject0075,Tk,cam17,30,30,4.286,6.020,89.870
subject0075,S,cam17,60,30,3.540,6.071,89.688
subject0075,GEN,cam17,0,0,nan,26.559,nan
subject0075,S240,cam09,126,63,3.635,6.359,89.810
subject0075,F,cam00,540,0,nan,18.834,89.860
subject0075,F,cam01,540,0,nan,22.619,89.860
subject0075,F,cam02,540,0,nan,39.956,89.860
subject0075,F,cam07,540,0,nan,34.377,89.860
subject0075,F,cam08,540,0,nan,17.568,89.860
subject0075,F,cam09,540,0,nan,17.956,89.860
subject0075,F,cam10,540,0,nan,49.119,89.860
subject0075,F,cam16,540,0,nan,35.145,89.860
subject0075,F,cam17,540,0,nan,23.611,89.860
subject0075,M,cam00,540,270,8.639,9.511,90.227
subject0075,M,cam01,540,270,8.639,9.828,90.227
subject0075,M,cam02,540,270,8.639,18.795,90.227
subject0075,M,cam07,540,270,8.639,18.268,90.227
subject0075,M,cam08,540,270,8.639,15.713,90.227
subject0075,M,cam09,540,270,8.639,15.155,90.227
subject0075,M,cam10,540,270,8.639,38.425,90.227
subject0075,M,cam16,540,270,8.639,24.864,90.227
subject0075,M,cam17,540,270,8.639,28.205,90.227
subject0075,S_cross,cam00,0,0,nan,38.612,nan
subject0075,S_cross,cam01,0,0,nan,38.305,nan
subject0075,S_cross,cam02,0,0,nan,52.919,nan
subject0075,S_cross,cam07,0,0,nan,55.183,nan
subject0075,S_cross,cam08,0,0,nan,18.646,nan
subject0075,S_cross,cam10,0,0,nan,44.765,nan
subject0075,S_cross,cam16,0,0,nan,38.087,nan
subject0075,S_cross,cam17,0,0,nan,16.860,nan
subject0081,T,cam08,60,60,5.371,6.922,89.636
subject0081,Tk,cam08,30,30,4.236,6.777,89.696
subject0081,S,cam08,60,30,3.523,6.705,89.488
subject0081,GEN,cam08,0,0,nan,27.516,nan
subject0081,T,cam09,60,60,5.521,6.537,89.628
subject0081,Tk,cam09,30,30,4.409,6.528,89.684
subject0081,S,cam09,60,30,3.517,6.449,89.646
subject0081,GEN,cam09,0,0,nan,26.801,nan
subject0081,T,cam10,60,60,7.259,9.756,88.906
subject0081,Tk,cam10,30,30,5.638,9.763,88.958
subject0081,S,cam10,60,30,5.141,9.866,89.297
subject0081,GEN,cam10,0,0,nan,36.290,nan
subject0081,T,cam16,60,60,5.716,7.120,89.049
subject0081,Tk,cam16,30,30,4.746,7.090,89.083
subject0081,S,cam16,60,30,4.033,7.004,89.148
subject0081,GEN,cam16,0,0,nan,33.019,nan
subject0081,T,cam17,60,60,5.220,6.205,89.582
subject0081,Tk,cam17,30,30,4.102,5.880,89.554
subject0081,S,cam17,60,30,3.381,5.847,89.433
subject0081,GEN,cam17,0,0,nan,28.080,nan
subject0081,S240,cam09,119,59,3.304,6.914,89.630
subject0081,F,cam08,300,0,nan,13.085,89.354
subject0081,F,cam09,300,0,nan,13.790,89.354
subject0081,F,cam10,300,0,nan,36.271,89.354
subject0081,F,cam16,300,0,nan,30.574,89.354
subject0081,F,cam17,300,0,nan,14.832,89.354
subject0081,M,cam08,300,150,8.075,11.430,89.488
subject0081,M,cam09,300,150,8.075,10.653,89.488
subject0081,M,cam10,300,150,8.075,27.039,89.488
subject0081,M,cam16,300,150,8.075,20.342,89.488
subject0081,M,cam17,300,150,8.075,16.260,89.488
subject0081,S_cross,cam08,0,0,nan,19.109,nan
subject0081,S_cross,cam10,0,0,nan,30.346,nan
subject0081,S_cross,cam16,0,0,nan,35.604,nan
subject0081,S_cross,cam17,0,0,nan,22.725,nan
subject0078,T,cam00,60,60,4.690,5.467,90.394
subject0078,Tk,cam00,30,30,3.435,5.703,90.473
subject0078,S,cam00,60,30,2.764,5.726,90.164
subject0078,GEN,cam00,0,0,nan,14.721,nan
subject0078,T,cam01,60,60,4.265,5.192,89.831
subject0078,Tk,cam01,30,30,3.349,4.976,89.933
subject0078,S,cam01,60,30,2.557,4.866,89.868
subject0078,GEN,cam01,0,0,nan,18.795,nan
subject0078,T,cam02,60,60,3.379,4.307,89.717
subject0078,Tk,cam02,30,30,2.813,4.331,89.656
subject0078,S,cam02,60,30,2.596,4.335,90.074
subject0078,GEN,cam02,0,0,nan,29.942,nan
subject0078,T,cam07,60,60,3.968,5.181,90.615
subject0078,Tk,cam07,30,30,3.171,5.124,90.161
subject0078,S,cam07,60,30,2.655,5.006,90.262
subject0078,GEN,cam07,0,0,nan,25.075,nan
subject0078,T,cam08,60,60,5.757,6.286,90.062
subject0078,Tk,cam08,30,30,4.686,6.287,90.225
subject0078,S,cam08,60,30,4.107,6.378,90.352
subject0078,GEN,cam08,0,0,nan,24.462,nan
subject0078,T,cam09,60,60,5.892,6.671,89.580
subject0078,Tk,cam09,30,30,4.841,6.892,89.518
subject0078,S,cam09,60,30,3.764,6.792,89.472
subject0078,GEN,cam09,0,0,nan,26.987,nan
subject0078,T,cam10,60,60,3.661,4.598,88.718
subject0078,Tk,cam10,30,30,2.434,4.147,88.947
subject0078,S,cam10,60,30,2.119,4.250,88.725
subject0078,GEN,cam10,0,0,nan,40.435,nan
subject0078,T,cam16,60,60,3.988,5.021,89.864
subject0078,Tk,cam16,30,30,3.190,5.049,89.740
subject0078,S,cam16,60,30,2.969,5.116,90.447
subject0078,GEN,cam16,0,0,nan,32.124,nan
subject0078,T,cam17,60,60,4.344,5.899,89.609
subject0078,Tk,cam17,30,30,3.541,5.784,89.385
subject0078,S,cam17,60,30,3.079,5.696,89.437
subject0078,GEN,cam17,0,0,nan,29.460,nan
subject0078,S240,cam09,122,61,3.941,6.626,89.501
subject0078,F,cam00,540,0,nan,17.063,90.302
subject0078,F,cam01,540,0,nan,16.727,90.302
subject0078,F,cam02,540,0,nan,30.060,90.302
subject0078,F,cam07,540,0,nan,25.604,90.302
subject0078,F,cam08,540,0,nan,12.575,90.302
subject0078,F,cam09,540,0,nan,15.086,90.302
subject0078,F,cam10,540,0,nan,37.468,90.302
subject0078,F,cam16,540,0,nan,26.173,90.302
subject0078,F,cam17,540,0,nan,19.821,90.302
subject0078,M,cam00,540,270,8.360,11.754,89.872
subject0078,M,cam01,540,270,8.360,8.449,89.872
subject0078,M,cam02,540,270,8.360,22.286,89.872
subject0078,M,cam07,540,270,8.360,18.527,89.872
subject0078,M,cam08,540,270,8.360,10.682,89.872
subject0078,M,cam09,540,270,8.360,13.646,89.872
subject0078,M,cam10,540,270,8.360,31.722,89.872
subject0078,M,cam16,540,270,8.360,20.527,89.872
subject0078,M,cam17,540,270,8.360,21.825,89.872
subject0078,S_cross,cam00,0,0,nan,30.480,nan
subject0078,S_cross,cam01,0,0,nan,26.797,nan
subject0078,S_cross,cam02,0,0,nan,36.034,nan
subject0078,S_cross,cam07,0,0,nan,40.711,nan
subject0078,S_cross,cam08,0,0,nan,16.384,nan
subject0078,S_cross,cam10,0,0,nan,28.946,nan
subject0078,S_cross,cam16,0,0,nan,32.798,nan
subject0078,S_cross,cam17,0,0,nan,19.321,nan
subject0080,T,cam00,60,60,6.081,7.965,89.739
subject0080,Tk,cam00,30,30,4.996,8.296,89.956
subject0080,S,cam00,60,30,3.340,8.174,89.663
subject0080,GEN,cam00,0,0,nan,27.300,nan
subject0080,T,cam01,60,60,6.308,8.497,89.930
subject0080,Tk,cam01,30,30,5.240,8.428,89.987
subject0080,S,cam01,60,30,4.028,8.414,90.146
subject0080,GEN,cam01,0,0,nan,29.465,nan
subject0080,T,cam02,60,60,6.336,7.929,89.289
subject0080,Tk,cam02,30,30,4.640,7.510,89.224
subject0080,S,cam02,60,30,3.288,7.402,90.846
subject0080,GEN,cam02,0,0,nan,35.590,nan
subject0080,T,cam03,60,60,4.390,5.455,89.462
subject0080,Tk,cam03,30,30,3.573,5.326,88.612
subject0080,S,cam03,60,30,3.250,5.313,89.067
subject0080,GEN,cam03,0,0,nan,30.157,nan
subject0080,T,cam05,60,60,4.396,5.330,90.137
subject0080,Tk,cam05,30,30,3.225,5.481,90.185
subject0080,S,cam05,60,30,2.757,5.533,89.973
subject0080,GEN,cam05,0,0,nan,15.181,nan
subject0080,T,cam07,60,60,5.034,6.651,89.098
subject0080,Tk,cam07,30,30,4.027,6.430,89.160
subject0080,S,cam07,60,30,3.000,6.665,90.325
subject0080,GEN,cam07,0,0,nan,31.132,nan
subject0080,T,cam08,60,60,5.521,6.675,89.426
subject0080,Tk,cam08,30,30,4.510,6.830,89.411
subject0080,S,cam08,60,30,3.945,6.828,89.009
subject0080,GEN,cam08,0,0,nan,30.544,nan
subject0080,T,cam09,60,60,7.655,7.413,88.913
subject0080,Tk,cam09,30,30,5.755,6.689,89.100
subject0080,S,cam09,60,30,4.376,6.704,88.972
subject0080,GEN,cam09,0,0,nan,36.381,nan
subject0080,T,cam10,60,60,6.530,6.765,87.498
subject0080,Tk,cam10,30,30,5.164,7.073,87.502
subject0080,S,cam10,60,30,4.736,6.812,87.338
subject0080,GEN,cam10,0,0,nan,47.319,nan
subject0080,T,cam16,60,60,4.929,5.659,89.256
subject0080,Tk,cam16,30,30,3.714,5.743,89.030
subject0080,S,cam16,60,30,3.316,5.905,89.186
subject0080,GEN,cam16,0,0,nan,38.990,nan
subject0080,T,cam17,60,60,4.263,6.197,89.398
subject0080,Tk,cam17,30,30,3.406,5.899,89.513
subject0080,S,cam17,60,30,2.987,5.656,89.405
subject0080,GEN,cam17,0,0,nan,37.742,nan
subject0080,S240,cam01,127,63,3.813,8.336,90.120
subject0080,F,cam00,660,0,nan,19.846,89.656
subject0080,F,cam01,660,0,nan,23.211,89.656
subject0080,F,cam02,660,0,nan,36.602,89.656
subject0080,F,cam03,660,0,nan,36.459,89.656
subject0080,F,cam05,660,0,nan,32.697,89.656
subject0080,F,cam07,660,0,nan,31.105,89.656
subject0080,F,cam08,660,0,nan,20.097,89.656
subject0080,F,cam09,660,0,nan,25.277,89.656
subject0080,F,cam10,660,0,nan,47.732,89.656
subject0080,F,cam16,660,0,nan,40.293,89.656
subject0080,F,cam17,660,0,nan,30.111,89.656
subject0080,M,cam00,660,330,11.225,11.562,89.515
subject0080,M,cam01,660,330,11.225,14.511,89.515
subject0080,M,cam02,660,330,11.225,13.955,89.515
subject0080,M,cam03,660,330,11.225,14.354,89.515
subject0080,M,cam05,660,330,11.225,24.163,89.515
subject0080,M,cam07,660,330,11.225,23.232,89.515
subject0080,M,cam08,660,330,11.225,21.328,89.515
subject0080,M,cam09,660,330,11.225,20.316,89.515
subject0080,M,cam10,660,330,11.225,33.233,89.515
subject0080,M,cam16,660,330,11.225,33.412,89.515
subject0080,M,cam17,660,330,11.225,47.151,89.515
subject0080,S_cross,cam00,0,0,nan,17.024,nan
subject0080,S_cross,cam02,0,0,nan,26.474,nan
subject0080,S_cross,cam03,0,0,nan,28.246,nan
subject0080,S_cross,cam05,0,0,nan,33.499,nan
subject0080,S_cross,cam07,0,0,nan,39.368,nan
subject0080,S_cross,cam08,0,0,nan,37.421,nan
subject0080,S_cross,cam09,0,0,nan,32.229,nan
subject0080,S_cross,cam10,0,0,nan,51.489,nan
subject0080,S_cross,cam16,0,0,nan,49.450,nan
subject0080,S_cross,cam17,0,0,nan,47.543,nan
subject0079,T,cam00,60,60,3.955,4.923,90.293
subject0079,Tk,cam00,30,30,2.867,4.831,90.344
subject0079,S,cam00,60,30,2.566,4.848,90.311
subject0079,GEN,cam00,0,0,nan,25.578,nan
subject0079,T,cam01,60,60,3.941,5.196,90.144
subject0079,Tk,cam01,30,30,2.879,5.382,90.238
subject0079,S,cam01,60,30,2.530,5.325,90.245
subject0079,GEN,cam01,0,0,nan,23.724,nan
subject0079,T,cam02,60,60,4.178,6.148,89.359
subject0079,Tk,cam02,30,30,3.197,6.085,89.532
subject0079,S,cam02,60,30,2.880,6.192,90.262
subject0079,GEN,cam02,0,0,nan,29.973,nan
subject0079,T,cam03,60,60,3.276,4.562,88.922
subject0079,Tk,cam03,30,30,2.757,4.514,88.933
subject0079,S,cam03,60,30,2.544,4.479,89.102
subject0079,GEN,cam03,0,0,nan,26.752,nan
subject0079,T,cam06,60,60,2.955,3.949,89.632
subject0079,Tk,cam06,30,30,2.379,3.842,89.592
subject0079,S,cam06,60,30,2.147,3.758,89.830
subject0079,GEN,cam06,0,0,nan,22.715,nan
subject0079,T,cam07,60,60,3.573,4.637,89.736
subject0079,Tk,cam07,30,30,2.859,4.524,89.675
subject0079,S,cam07,60,30,2.299,4.540,90.437
subject0079,GEN,cam07,0,0,nan,22.924,nan
subject0079,T,cam08,60,60,6.001,6.786,90.499
subject0079,Tk,cam08,30,30,4.932,6.686,90.486
subject0079,S,cam08,60,30,4.167,6.640,90.153
subject0079,GEN,cam08,0,0,nan,25.068,nan
subject0079,T,cam09,60,60,6.144,7.616,90.370
subject0079,Tk,cam09,30,30,4.616,7.696,90.458
subject0079,S,cam09,60,30,3.803,7.379,90.310
subject0079,GEN,cam09,0,0,nan,20.654,nan
subject0079,T,cam10,60,60,8.599,10.421,87.996
subject0079,Tk,cam10,30,30,5.771,9.946,88.170
subject0079,S,cam10,60,30,4.605,9.905,88.333
subject0079,GEN,cam10,0,0,nan,41.796,nan
subject0079,T,cam16,60,60,5.288,7.810,89.717
subject0079,Tk,cam16,30,30,4.005,7.979,89.710
subject0079,S,cam16,60,30,3.906,8.067,89.779
subject0079,GEN,cam16,0,0,nan,34.952,nan
subject0079,T,cam17,60,60,6.847,7.704,90.226
subject0079,Tk,cam17,30,30,4.775,6.950,90.276
subject0079,S,cam17,60,30,3.645,6.750,89.982
subject0079,GEN,cam17,0,0,nan,26.060,nan
subject0079,S240,cam09,121,60,3.820,7.987,90.277
subject0079,F,cam00,660,0,nan,10.629,90.306
subject0079,F,cam01,660,0,nan,15.750,90.306
subject0079,F,cam02,660,0,nan,33.448,90.306
subject0079,F,cam03,660,0,nan,34.095,90.306
subject0079,F,cam06,660,0,nan,30.039,90.306
subject0079,F,cam07,660,0,nan,24.147,90.306
subject0079,F,cam08,660,0,nan,24.798,90.306
subject0079,F,cam09,660,0,nan,25.457,90.306
subject0079,F,cam10,660,0,nan,53.002,90.306
subject0079,F,cam16,660,0,nan,43.335,90.306
subject0079,F,cam17,660,0,nan,35.223,90.306
subject0079,M,cam00,660,330,9.095,7.356,90.213
subject0079,M,cam01,660,330,9.095,9.001,90.213
subject0079,M,cam02,660,330,9.095,18.423,90.213
subject0079,M,cam03,660,330,9.095,17.677,90.213
subject0079,M,cam06,660,330,9.095,18.986,90.213
subject0079,M,cam07,660,330,9.095,12.291,90.213
subject0079,M,cam08,660,330,9.095,18.842,90.213
subject0079,M,cam09,660,330,9.095,22.095,90.213
subject0079,M,cam10,660,330,9.095,43.784,90.213
subject0079,M,cam16,660,330,9.095,33.346,90.213
subject0079,M,cam17,660,330,9.095,36.549,90.213
subject0079,S_cross,cam00,0,0,nan,41.957,nan
subject0079,S_cross,cam01,0,0,nan,41.813,nan
subject0079,S_cross,cam02,0,0,nan,59.964,nan
subject0079,S_cross,cam03,0,0,nan,69.395,nan
subject0079,S_cross,cam06,0,0,nan,71.052,nan
subject0079,S_cross,cam07,0,0,nan,54.524,nan
subject0079,S_cross,cam08,0,0,nan,24.985,nan
subject0079,S_cross,cam10,0,0,nan,43.859,nan
subject0079,S_cross,cam16,0,0,nan,49.296,nan
subject0079,S_cross,cam17,0,0,nan,19.863,nan
subject0083,T,cam00,60,60,4.115,5.212,90.948
subject0083,Tk,cam00,30,30,3.376,5.522,90.710
subject0083,S,cam00,60,30,2.794,5.548,90.413
subject0083,GEN,cam00,0,0,nan,14.694,nan
subject0083,T,cam01,60,60,4.834,5.935,90.681
subject0083,Tk,cam01,30,30,4.062,6.134,90.545
subject0083,S,cam01,60,30,3.328,6.074,90.456
subject0083,GEN,cam01,0,0,nan,17.318,nan
subject0083,T,cam02,60,60,4.968,7.076,89.762
subject0083,Tk,cam02,30,30,3.800,7.477,89.547
subject0083,S,cam02,60,30,3.690,7.621,89.907
subject0083,GEN,cam02,0,0,nan,25.224,nan
subject0083,T,cam03,60,60,4.178,5.718,89.505
subject0083,Tk,cam03,30,30,3.350,5.795,89.415
subject0083,S,cam03,60,30,3.083,5.716,89.698
subject0083,GEN,cam03,0,0,nan,23.642,nan
subject0083,T,cam07,60,60,3.675,5.079,90.192
subject0083,Tk,cam07,30,30,3.054,5.254,89.740
subject0083,S,cam07,60,30,2.607,5.215,90.245
subject0083,GEN,cam07,0,0,nan,15.924,nan
subject0083,T,cam08,60,60,4.718,6.360,90.506
subject0083,Tk,cam08,30,30,4.178,6.332,90.600
subject0083,S,cam08,60,30,3.194,6.400,90.238
subject0083,GEN,cam08,0,0,nan,20.387,nan
subject0083,T,cam09,60,60,4.431,5.699,90.423
subject0083,Tk,cam09,30,30,3.547,5.812,90.446
subject0083,S,cam09,60,30,2.905,5.838,90.432
subject0083,GEN,cam09,0,0,nan,19.359,nan
subject0083,T,cam10,60,60,6.652,8.038,88.453
subject0083,Tk,cam10,30,30,5.104,8.053,88.427
subject0083,S,cam10,60,30,3.862,8.327,88.348
subject0083,GEN,cam10,0,0,nan,35.425,nan
subject0083,T,cam16,60,60,5.526,7.497,90.256
subject0083,Tk,cam16,30,30,4.145,7.397,90.322
subject0083,S,cam16,60,30,2.793,7.724,90.472
subject0083,GEN,cam16,0,0,nan,26.477,nan
subject0083,T,cam17,60,60,6.070,6.943,89.914
subject0083,Tk,cam17,30,30,4.470,6.472,89.842
subject0083,S,cam17,60,30,3.678,6.586,89.903
subject0083,GEN,cam17,0,0,nan,26.624,nan
subject0083,S240,cam09,120,60,3.241,5.703,90.503
subject0083,F,cam00,600,0,nan,16.122,90.279
subject0083,F,cam01,600,0,nan,15.178,90.279
subject0083,F,cam02,600,0,nan,31.179,90.279
subject0083,F,cam03,600,0,nan,35.044,90.279
subject0083,F,cam07,600,0,nan,27.151,90.279
subject0083,F,cam08,600,0,nan,14.170,90.279
subject0083,F,cam09,600,0,nan,15.808,90.279
subject0083,F,cam10,600,0,nan,39.380,90.279
subject0083,F,cam16,600,0,nan,29.690,90.279
subject0083,F,cam17,600,0,nan,20.064,90.279
subject0083,M,cam00,600,300,8.939,10.622,90.456
subject0083,M,cam01,600,300,8.939,10.497,90.456
subject0083,M,cam02,600,300,8.939,15.997,90.456
subject0083,M,cam03,600,300,8.939,17.526,90.456
subject0083,M,cam07,600,300,8.939,16.262,90.456
subject0083,M,cam08,600,300,8.939,10.283,90.456
subject0083,M,cam09,600,300,8.939,13.236,90.456
subject0083,M,cam10,600,300,8.939,31.795,90.456
subject0083,M,cam16,600,300,8.939,26.071,90.456
subject0083,M,cam17,600,300,8.939,25.119,90.456
subject0083,S_cross,cam00,0,0,nan,32.934,nan
subject0083,S_cross,cam01,0,0,nan,30.340,nan
subject0083,S_cross,cam02,0,0,nan,42.202,nan
subject0083,S_cross,cam03,0,0,nan,50.091,nan
subject0083,S_cross,cam07,0,0,nan,42.529,nan
subject0083,S_cross,cam08,0,0,nan,14.375,nan
subject0083,S_cross,cam10,0,0,nan,31.914,nan
subject0083,S_cross,cam16,0,0,nan,34.007,nan
subject0083,S_cross,cam17,0,0,nan,14.530,nan
subject0090,T,cam00,60,60,3.781,4.769,89.708
subject0090,Tk,cam00,30,30,3.201,4.805,89.737
subject0090,S,cam00,60,30,2.679,4.771,89.358
subject0090,GEN,cam00,0,0,nan,22.002,nan
subject0090,T,cam01,60,60,3.764,5.022,89.605
subject0090,Tk,cam01,30,30,2.996,4.758,89.668
subject0090,S,cam01,60,30,2.326,4.777,89.770
subject0090,GEN,cam01,0,0,nan,24.237,nan
subject0090,T,cam02,60,60,3.849,5.429,88.284
subject0090,Tk,cam02,30,30,2.504,5.026,89.435
subject0090,S,cam02,60,30,2.693,5.133,89.644
subject0090,GEN,cam02,0,0,nan,25.109,nan
subject0090,T,cam07,60,60,3.718,4.775,88.689
subject0090,Tk,cam07,30,30,2.835,4.445,88.977
subject0090,S,cam07,60,30,2.421,4.395,88.780
subject0090,GEN,cam07,0,0,nan,21.964,nan
subject0090,T,cam08,60,60,5.119,5.429,89.902
subject0090,Tk,cam08,30,30,3.516,5.550,89.945
subject0090,S,cam08,60,30,2.849,5.553,89.660
subject0090,GEN,cam08,0,0,nan,18.461,nan
subject0090,T,cam09,60,60,5.058,5.758,89.871
subject0090,Tk,cam09,30,30,3.753,5.658,89.866
subject0090,S,cam09,60,30,3.125,5.644,89.714
subject0090,GEN,cam09,0,0,nan,18.350,nan
subject0090,T,cam10,60,60,7.195,9.966,88.470
subject0090,Tk,cam10,30,30,5.150,10.221,88.394
subject0090,S,cam10,60,30,4.669,10.691,88.336
subject0090,GEN,cam10,0,0,nan,33.092,nan
subject0090,T,cam16,60,60,6.039,7.315,89.400
subject0090,Tk,cam16,30,30,3.867,7.021,89.433
subject0090,S,cam16,60,30,3.509,7.242,89.137
subject0090,GEN,cam16,0,0,nan,26.477,nan
subject0090,T,cam17,60,60,4.817,5.524,90.051
subject0090,Tk,cam17,30,30,3.801,5.498,90.071
subject0090,S,cam17,60,30,3.224,5.491,89.986
subject0090,GEN,cam17,0,0,nan,20.207,nan
subject0090,S240,cam09,116,58,2.900,5.469,89.816
subject0090,F,cam00,540,0,nan,12.958,89.475
subject0090,F,cam01,540,0,nan,17.448,89.475
subject0090,F,cam02,540,0,nan,35.718,89.475
subject0090,F,cam07,540,0,nan,26.898,89.475
subject0090,F,cam08,540,0,nan,14.572,89.475
subject0090,F,cam09,540,0,nan,15.161,89.475
subject0090,F,cam10,540,0,nan,35.525,89.475
subject0090,F,cam16,540,0,nan,30.124,89.475
subject0090,F,cam17,540,0,nan,18.217,89.475
subject0090,M,cam00,540,270,7.167,8.113,89.824
subject0090,M,cam01,540,270,7.167,9.156,89.824
subject0090,M,cam02,540,270,7.167,18.848,89.824
subject0090,M,cam07,540,270,7.167,15.459,89.824
subject0090,M,cam08,540,270,7.167,12.941,89.824
subject0090,M,cam09,540,270,7.167,14.885,89.824
subject0090,M,cam10,540,270,7.167,32.984,89.824
subject0090,M,cam16,540,270,7.167,21.546,89.824
subject0090,M,cam17,540,270,7.167,24.084,89.824
subject0090,S_cross,cam00,0,0,nan,27.962,nan
subject0090,S_cross,cam01,0,0,nan,27.674,nan
subject0090,S_cross,cam02,0,0,nan,42.006,nan
subject0090,S_cross,cam07,0,0,nan,40.341,nan
subject0090,S_cross,cam08,0,0,nan,14.002,nan
subject0090,S_cross,cam10,0,0,nan,29.273,nan
subject0090,S_cross,cam16,0,0,nan,29.210,nan
subject0090,S_cross,cam17,0,0,nan,13.335,nan
subject0095,T,cam00,60,60,5.211,6.622,90.227
subject0095,Tk,cam00,30,30,4.424,6.695,90.203
subject0095,S,cam00,60,30,3.611,6.650,90.045
subject0095,GEN,cam00,0,0,nan,15.653,nan
subject0095,T,cam01,60,60,5.124,6.384,90.132
subject0095,Tk,cam01,30,30,4.045,6.296,90.246
subject0095,S,cam01,60,30,3.268,6.139,90.215
subject0095,GEN,cam01,0,0,nan,16.120,nan
subject0095,T,cam02,60,60,4.321,5.788,90.149
subject0095,Tk,cam02,30,30,3.476,5.419,89.362
subject0095,S,cam02,60,30,3.232,5.111,89.485
subject0095,GEN,cam02,0,0,nan,30.059,nan
subject0095,T,cam07,60,60,3.380,4.255,90.400
subject0095,Tk,cam07,30,30,2.683,4.409,89.403
subject0095,S,cam07,60,30,2.298,4.266,90.233
subject0095,GEN,cam07,0,0,nan,26.119,nan
subject0095,T,cam08,60,60,4.994,6.163,89.846
subject0095,Tk,cam08,30,30,3.700,6.245,89.652
subject0095,S,cam08,60,30,2.815,6.329,89.705
subject0095,GEN,cam08,0,0,nan,23.543,nan
subject0095,T,cam09,60,60,6.346,8.199,89.201
subject0095,Tk,cam09,30,30,4.566,7.168,89.334
subject0095,S,cam09,60,30,3.725,7.174,89.215
subject0095,GEN,cam09,0,0,nan,22.414,nan
subject0095,T,cam10,60,60,4.719,5.124,87.988
subject0095,Tk,cam10,30,30,3.723,4.753,88.493
subject0095,S,cam10,60,30,3.086,4.692,86.891
subject0095,GEN,cam10,0,0,nan,42.256,nan
subject0095,T,cam16,60,60,4.905,6.677,89.901
subject0095,Tk,cam16,30,30,3.259,5.985,90.179
subject0095,S,cam16,60,30,2.648,5.769,90.440
subject0095,GEN,cam16,0,0,nan,31.122,nan
subject0095,T,cam17,60,60,4.560,5.716,89.044
subject0095,Tk,cam17,30,30,3.355,5.583,89.046
subject0095,S,cam17,60,30,2.671,5.602,89.356
subject0095,GEN,cam17,0,0,nan,24.503,nan
subject0095,S240,cam09,94,47,4.014,6.818,89.295
subject0095,F,cam00,540,0,nan,19.152,89.649
subject0095,F,cam01,540,0,nan,19.565,89.649
subject0095,F,cam02,540,0,nan,30.294,89.649
subject0095,F,cam07,540,0,nan,27.941,89.649
subject0095,F,cam08,540,0,nan,11.401,89.649
subject0095,F,cam09,540,0,nan,11.476,89.649
subject0095,F,cam10,540,0,nan,37.165,89.649
subject0095,F,cam16,540,0,nan,25.023,89.649
subject0095,F,cam17,540,0,nan,21.201,89.649
subject0095,M,cam00,540,270,8.306,12.275,89.524
subject0095,M,cam01,540,270,8.306,10.692,89.524
subject0095,M,cam02,540,270,8.306,20.602,89.524
subject0095,M,cam07,540,270,8.306,18.730,89.524
subject0095,M,cam08,540,270,8.306,8.370,89.524
subject0095,M,cam09,540,270,8.306,10.873,89.524
subject0095,M,cam10,540,270,8.306,33.707,89.524
subject0095,M,cam16,540,270,8.306,18.136,89.524
subject0095,M,cam17,540,270,8.306,21.533,89.524
subject0095,S_cross,cam00,0,0,nan,29.795,nan
subject0095,S_cross,cam01,0,0,nan,27.579,nan
subject0095,S_cross,cam02,0,0,nan,33.177,nan
subject0095,S_cross,cam07,0,0,nan,37.997,nan
subject0095,S_cross,cam08,0,0,nan,14.474,nan
subject0095,S_cross,cam10,0,0,nan,33.987,nan
subject0095,S_cross,cam16,0,0,nan,31.229,nan
subject0095,S_cross,cam17,0,0,nan,16.991,nan
subject0085,T,cam00,60,60,3.531,4.458,90.503
subject0085,Tk,cam00,30,30,2.966,4.482,90.475
subject0085,S,cam00,60,30,2.465,4.488,90.207
subject0085,GEN,cam00,0,0,nan,18.313,nan
subject0085,T,cam01,60,60,3.954,4.398,90.343
subject0085,Tk,cam01,30,30,3.102,4.199,90.342
subject0085,S,cam01,60,30,2.778,4.159,90.219
subject0085,GEN,cam01,0,0,nan,20.783,nan
subject0085,T,cam02,60,60,4.864,6.235,88.733
subject0085,Tk,cam02,30,30,4.025,6.280,88.069
subject0085,S,cam02,60,30,3.569,6.125,88.320
subject0085,GEN,cam02,0,0,nan,28.418,nan
subject0085,T,cam07,60,60,4.331,5.203,88.948
subject0085,Tk,cam07,30,30,3.396,5.288,88.551
subject0085,S,cam07,60,30,2.734,5.122,88.144
subject0085,GEN,cam07,0,0,nan,24.864,nan
subject0085,T,cam08,60,60,5.219,5.770,90.076
subject0085,Tk,cam08,30,30,4.391,5.869,90.169
subject0085,S,cam08,60,30,3.972,5.851,90.109
subject0085,GEN,cam08,0,0,nan,25.950,nan
subject0085,T,cam09,60,60,5.266,5.514,89.706
subject0085,Tk,cam09,30,30,4.375,5.403,89.764
subject0085,S,cam09,60,30,3.527,5.477,89.736
subject0085,GEN,cam09,0,0,nan,28.739,nan
subject0085,T,cam10,60,60,8.908,10.154,88.922
subject0085,Tk,cam10,30,30,5.886,10.149,88.814
subject0085,S,cam10,60,30,4.950,9.577,88.692
subject0085,GEN,cam10,0,0,nan,35.667,nan
subject0085,T,cam16,60,60,5.623,6.525,89.693
subject0085,Tk,cam16,30,30,4.322,6.723,89.820
subject0085,S,cam16,60,30,4.079,6.817,90.021
subject0085,GEN,cam16,0,0,nan,26.133,nan
subject0085,T,cam17,60,60,5.239,5.679,90.002
subject0085,Tk,cam17,30,30,3.550,5.607,89.987
subject0085,S,cam17,60,30,2.870,5.538,89.674
subject0085,GEN,cam17,0,0,nan,28.377,nan
subject0085,S240,cam09,124,62,3.314,5.418,89.874
subject0085,F,cam00,540,0,nan,18.805,89.881
subject0085,F,cam01,540,0,nan,25.875,89.881
subject0085,F,cam02,540,0,nan,47.364,89.881
subject0085,F,cam07,540,0,nan,35.762,89.881
subject0085,F,cam08,540,0,nan,18.405,89.881
subject0085,F,cam09,540,0,nan,24.250,89.881
subject0085,F,cam10,540,0,nan,42.206,89.881
subject0085,F,cam16,540,0,nan,30.854,89.881
subject0085,F,cam17,540,0,nan,19.845,89.881
subject0085,M,cam00,540,270,9.178,10.042,90.014
subject0085,M,cam01,540,270,9.178,10.584,90.014
subject0085,M,cam02,540,270,9.178,13.085,90.014
subject0085,M,cam07,540,270,9.178,18.472,90.014
subject0085,M,cam08,540,270,9.178,12.233,90.014
subject0085,M,cam09,540,270,9.178,16.793,90.014
subject0085,M,cam10,540,270,9.178,29.210,90.014
subject0085,M,cam16,540,270,9.178,19.165,90.014
subject0085,M,cam17,540,270,9.178,23.111,90.014
subject0085,S_cross,cam00,0,0,nan,43.614,nan
subject0085,S_cross,cam01,0,0,nan,42.200,nan
subject0085,S_cross,cam02,0,0,nan,53.279,nan
subject0085,S_cross,cam07,0,0,nan,54.059,nan
subject0085,S_cross,cam08,0,0,nan,19.457,nan
subject0085,S_cross,cam10,0,0,nan,28.267,nan
subject0085,S_cross,cam16,0,0,nan,36.205,nan
subject0085,S_cross,cam17,0,0,nan,23.480,nan
subject0084,T,cam00,60,60,6.325,8.209,90.604
subject0084,Tk,cam00,30,30,4.919,6.378,90.581
subject0084,S,cam00,60,30,3.278,6.226,90.530
subject0084,GEN,cam00,0,0,nan,16.340,nan
subject0084,T,cam01,60,60,6.993,8.343,90.282
subject0084,Tk,cam01,30,30,4.863,7.819,90.311
subject0084,S,cam01,60,30,3.586,7.234,90.704
subject0084,GEN,cam01,0,0,nan,17.989,nan
subject0084,T,cam02,60,60,5.792,8.659,88.960
subject0084,Tk,cam02,30,30,4.524,8.838,89.559
subject0084,S,cam02,60,30,3.681,8.284,89.721
subject0084,GEN,cam02,0,0,nan,25.434,nan
subject0084,T,cam07,60,60,5.455,7.815,88.248
subject0084,Tk,cam07,30,30,4.217,7.504,89.458
subject0084,S,cam07,60,30,3.235,6.755,89.279
subject0084,GEN,cam07,0,0,nan,22.953,nan
subject0084,T,cam08,60,60,6.284,7.738,90.646
subject0084,Tk,cam08,30,30,4.682,6.597,90.493
subject0084,S,cam08,60,30,3.236,6.473,90.308
subject0084,GEN,cam08,0,0,nan,18.616,nan
subject0084,T,cam09,60,60,6.280,7.683,90.525
subject0084,Tk,cam09,30,30,5.125,6.568,90.487
subject0084,S,cam09,60,30,3.681,6.489,90.293
subject0084,GEN,cam09,0,0,nan,19.079,nan
subject0084,T,cam10,60,60,8.674,10.932,88.903
subject0084,Tk,cam10,30,30,5.792,10.325,89.103
subject0084,S,cam10,60,30,4.335,10.008,89.269
subject0084,GEN,cam10,0,0,nan,35.412,nan
subject0084,T,cam16,60,60,6.740,8.530,89.418
subject0084,Tk,cam16,30,30,4.469,8.035,89.697
subject0084,S,cam16,60,30,3.668,7.905,89.827
subject0084,GEN,cam16,0,0,nan,29.301,nan
subject0084,T,cam17,60,60,5.879,6.900,89.905
subject0084,Tk,cam17,30,30,4.609,6.278,89.892
subject0084,S,cam17,60,30,3.398,6.267,89.609
subject0084,GEN,cam17,0,0,nan,25.163,nan
subject0084,S240,cam09,121,60,3.833,6.484,90.224
subject0084,F,cam00,540,0,nan,23.889,90.545
subject0084,F,cam01,540,0,nan,25.221,90.545
subject0084,F,cam02,540,0,nan,40.754,90.545
subject0084,F,cam07,540,0,nan,32.344,90.545
subject0084,F,cam08,540,0,nan,15.229,90.545
subject0084,F,cam09,540,0,nan,15.934,90.545
subject0084,F,cam10,540,0,nan,45.101,90.545
subject0084,F,cam16,540,0,nan,33.411,90.545
subject0084,F,cam17,540,0,nan,19.341,90.545
subject0084,M,cam00,540,270,9.029,10.646,90.247
subject0084,M,cam01,540,270,9.029,11.274,90.247
subject0084,M,cam02,540,270,9.029,23.040,90.247
subject0084,M,cam07,540,270,9.029,18.682,90.247
subject0084,M,cam08,540,270,9.029,10.745,90.247
subject0084,M,cam09,540,270,9.029,13.307,90.247
subject0084,M,cam10,540,270,9.029,35.760,90.247
subject0084,M,cam16,540,270,9.029,22.239,90.247
subject0084,M,cam17,540,270,9.029,17.099,90.247
subject0084,S_cross,cam00,0,0,nan,44.356,nan
subject0084,S_cross,cam01,0,0,nan,44.754,nan
subject0084,S_cross,cam02,0,0,nan,58.232,nan
subject0084,S_cross,cam07,0,0,nan,53.843,nan
subject0084,S_cross,cam08,0,0,nan,16.714,nan
subject0084,S_cross,cam10,0,0,nan,43.235,nan
subject0084,S_cross,cam16,0,0,nan,38.133,nan
subject0084,S_cross,cam17,0,0,nan,14.535,nan
subject0088,T,cam00,60,60,3.875,5.568,90.286
subject0088,Tk,cam00,30,30,3.424,5.389,90.283
subject0088,S,cam00,60,30,2.969,5.347,90.141
subject0088,GEN,cam00,0,0,nan,19.897,nan
subject0088,T,cam01,60,60,3.844,5.541,90.407
subject0088,Tk,cam01,30,30,2.998,5.448,90.503
subject0088,S,cam01,60,30,2.524,5.513,90.487
subject0088,GEN,cam01,0,0,nan,21.142,nan
subject0088,T,cam02,60,60,4.333,6.258,89.572
subject0088,Tk,cam02,30,30,3.703,6.264,90.077
subject0088,S,cam02,60,30,3.397,6.101,90.650
subject0088,GEN,cam02,0,0,nan,28.615,nan
subject0088,T,cam03,60,60,3.715,5.011,89.493
subject0088,Tk,cam03,30,30,2.944,4.903,89.801
subject0088,S,cam03,60,30,2.443,4.781,89.653
subject0088,GEN,cam03,0,0,nan,26.539,nan
subject0088,T,cam04,60,60,2.790,3.896,90.227
subject0088,Tk,cam04,30,30,2.091,3.898,90.282
subject0088,S,cam04,60,30,1.847,3.826,90.209
subject0088,GEN,cam04,0,0,nan,18.314,nan
subject0088,T,cam05,60,60,3.308,4.499,90.097
subject0088,Tk,cam05,30,30,2.772,4.378,90.161
subject0088,S,cam05,60,30,2.318,4.377,90.134
subject0088,GEN,cam05,0,0,nan,18.568,nan
subject0088,T,cam06,60,60,3.500,4.531,88.495
subject0088,Tk,cam06,30,30,2.778,4.557,88.596
subject0088,S,cam06,60,30,2.214,4.314,89.453
subject0088,GEN,cam06,0,0,nan,24.140,nan
subject0088,T,cam07,60,60,3.643,5.163,88.321
subject0088,Tk,cam07,30,30,2.944,5.189,88.445
subject0088,S,cam07,60,30,2.552,5.120,89.064
subject0088,GEN,cam07,0,0,nan,24.930,nan
subject0088,T,cam08,60,60,4.492,5.538,90.853
subject0088,Tk,cam08,30,30,3.672,5.484,90.790
subject0088,S,cam08,60,30,3.416,5.493,90.727
subject0088,GEN,cam08,0,0,nan,22.817,nan
subject0088,T,cam09,60,60,4.947,6.081,90.457
subject0088,Tk,cam09,30,30,3.656,6.370,90.339
subject0088,S,cam09,60,30,3.050,6.389,90.202
subject0088,GEN,cam09,0,0,nan,22.013,nan
subject0088,T,cam10,60,60,5.283,6.777,88.787
subject0088,Tk,cam10,30,30,4.455,6.629,88.835
subject0088,S,cam10,60,30,3.863,6.594,88.672
subject0088,GEN,cam10,0,0,nan,36.581,nan
subject0088,T,cam16,60,60,4.321,6.334,89.314
subject0088,Tk,cam16,30,30,3.292,6.539,89.374
subject0088,S,cam16,60,30,2.932,6.498,88.739
subject0088,GEN,cam16,0,0,nan,34.875,nan
subject0088,T,cam17,60,60,4.151,5.338,90.217
subject0088,Tk,cam17,30,30,3.459,5.253,90.178
subject0088,S,cam17,60,30,2.607,5.136,90.126
subject0088,GEN,cam17,0,0,nan,27.336,nan
subject0088,S240,cam01,121,60,2.411,4.966,90.506
subject0088,F,cam00,780,0,nan,9.499,90.127
subject0088,F,cam01,780,0,nan,11.928,90.127
subject0088,F,cam02,780,0,nan,25.383,90.127
subject0088,F,cam03,780,0,nan,26.491,90.127
subject0088,F,cam04,780,0,nan,18.923,90.127
subject0088,F,cam05,780,0,nan,19.005,90.127
subject0088,F,cam06,780,0,nan,25.984,90.127
subject0088,F,cam07,780,0,nan,21.160,90.127
subject0088,F,cam08,780,0,nan,18.414,90.127
subject0088,F,cam09,780,0,nan,17.743,90.127
subject0088,F,cam10,780,0,nan,43.905,90.127
subject0088,F,cam16,780,0,nan,35.752,90.127
subject0088,F,cam17,780,0,nan,24.717,90.127
subject0088,M,cam00,780,390,8.628,8.218,90.164
subject0088,M,cam01,780,390,8.628,9.816,90.164
subject0088,M,cam02,780,390,8.628,19.145,90.164
subject0088,M,cam03,780,390,8.628,16.918,90.164
subject0088,M,cam04,780,390,8.628,10.575,90.164
subject0088,M,cam05,780,390,8.628,11.459,90.164
subject0088,M,cam06,780,390,8.628,18.288,90.164
subject0088,M,cam07,780,390,8.628,14.994,90.164
subject0088,M,cam08,780,390,8.628,16.349,90.164
subject0088,M,cam09,780,390,8.628,15.712,90.164
subject0088,M,cam10,780,390,8.628,43.574,90.164
subject0088,M,cam16,780,390,8.628,31.325,90.164
subject0088,M,cam17,780,390,8.628,27.775,90.164
subject0088,S_cross,cam00,0,0,nan,10.890,nan
subject0088,S_cross,cam02,0,0,nan,21.890,nan
subject0088,S_cross,cam03,0,0,nan,22.845,nan
subject0088,S_cross,cam04,0,0,nan,21.215,nan
subject0088,S_cross,cam05,0,0,nan,24.937,nan
subject0088,S_cross,cam06,0,0,nan,33.074,nan
subject0088,S_cross,cam07,0,0,nan,26.563,nan
subject0088,S_cross,cam08,0,0,nan,22.369,nan
subject0088,S_cross,cam09,0,0,nan,18.590,nan
subject0088,S_cross,cam10,0,0,nan,42.097,nan
subject0088,S_cross,cam16,0,0,nan,39.146,nan
subject0088,S_cross,cam17,0,0,nan,29.223,nan
subject0092,T,cam00,60,60,4.296,5.239,89.906
subject0092,Tk,cam00,30,30,3.576,5.324,90.005
subject0092,S,cam00,60,30,2.909,5.266,89.799
subject0092,GEN,cam00,0,0,nan,22.632,nan
subject0092,T,cam01,60,60,4.110,5.419,89.860
subject0092,Tk,cam01,30,30,3.361,5.376,89.944
subject0092,S,cam01,60,30,3.044,5.380,89.996
subject0092,GEN,cam01,0,0,nan,24.662,nan
subject0092,T,cam02,60,60,4.959,6.591,88.320
subject0092,Tk,cam02,30,30,2.953,6.039,88.154
subject0092,S,cam02,60,30,2.794,6.210,88.289
subject0092,GEN,cam02,0,0,nan,30.911,nan
subject0092,T,cam03,60,60,3.242,4.779,88.288
subject0092,Tk,cam03,30,30,2.006,4.446,88.320
subject0092,S,cam03,60,30,1.831,4.460,88.582
subject0092,GEN,cam03,0,0,nan,30.107,nan
subject0092,T,cam04,60,60,2.572,3.635,89.596
subject0092,Tk,cam04,30,30,2.186,3.487,89.644
subject0092,S,cam04,60,30,1.797,3.516,89.500
subject0092,GEN,cam04,0,0,nan,21.646,nan
subject0092,T,cam05,60,60,2.572,3.638,89.790
subject0092,Tk,cam05,30,30,2.042,3.508,89.774
subject0092,S,cam05,60,30,1.760,3.442,89.692
subject0092,GEN,cam05,0,0,nan,21.253,nan
subject0092,T,cam06,60,60,4.334,5.378,87.731
subject0092,Tk,cam06,30,30,2.937,4.634,88.753
subject0092,S,cam06,60,30,2.321,4.699,88.327
subject0092,GEN,cam06,0,0,nan,24.130,nan
subject0092,T,cam07,60,60,4.216,5.495,88.155
subject0092,Tk,cam07,30,30,2.738,5.118,89.566
subject0092,S,cam07,60,30,2.508,5.041,89.049
subject0092,GEN,cam07,0,0,nan,24.399,nan
subject0092,T,cam08,60,60,6.617,6.972,89.893
subject0092,Tk,cam08,30,30,4.533,6.875,90.048
subject0092,S,cam08,60,30,4.086,6.707,89.515
subject0092,GEN,cam08,0,0,nan,20.577,nan
subject0092,T,cam09,60,60,6.890,6.954,89.778
subject0092,Tk,cam09,30,30,4.447,6.827,89.873
subject0092,S,cam09,60,30,3.894,6.813,89.783
subject0092,GEN,cam09,0,0,nan,22.997,nan
subject0092,T,cam10,60,60,10.099,12.304,88.649
subject0092,Tk,cam10,30,30,6.680,13.877,88.509
subject0092,S,cam10,60,30,5.473,14.001,88.283
subject0092,GEN,cam10,0,0,nan,34.476,nan
subject0092,T,cam16,60,60,8.163,10.792,89.512
subject0092,Tk,cam16,30,30,5.548,9.636,89.727
subject0092,S,cam16,60,30,4.304,9.567,89.758
subject0092,GEN,cam16,0,0,nan,27.805,nan
subject0092,T,cam17,60,60,6.284,6.530,90.102
subject0092,Tk,cam17,30,30,4.794,6.153,90.184
subject0092,S,cam17,60,30,3.507,5.925,89.852
subject0092,GEN,cam17,0,0,nan,21.310,nan
subject0092,S240,cam01,118,59,2.729,5.620,89.983
subject0092,F,cam00,780,0,nan,10.655,89.817
subject0092,F,cam01,780,0,nan,16.695,89.817
subject0092,F,cam02,780,0,nan,36.479,89.817
subject0092,F,cam03,780,0,nan,37.152,89.817
subject0092,F,cam04,780,0,nan,28.956,89.817
subject0092,F,cam05,780,0,nan,26.775,89.817
subject0092,F,cam06,780,0,nan,26.015,89.817
subject0092,F,cam07,780,0,nan,20.438,89.817
subject0092,F,cam08,780,0,nan,16.663,89.817
subject0092,F,cam09,780,0,nan,17.896,89.817
subject0092,F,cam10,780,0,nan,34.915,89.817
subject0092,F,cam16,780,0,nan,28.838,89.817
subject0092,F,cam17,780,0,nan,22.960,89.817
subject0092,M,cam00,780,390,8.944,9.292,89.830
subject0092,M,cam01,780,390,8.944,10.756,89.830
subject0092,M,cam02,780,390,8.944,16.645,89.830
subject0092,M,cam03,780,390,8.944,19.500,89.830
subject0092,M,cam04,780,390,8.944,11.699,89.830
subject0092,M,cam05,780,390,8.944,11.804,89.830
subject0092,M,cam06,780,390,8.944,18.528,89.830
subject0092,M,cam07,780,390,8.944,13.139,89.830
subject0092,M,cam08,780,390,8.944,14.516,89.830
subject0092,M,cam09,780,390,8.944,17.683,89.830
subject0092,M,cam10,780,390,8.944,29.332,89.830
subject0092,M,cam16,780,390,8.944,18.660,89.830
subject0092,M,cam17,780,390,8.944,29.102,89.830
subject0092,S_cross,cam00,0,0,nan,12.985,nan
subject0092,S_cross,cam02,0,0,nan,27.375,nan
subject0092,S_cross,cam03,0,0,nan,30.621,nan
subject0092,S_cross,cam04,0,0,nan,27.453,nan
subject0092,S_cross,cam05,0,0,nan,29.137,nan
subject0092,S_cross,cam06,0,0,nan,35.404,nan
subject0092,S_cross,cam07,0,0,nan,29.562,nan
subject0092,S_cross,cam08,0,0,nan,22.038,nan
subject0092,S_cross,cam09,0,0,nan,20.302,nan
subject0092,S_cross,cam10,0,0,nan,35.223,nan
subject0092,S_cross,cam16,0,0,nan,31.936,nan
subject0092,S_cross,cam17,0,0,nan,28.345,nan
subject0098,T,cam00,60,60,4.152,5.189,90.901
subject0098,Tk,cam00,30,30,3.355,5.505,91.044
subject0098,S,cam00,60,30,2.962,5.454,90.740
subject0098,GEN,cam00,0,0,nan,12.958,nan
subject0098,T,cam01,60,60,3.955,5.367,90.798
subject0098,Tk,cam01,30,30,3.377,5.715,90.897
subject0098,S,cam01,60,30,2.530,5.836,90.970
subject0098,GEN,cam01,0,0,nan,14.850,nan
subject0098,T,cam02,60,60,4.709,7.078,89.041
subject0098,Tk,cam02,30,30,3.825,6.649,90.339
subject0098,S,cam02,60,30,3.399,6.749,90.935
subject0098,GEN,cam02,0,0,nan,25.798,nan
subject0098,T,cam03,60,60,3.945,5.773,88.951
subject0098,Tk,cam03,30,30,2.903,5.540,89.817
subject0098,S,cam03,60,30,2.494,5.580,90.023
subject0098,GEN,cam03,0,0,nan,22.236,nan
subject0098,T,cam07,60,60,4.243,5.998,87.657
subject0098,Tk,cam07,30,30,3.231,6.057,90.819
subject0098,S,cam07,60,30,2.848,6.230,91.376
subject0098,GEN,cam07,0,0,nan,21.432,nan
subject0098,T,cam08,60,60,6.149,9.606,89.229
subject0098,Tk,cam08,30,30,4.987,9.777,89.657
subject0098,S,cam08,60,30,4.093,10.216,89.495
subject0098,GEN,cam08,0,0,nan,25.435,nan
subject0098,T,cam09,60,60,8.616,12.155,89.272
subject0098,Tk,cam09,30,30,6.295,9.563,89.399
subject0098,S,cam09,60,30,5.088,10.219,89.003
subject0098,GEN,cam09,0,0,nan,28.281,nan
subject0098,T,cam10,60,60,8.158,11.696,88.433
subject0098,Tk,cam10,30,30,5.470,11.183,89.760
subject0098,S,cam10,60,30,5.101,11.664,89.773
subject0098,GEN,cam10,0,0,nan,40.800,nan
subject0098,T,cam16,60,60,5.876,9.883,89.167
subject0098,Tk,cam16,30,30,4.132,10.340,90.157
subject0098,S,cam16,60,30,3.112,10.569,90.284
subject0098,GEN,cam16,0,0,nan,31.223,nan
subject0098,T,cam17,60,60,4.953,6.879,89.262
subject0098,Tk,cam17,30,30,3.925,6.560,89.419
subject0098,S,cam17,60,30,3.062,6.352,89.069
subject0098,GEN,cam17,0,0,nan,31.446,nan
subject0098,S240,cam09,118,59,5.437,9.739,89.361
subject0098,F,cam00,600,0,nan,16.050,90.287
subject0098,F,cam01,600,0,nan,14.590,90.287
subject0098,F,cam02,600,0,nan,25.967,90.287
subject0098,F,cam03,600,0,nan,27.916,90.287
subject0098,F,cam07,600,0,nan,26.412,90.287
subject0098,F,cam08,600,0,nan,17.754,90.287
subject0098,F,cam09,600,0,nan,22.600,90.287
subject0098,F,cam10,600,0,nan,42.752,90.287
subject0098,F,cam16,600,0,nan,31.881,90.287
subject0098,F,cam17,600,0,nan,26.298,90.287
subject0098,M,cam00,600,300,9.429,14.781,90.105
subject0098,M,cam01,600,300,9.429,13.649,90.105
subject0098,M,cam02,600,300,9.429,11.454,90.105
subject0098,M,cam03,600,300,9.429,12.612,90.105
subject0098,M,cam07,600,300,9.429,19.162,90.105
subject0098,M,cam08,600,300,9.429,15.950,90.105
subject0098,M,cam09,600,300,9.429,22.090,90.105
subject0098,M,cam10,600,300,9.429,38.348,90.105
subject0098,M,cam16,600,300,9.429,25.297,90.105
subject0098,M,cam17,600,300,9.429,27.797,90.105
subject0098,S_cross,cam00,0,0,nan,35.897,nan
subject0098,S_cross,cam01,0,0,nan,30.351,nan
subject0098,S_cross,cam02,0,0,nan,37.808,nan
subject0098,S_cross,cam03,0,0,nan,41.641,nan
subject0098,S_cross,cam07,0,0,nan,43.316,nan
subject0098,S_cross,cam08,0,0,nan,20.036,nan
subject0098,S_cross,cam10,0,0,nan,32.631,nan
subject0098,S_cross,cam16,0,0,nan,41.158,nan
subject0098,S_cross,cam17,0,0,nan,19.964,nan
subject0099,T,cam00,60,60,6.452,7.420,90.778
subject0099,Tk,cam00,30,30,4.743,7.217,90.770
subject0099,S,cam00,60,30,4.154,7.084,90.584
subject0099,GEN,cam00,0,0,nan,17.190,nan
subject0099,T,cam01,60,60,7.297,8.414,90.503
subject0099,Tk,cam01,30,30,5.147,7.809,90.713
subject0099,S,cam01,60,30,4.423,7.761,90.834
subject0099,GEN,cam01,0,0,nan,18.781,nan
subject0099,T,cam02,60,60,6.272,8.291,89.103
subject0099,Tk,cam02,30,30,4.870,7.250,89.434
subject0099,S,cam02,60,30,4.355,7.373,89.098
subject0099,GEN,cam02,0,0,nan,30.402,nan
subject0099,T,cam03,60,60,5.003,7.096,89.415
subject0099,Tk,cam03,30,30,4.212,7.006,90.281
subject0099,S,cam03,60,30,3.328,7.033,90.408
subject0099,GEN,cam03,0,0,nan,27.595,nan
subject0099,T,cam07,60,60,5.998,7.743,89.831
subject0099,Tk,cam07,30,30,4.279,7.241,89.725
subject0099,S,cam07,60,30,3.377,6.925,89.149
subject0099,GEN,cam07,0,0,nan,23.035,nan
subject0099,T,cam08,59,59,8.732,10.384,90.274
subject0099,Tk,cam08,29,29,7.091,9.977,90.196
subject0099,S,cam08,59,29,5.729,9.615,89.974
subject0099,GEN,cam08,0,0,nan,24.904,nan
subject0099,T,cam09,60,60,10.470,11.236,89.760
subject0099,Tk,cam09,30,30,7.318,9.482,90.032
subject0099,S,cam09,60,30,6.257,9.568,89.853
subject0099,GEN,cam09,0,0,nan,26.331,nan
subject0099,T,cam10,59,59,10.216,12.563,87.993
subject0099,Tk,cam10,29,29,8.492,12.040,87.746
subject0099,S,cam10,59,29,7.880,11.981,87.724
subject0099,GEN,cam10,0,0,nan,46.966,nan
subject0099,T,cam16,59,59,8.279,12.157,89.433
subject0099,Tk,cam16,29,29,6.191,11.841,89.334
subject0099,S,cam16,59,29,5.662,11.879,89.746
subject0099,GEN,cam16,0,0,nan,36.210,nan
subject0099,T,cam17,59,59,8.412,10.741,89.748
subject0099,Tk,cam17,29,29,5.659,9.217,89.795
subject0099,S,cam17,59,29,4.765,8.839,89.531
subject0099,GEN,cam17,0,0,nan,34.570,nan
subject0099,S240,cam09,96,48,4.970,9.982,89.946
subject0099,F,cam00,596,0,nan,24.214,90.406
subject0099,F,cam01,596,0,nan,24.541,90.406
subject0099,F,cam02,596,0,nan,35.362,90.406
subject0099,F,cam03,596,0,nan,38.537,90.406
subject0099,F,cam07,596,0,nan,35.719,90.406
subject0099,F,cam08,596,0,nan,19.751,90.406
subject0099,F,cam09,596,0,nan,22.829,90.406
subject0099,F,cam10,596,0,nan,48.256,90.406
subject0099,F,cam16,596,0,nan,40.273,90.406
subject0099,F,cam17,596,0,nan,25.834,90.406
subject0099,M,cam00,596,298,10.829,14.838,90.380
subject0099,M,cam01,596,298,10.829,12.823,90.380
subject0099,M,cam02,596,298,10.829,14.126,90.380
subject0099,M,cam03,596,298,10.829,15.564,90.380
subject0099,M,cam07,596,298,10.829,25.543,90.380
subject0099,M,cam08,596,298,10.829,18.053,90.380
subject0099,M,cam09,596,298,10.829,23.794,90.380
subject0099,M,cam10,596,298,10.829,43.378,90.380
subject0099,M,cam16,596,298,10.829,33.382,90.380
subject0099,M,cam17,596,298,10.829,36.606,90.380
subject0099,S_cross,cam00,0,0,nan,47.744,nan
subject0099,S_cross,cam01,0,0,nan,46.276,nan
subject0099,S_cross,cam02,0,0,nan,51.225,nan
subject0099,S_cross,cam03,0,0,nan,59.063,nan
subject0099,S_cross,cam07,0,0,nan,57.398,nan
subject0099,S_cross,cam08,0,0,nan,23.164,nan
subject0099,S_cross,cam10,0,0,nan,41.440,nan
subject0099,S_cross,cam16,0,0,nan,45.694,nan
subject0099,S_cross,cam17,0,0,nan,26.045,nan
subject0101,T,cam00,60,60,3.942,4.602,89.824
subject0101,Tk,cam00,30,30,3.020,4.336,89.811
subject0101,S,cam00,60,30,2.467,4.277,89.731
subject0101,GEN,cam00,0,0,nan,21.631,nan
subject0101,T,cam01,60,60,3.995,4.970,89.794
subject0101,Tk,cam01,30,30,3.154,4.786,89.828
subject0101,S,cam01,60,30,2.837,4.817,89.800
subject0101,GEN,cam01,0,0,nan,22.385,nan
subject0101,T,cam02,60,60,3.307,3.916,89.462
subject0101,Tk,cam02,30,30,2.426,4.023,88.925
subject0101,S,cam02,60,30,2.217,3.925,89.021
subject0101,GEN,cam02,0,0,nan,32.387,nan
subject0101,T,cam03,60,60,3.340,4.451,89.700
subject0101,Tk,cam03,30,30,2.360,4.180,88.914
subject0101,S,cam03,60,30,2.197,4.223,89.173
subject0101,GEN,cam03,0,0,nan,28.802,nan
subject0101,T,cam04,60,60,3.404,3.681,89.629
subject0101,Tk,cam04,30,30,2.415,3.049,89.637
subject0101,S,cam04,60,30,1.890,3.126,89.680
subject0101,GEN,cam04,0,0,nan,19.553,nan
subject0101,T,cam05,60,60,3.655,3.691,89.435
subject0101,Tk,cam05,30,30,2.834,3.577,89.395
subject0101,S,cam05,60,30,2.283,3.691,89.387
subject0101,GEN,cam05,0,0,nan,21.258,nan
subject0101,T,cam06,60,60,3.300,4.476,90.094
subject0101,Tk,cam06,30,30,2.747,4.611,89.662
subject0101,S,cam06,60,30,2.344,4.615,89.808
subject0101,GEN,cam06,0,0,nan,26.487,nan
subject0101,T,cam07,60,60,3.235,4.302,90.541
subject0101,Tk,cam07,30,30,2.232,4.102,89.995
subject0101,S,cam07,60,30,2.003,4.070,90.653
subject0101,GEN,cam07,0,0,nan,28.848,nan
subject0101,T,cam08,60,60,5.317,5.317,89.684
subject0101,Tk,cam08,30,30,3.896,5.247,89.632
subject0101,S,cam08,60,30,3.756,5.355,89.707
subject0101,GEN,cam08,0,0,nan,26.762,nan
subject0101,T,cam09,60,60,4.506,5.509,89.291
subject0101,Tk,cam09,30,30,3.753,5.341,89.339
subject0101,S,cam09,60,30,3.254,5.268,89.301
subject0101,GEN,cam09,0,0,nan,25.502,nan
subject0101,T,cam10,60,60,4.706,5.172,88.199
subject0101,Tk,cam10,30,30,3.844,5.188,89.551
subject0101,S,cam10,60,30,2.900,4.993,88.797
subject0101,GEN,cam10,0,0,nan,43.960,nan
subject0101,T,cam16,60,60,3.877,5.421,89.612
subject0101,Tk,cam16,30,30,2.652,5.370,90.401
subject0101,S,cam16,60,30,2.436,5.196,91.099
subject0101,GEN,cam16,0,0,nan,38.819,nan
subject0101,T,cam17,60,60,3.193,4.047,88.952
subject0101,Tk,cam17,30,30,2.340,3.910,88.933
subject0101,S,cam17,60,30,2.089,3.944,89.156
subject0101,GEN,cam17,0,0,nan,31.214,nan
subject0101,S240,cam09,87,43,3.062,5.429,89.255
subject0101,F,cam00,780,0,nan,10.995,89.335
subject0101,F,cam01,780,0,nan,13.776,89.335
subject0101,F,cam02,780,0,nan,29.024,89.335
subject0101,F,cam03,780,0,nan,29.409,89.335
subject0101,F,cam04,780,0,nan,21.353,89.335
subject0101,F,cam05,780,0,nan,19.230,89.335
subject0101,F,cam06,780,0,nan,27.721,89.335
subject0101,F,cam07,780,0,nan,23.353,89.335
subject0101,F,cam08,780,0,nan,15.998,89.335
subject0101,F,cam09,780,0,nan,17.414,89.335
subject0101,F,cam10,780,0,nan,48.182,89.335
subject0101,F,cam16,780,0,nan,33.068,89.335
subject0101,F,cam17,780,0,nan,26.752,89.335
subject0101,M,cam00,780,390,8.674,8.175,89.525
subject0101,M,cam01,780,390,8.674,11.395,89.525
subject0101,M,cam02,780,390,8.674,19.260,89.525
subject0101,M,cam03,780,390,8.674,17.170,89.525
subject0101,M,cam04,780,390,8.674,11.152,89.525
subject0101,M,cam05,780,390,8.674,11.417,89.525
subject0101,M,cam06,780,390,8.674,22.414,89.525
subject0101,M,cam07,780,390,8.674,18.804,89.525
subject0101,M,cam08,780,390,8.674,11.755,89.525
subject0101,M,cam09,780,390,8.674,15.410,89.525
subject0101,M,cam10,780,390,8.674,48.131,89.525
subject0101,M,cam16,780,390,8.674,30.015,89.525
subject0101,M,cam17,780,390,8.674,29.845,89.525
subject0101,S_cross,cam00,0,0,nan,30.881,nan
subject0101,S_cross,cam01,0,0,nan,27.656,nan
subject0101,S_cross,cam02,0,0,nan,46.775,nan
subject0101,S_cross,cam03,0,0,nan,51.877,nan
subject0101,S_cross,cam04,0,0,nan,54.064,nan
subject0101,S_cross,cam05,0,0,nan,53.817,nan
subject0101,S_cross,cam06,0,0,nan,59.924,nan
subject0101,S_cross,cam07,0,0,nan,49.889,nan
subject0101,S_cross,cam08,0,0,nan,19.661,nan
subject0101,S_cross,cam10,0,0,nan,36.990,nan
subject0101,S_cross,cam16,0,0,nan,47.124,nan
subject0101,S_cross,cam17,0,0,nan,16.283,nan
subject0103,T,cam00,60,60,3.846,4.502,90.670
subject0103,Tk,cam00,30,30,2.842,4.601,90.762
subject0103,S,cam00,60,30,2.138,4.609,90.722
subject0103,GEN,cam00,0,0,nan,17.014,nan
subject0103,T,cam01,60,60,3.057,3.889,90.218
subject0103,Tk,cam01,30,30,2.566,3.557,90.363
subject0103,S,cam01,60,30,1.723,3.658,90.578
subject0103,GEN,cam01,0,0,nan,17.690,nan
subject0103,T,cam02,60,60,2.354,3.191,88.831
subject0103,Tk,cam02,30,30,1.914,2.780,89.028
subject0103,S,cam02,60,30,1.610,2.794,89.454
subject0103,GEN,cam02,0,0,nan,25.880,nan
subject0103,T,cam07,60,60,2.475,3.502,90.175
subject0103,Tk,cam07,30,30,2.041,3.243,90.377
subject0103,S,cam07,60,30,1.497,3.173,91.125
subject0103,GEN,cam07,0,0,nan,21.771,nan
subject0103,T,cam08,60,60,3.370,4.364,90.427
subject0103,Tk,cam08,30,30,2.541,4.535,90.422
subject0103,S,cam08,60,30,2.138,4.551,90.450
subject0103,GEN,cam08,0,0,nan,19.566,nan
subject0103,T,cam09,60,60,3.333,4.488,90.438
subject0103,Tk,cam09,30,30,2.440,4.684,90.471
subject0103,S,cam09,60,30,2.127,4.649,90.540
subject0103,GEN,cam09,0,0,nan,18.589,nan
subject0103,T,cam10,60,60,4.119,5.742,88.718
subject0103,Tk,cam10,30,30,2.829,5.128,89.695
subject0103,S,cam10,60,30,2.421,5.364,90.087
subject0103,GEN,cam10,0,0,nan,36.558,nan
subject0103,T,cam16,60,60,2.752,3.984,89.647
subject0103,Tk,cam16,30,30,2.380,4.105,89.431
subject0103,S,cam16,60,30,1.944,4.143,89.562
subject0103,GEN,cam16,0,0,nan,31.612,nan
subject0103,T,cam17,60,60,4.242,5.952,90.383
subject0103,Tk,cam17,30,30,3.221,5.718,90.351
subject0103,S,cam17,60,30,2.617,5.679,90.340
subject0103,GEN,cam17,0,0,nan,17.872,nan
subject0103,S240,cam09,109,54,2.499,4.560,90.353
subject0103,F,cam00,540,0,nan,16.113,90.741
subject0103,F,cam01,540,0,nan,17.943,90.741
subject0103,F,cam02,540,0,nan,32.573,90.741
subject0103,F,cam07,540,0,nan,30.483,90.741
subject0103,F,cam08,540,0,nan,11.193,90.741
subject0103,F,cam09,540,0,nan,11.380,90.741
subject0103,F,cam10,540,0,nan,43.704,90.741
subject0103,F,cam16,540,0,nan,35.293,90.741
subject0103,F,cam17,540,0,nan,16.921,90.741
subject0103,M,cam00,540,270,5.865,7.093,90.519
subject0103,M,cam01,540,270,5.865,7.252,90.519
subject0103,M,cam02,540,270,5.865,19.247,90.519
subject0103,M,cam07,540,270,5.865,16.571,90.519
subject0103,M,cam08,540,270,5.865,8.621,90.519
subject0103,M,cam09,540,270,5.865,9.136,90.519
subject0103,M,cam10,540,270,5.865,35.567,90.519
subject0103,M,cam16,540,270,5.865,28.321,90.519
subject0103,M,cam17,540,270,5.865,17.429,90.519
subject0103,S_cross,cam00,0,0,nan,27.433,nan
subject0103,S_cross,cam01,0,0,nan,27.412,nan
subject0103,S_cross,cam02,0,0,nan,39.544,nan
subject0103,S_cross,cam07,0,0,nan,43.355,nan
subject0103,S_cross,cam08,0,0,nan,15.180,nan
subject0103,S_cross,cam10,0,0,nan,40.575,nan
subject0103,S_cross,cam16,0,0,nan,40.625,nan
subject0103,S_cross,cam17,0,0,nan,12.124,nan
subject0100,T,cam00,60,60,4.848,6.365,89.897
subject0100,Tk,cam00,30,30,3.743,6.360,90.127
subject0100,S,cam00,60,30,2.943,6.342,89.847
subject0100,GEN,cam00,0,0,nan,26.743,nan
subject0100,T,cam01,60,60,4.942,6.183,89.861
subject0100,Tk,cam01,30,30,3.867,5.750,90.051
subject0100,S,cam01,60,30,2.946,5.713,90.157
subject0100,GEN,cam01,0,0,nan,28.897,nan
subject0100,T,cam02,60,60,5.212,7.099,88.310
subject0100,Tk,cam02,30,30,3.996,6.713,88.005
subject0100,S,cam02,60,30,3.545,6.632,87.618
subject0100,GEN,cam02,0,0,nan,33.594,nan
subject0100,T,cam07,60,60,4.534,6.186,87.695
subject0100,Tk,cam07,30,30,3.888,5.825,88.112
subject0100,S,cam07,60,30,2.623,5.694,87.582
subject0100,GEN,cam07,0,0,nan,30.079,nan
subject0100,T,cam08,60,60,7.573,9.303,89.482
subject0100,Tk,cam08,30,30,5.315,8.003,90.085
subject0100,S,cam08,60,30,3.786,8.295,89.683
subject0100,GEN,cam08,0,0,nan,27.234,nan
subject0100,T,cam09,60,60,7.246,7.251,89.124
subject0100,Tk,cam09,30,30,5.524,7.010,89.085
subject0100,S,cam09,60,30,4.404,7.295,89.163
subject0100,GEN,cam09,0,0,nan,30.018,nan
subject0100,T,cam10,60,60,5.202,6.368,89.128
subject0100,Tk,cam10,30,30,3.825,4.848,89.827
subject0100,S,cam10,60,30,2.438,4.687,89.638
subject0100,GEN,cam10,0,0,nan,40.861,nan
subject0100,T,cam16,60,60,6.050,8.135,88.306
subject0100,Tk,cam16,30,30,4.457,7.507,90.442
subject0100,S,cam16,60,30,2.978,7.526,90.863
subject0100,GEN,cam16,0,0,nan,37.279,nan
subject0100,T,cam17,60,60,5.819,6.424,89.364
subject0100,Tk,cam17,30,30,4.252,5.994,89.232
subject0100,S,cam17,60,30,3.156,5.939,89.284
subject0100,GEN,cam17,0,0,nan,33.894,nan
subject0100,S240,cam09,122,61,4.629,7.483,89.174
subject0100,F,cam00,540,0,nan,19.428,89.825
subject0100,F,cam01,540,0,nan,23.140,89.825
subject0100,F,cam02,540,0,nan,35.395,89.825
subject0100,F,cam07,540,0,nan,33.781,89.825
subject0100,F,cam08,540,0,nan,15.269,89.825
subject0100,F,cam09,540,0,nan,18.941,89.825
subject0100,F,cam10,540,0,nan,34.847,89.825
subject0100,F,cam16,540,0,nan,29.812,89.825
subject0100,F,cam17,540,0,nan,24.783,89.825
subject0100,M,cam00,540,270,9.644,10.891,89.590
subject0100,M,cam01,540,270,9.644,9.342,89.590
subject0100,M,cam02,540,270,9.644,12.985,89.590
subject0100,M,cam07,540,270,9.644,27.077,89.590
subject0100,M,cam08,540,270,9.644,14.670,89.590
subject0100,M,cam09,540,270,9.644,15.072,89.590
subject0100,M,cam10,540,270,9.644,21.278,89.590
subject0100,M,cam16,540,270,9.644,22.073,89.590
subject0100,M,cam17,540,270,9.644,28.645,89.590
subject0100,S_cross,cam00,0,0,nan,34.946,nan
subject0100,S_cross,cam01,0,0,nan,31.737,nan
subject0100,S_cross,cam02,0,0,nan,39.467,nan
subject0100,S_cross,cam07,0,0,nan,50.983,nan
subject0100,S_cross,cam08,0,0,nan,21.332,nan
subject0100,S_cross,cam10,0,0,nan,31.765,nan
subject0100,S_cross,cam16,0,0,nan,40.403,nan
subject0100,S_cross,cam17,0,0,nan,26.024,nan
subject0102,T,cam00,60,60,6.138,7.613,90.479
subject0102,Tk,cam00,30,30,4.828,7.596,90.540
subject0102,S,cam00,60,30,3.972,7.391,90.318
subject0102,GEN,cam00,0,0,nan,17.255,nan
subject0102,T,cam01,60,60,6.773,7.246,90.414
subject0102,Tk,cam01,30,30,5.336,6.853,90.523
subject0102,S,cam01,60,30,4.611,6.877,90.609
subject0102,GEN,cam01,0,0,nan,19.572,nan
subject0102,T,cam02,60,60,6.943,8.558,89.249
subject0102,Tk,cam02,30,30,5.171,8.036,89.596
subject0102,S,cam02,60,30,4.171,7.927,89.561
subject0102,GEN,cam02,0,0,nan,25.882,nan
subject0102,T,cam08,60,60,7.337,7.610,90.327
subject0102,Tk,cam08,30,30,5.998,7.319,90.373
subject0102,S,cam08,60,30,4.134,7.192,89.445
subject0102,GEN,cam08,0,0,nan,18.854,nan
subject0102,T,cam09,60,60,7.072,7.202,90.308
subject0102,Tk,cam09,30,30,5.803,6.964,90.363
subject0102,S,cam09,60,30,4.420,6.979,90.255
subject0102,GEN,cam09,0,0,nan,18.943,nan
subject0102,T,cam10,60,60,7.550,9.493,89.176
subject0102,Tk,cam10,30,30,5.825,9.036,89.260
subject0102,S,cam10,60,30,4.744,9.233,89.854
subject0102,GEN,cam10,0,0,nan,38.182,nan
subject0102,T,cam16,60,60,6.168,8.556,90.008
subject0102,Tk,cam16,30,30,5.408,7.904,89.890
subject0102,S,cam16,60,30,3.291,7.801,91.105
subject0102,GEN,cam16,0,0,nan,33.019,nan
subject0102,T,cam17,60,60,6.039,6.348,90.004
subject0102,Tk,cam17,30,30,4.511,6.378,90.076
subject0102,S,cam17,60,30,4.095,6.186,89.726
subject0102,GEN,cam17,0,0,nan,25.274,nan
subject0102,S240,cam17,125,62,3.860,6.147,89.585
subject0102,F,cam00,480,0,nan,36.306,90.187
subject0102,F,cam01,480,0,nan,38.244,90.187
subject0102,F,cam02,480,0,nan,54.922,90.187
subject0102,F,cam08,480,0,nan,22.883,90.187
subject0102,F,cam09,480,0,nan,18.069,90.187
subject0102,F,cam10,480,0,nan,52.716,90.187
subject0102,F,cam16,480,0,nan,48.303,90.187
subject0102,F,cam17,480,0,nan,27.172,90.187
subject0102,M,cam00,480,240,10.649,17.291,90.037
subject0102,M,cam01,480,240,10.649,15.713,90.037
subject0102,M,cam02,480,240,10.649,18.222,90.037
subject0102,M,cam08,480,240,10.649,14.365,90.037
subject0102,M,cam09,480,240,10.649,15.303,90.037
subject0102,M,cam10,480,240,10.649,32.627,90.037
subject0102,M,cam16,480,240,10.649,25.524,90.037
subject0102,M,cam17,480,240,10.649,20.971,90.037
subject0102,S_cross,cam00,0,0,nan,59.556,nan
subject0102,S_cross,cam01,0,0,nan,63.260,nan
subject0102,S_cross,cam02,0,0,nan,67.096,nan
subject0102,S_cross,cam08,0,0,nan,21.233,nan
subject0102,S_cross,cam09,0,0,nan,19.124,nan
subject0102,S_cross,cam10,0,0,nan,47.210,nan
subject0102,S_cross,cam16,0,0,nan,39.950,nan
subject0104,T,cam00,60,60,4.236,5.273,90.249
subject0104,Tk,cam00,30,30,3.176,5.675,90.279
subject0104,S,cam00,60,30,2.295,5.859,90.180
subject0104,GEN,cam00,0,0,nan,16.815,nan
subject0104,T,cam01,60,60,4.688,5.058,90.165
subject0104,Tk,cam01,30,30,3.318,5.427,90.233
subject0104,S,cam01,60,30,2.816,5.312,90.375
subject0104,GEN,cam01,0,0,nan,17.366,nan
subject0104,T,cam02,60,60,4.603,6.289,88.928
subject0104,Tk,cam02,30,30,3.315,6.450,88.808
subject0104,S,cam02,60,30,3.095,6.410,89.836
subject0104,GEN,cam02,0,0,nan,25.044,nan
subject0104,T,cam03,60,60,3.888,4.858,88.985
subject0104,Tk,cam03,30,30,2.775,4.820,89.007
subject0104,S,cam03,60,30,2.323,4.533,89.846
subject0104,GEN,cam03,0,0,nan,20.522,nan
subject0104,T,cam07,60,60,3.944,5.513,88.780
subject0104,Tk,cam07,30,30,3.213,5.396,88.861
subject0104,S,cam07,60,30,2.790,5.384,89.432
subject0104,GEN,cam07,0,0,nan,23.289,nan
subject0104,T,cam08,60,60,5.639,6.527,89.721
subject0104,Tk,cam08,30,30,4.540,6.583,89.959
subject0104,S,cam08,60,30,3.849,6.713,89.800
subject0104,GEN,cam08,0,0,nan,20.895,nan
subject0104,T,cam09,60,60,6.294,6.526,89.193
subject0104,Tk,cam09,30,30,5.057,6.270,89.230
subject0104,S,cam09,60,30,4.529,6.431,89.304
subject0104,GEN,cam09,0,0,nan,22.618,nan
subject0104,T,cam10,60,60,5.536,6.074,89.447
subject0104,Tk,cam10,30,30,4.303,6.461,89.576
subject0104,S,cam10,60,30,3.111,6.581,89.500
subject0104,GEN,cam10,0,0,nan,36.510,nan
subject0104,T,cam16,60,60,4.033,5.236,90.019
subject0104,Tk,cam16,30,30,3.283,5.022,90.212
subject0104,S,cam16,60,30,2.700,4.988,91.598
subject0104,GEN,cam16,0,0,nan,33.345,nan
subject0104,T,cam17,60,60,5.613,6.624,89.171
subject0104,Tk,cam17,30,30,4.687,6.478,89.311
subject0104,S,cam17,60,30,4.051,6.640,89.764
subject0104,GEN,cam17,0,0,nan,27.815,nan
subject0104,S240,cam09,121,60,4.268,6.476,89.339
subject0104,F,cam00,600,0,nan,19.174,89.957
subject0104,F,cam01,600,0,nan,20.587,89.957
subject0104,F,cam02,600,0,nan,37.959,89.957
subject0104,F,cam03,600,0,nan,40.758,89.957
subject0104,F,cam07,600,0,nan,29.873,89.957
subject0104,F,cam08,600,0,nan,16.958,89.957
subject0104,F,cam09,600,0,nan,17.778,89.957
subject0104,F,cam10,600,0,nan,46.125,89.957
subject0104,F,cam16,600,0,nan,32.818,89.957
subject0104,F,cam17,600,0,nan,23.951,89.957
subject0104,M,cam00,600,300,9.834,11.281,89.962
subject0104,M,cam01,600,300,9.834,8.832,89.962
subject0104,M,cam02,600,300,9.834,14.625,89.962
subject0104,M,cam03,600,300,9.834,19.393,89.962
subject0104,M,cam07,600,300,9.834,18.542,89.962
subject0104,M,cam08,600,300,9.834,11.960,89.962
subject0104,M,cam09,600,300,9.834,14.559,89.962
subject0104,M,cam10,600,300,9.834,28.105,89.962
subject0104,M,cam16,600,300,9.834,18.638,89.962
subject0104,M,cam17,600,300,9.834,22.344,89.962
subject0104,S_cross,cam00,0,0,nan,33.948,nan
subject0104,S_cross,cam01,0,0,nan,32.012,nan
subject0104,S_cross,cam02,0,0,nan,44.600,nan
subject0104,S_cross,cam03,0,0,nan,50.155,nan
subject0104,S_cross,cam07,0,0,nan,43.086,nan
subject0104,S_cross,cam08,0,0,nan,17.437,nan
subject0104,S_cross,cam10,0,0,nan,38.331,nan
subject0104,S_cross,cam16,0,0,nan,36.607,nan
subject0104,S_cross,cam17,0,0,nan,17.369,nan
subject0108,T,cam00,60,60,6.067,8.362,89.276
subject0108,Tk,cam00,30,30,4.706,8.540,89.308
subject0108,S,cam00,60,30,4.093,8.275,89.105
subject0108,GEN,cam00,0,0,nan,33.347,nan
subject0108,T,cam01,60,60,5.473,7.559,89.582
subject0108,Tk,cam01,30,30,4.471,7.696,89.633
subject0108,S,cam01,60,30,3.976,7.581,89.653
subject0108,GEN,cam01,0,0,nan,28.472,nan
subject0108,T,cam02,60,60,4.881,7.313,89.435
subject0108,Tk,cam02,30,30,3.701,7.731,89.009
subject0108,S,cam02,60,30,3.367,7.722,88.826
subject0108,GEN,cam02,0,0,nan,28.268,nan
subject0108,T,cam08,60,60,6.101,7.377,88.757
subject0108,Tk,cam08,30,30,4.723,7.412,88.569
subject0108,S,cam08,60,30,3.767,7.622,88.551
subject0108,GEN,cam08,0,0,nan,38.463,nan
subject0108,T,cam09,60,60,5.991,7.512,88.651
subject0108,Tk,cam09,30,30,4.466,7.491,88.591
subject0108,S,cam09,60,30,4.107,7.395,88.560
subject0108,GEN,cam09,0,0,nan,39.746,nan
subject0108,T,cam10,60,60,6.762,8.988,88.670
subject0108,Tk,cam10,30,30,5.288,8.948,88.716
subject0108,S,cam10,60,30,4.334,9.130,88.750
subject0108,GEN,cam10,0,0,nan,40.728,nan
subject0108,T,cam16,60,60,6.688,9.053,89.072
subject0108,Tk,cam16,30,30,4.491,9.208,88.926
subject0108,S,cam16,60,30,4.138,9.356,89.089
subject0108,GEN,cam16,0,0,nan,37.435,nan
subject0108,T,cam17,60,60,6.956,7.879,88.959
subject0108,Tk,cam17,30,30,5.493,7.740,88.939
subject0108,S,cam17,60,30,4.551,7.726,88.650
subject0108,GEN,cam17,0,0,nan,36.044,nan
subject0108,S240,cam09,114,57,4.303,7.500,88.588
subject0108,F,cam00,480,0,nan,26.004,89.048
subject0108,F,cam01,480,0,nan,25.563,89.048
subject0108,F,cam02,480,0,nan,31.453,89.048
subject0108,F,cam08,480,0,nan,12.784,89.048
subject0108,F,cam09,480,0,nan,12.722,89.048
subject0108,F,cam10,480,0,nan,29.647,89.048
subject0108,F,cam16,480,0,nan,25.485,89.048
subject0108,F,cam17,480,0,nan,14.645,89.048
subject0108,M,cam00,480,240,8.909,17.295,88.841
subject0108,M,cam01,480,240,8.909,15.912,88.841
subject0108,M,cam02,480,240,8.909,18.260,88.841
subject0108,M,cam08,480,240,8.909,10.618,88.841
subject0108,M,cam09,480,240,8.909,11.875,88.841
subject0108,M,cam10,480,240,8.909,21.711,88.841
subject0108,M,cam16,480,240,8.909,17.538,88.841
subject0108,M,cam17,480,240,8.909,12.684,88.841
subject0108,S_cross,cam00,0,0,nan,37.724,nan
subject0108,S_cross,cam01,0,0,nan,35.601,nan
subject0108,S_cross,cam02,0,0,nan,36.558,nan
subject0108,S_cross,cam08,0,0,nan,16.659,nan
subject0108,S_cross,cam10,0,0,nan,25.877,nan
subject0108,S_cross,cam16,0,0,nan,29.731,nan
subject0108,S_cross,cam17,0,0,nan,15.391,nan
subject0105,T,cam00,60,60,4.915,6.156,90.245
subject0105,Tk,cam00,30,30,3.849,5.338,89.922
subject0105,S,cam00,60,30,2.860,5.362,89.788
subject0105,GEN,cam00,0,0,nan,23.565,nan
subject0105,T,cam01,60,60,4.442,6.655,90.289
subject0105,Tk,cam01,30,30,3.731,5.606,90.332
subject0105,S,cam01,60,30,2.705,5.381,90.392
subject0105,GEN,cam01,0,0,nan,20.411,nan
subject0105,T,cam02,60,60,3.227,4.678,88.046
subject0105,Tk,cam02,30,30,2.436,4.243,88.694
subject0105,S,cam02,60,30,2.045,4.133,89.081
subject0105,GEN,cam02,0,0,nan,29.875,nan
subject0105,T,cam08,59,59,4.660,5.257,89.525
subject0105,Tk,cam08,29,29,3.489,5.343,89.623
subject0105,S,cam08,59,29,3.005,5.195,89.166
subject0105,GEN,cam08,0,0,nan,35.515,nan
subject0105,T,cam09,59,59,4.720,5.912,89.667
subject0105,Tk,cam09,29,29,3.540,5.559,89.782
subject0105,S,cam09,59,29,3.036,5.587,89.688
subject0105,GEN,cam09,0,0,nan,31.283,nan
subject0105,T,cam10,59,59,3.470,4.600,88.438
subject0105,Tk,cam10,29,29,2.637,4.349,88.602
subject0105,S,cam10,59,29,2.197,4.556,88.986
subject0105,GEN,cam10,0,0,nan,39.659,nan
subject0105,T,cam16,59,59,4.161,4.935,89.198
subject0105,Tk,cam16,29,29,2.550,5.217,89.535
subject0105,S,cam16,59,29,2.327,5.293,90.556
subject0105,GEN,cam16,0,0,nan,37.828,nan
subject0105,T,cam17,59,59,4.076,4.626,90.017
subject0105,Tk,cam17,29,29,2.917,4.660,90.058
subject0105,S,cam17,59,29,2.521,4.692,90.117
subject0105,GEN,cam17,0,0,nan,31.149,nan
subject0105,S240,cam09,122,61,3.154,5.420,89.665
subject0105,F,cam00,475,0,nan,21.671,89.747
subject0105,F,cam01,475,0,nan,21.919,89.747
subject0105,F,cam02,475,0,nan,40.909,89.747
subject0105,F,cam08,475,0,nan,20.972,89.747
subject0105,F,cam09,475,0,nan,13.727,89.747
subject0105,F,cam10,475,0,nan,40.698,89.747
subject0105,F,cam16,475,0,nan,40.677,89.747
subject0105,F,cam17,475,0,nan,23.151,89.747
subject0105,M,cam00,475,237,7.446,9.388,89.915
subject0105,M,cam01,475,237,7.446,13.327,89.915
subject0105,M,cam02,475,237,7.446,19.038,89.915
subject0105,M,cam08,475,237,7.446,10.849,89.915
subject0105,M,cam09,475,237,7.446,9.222,89.915
subject0105,M,cam10,475,237,7.446,29.556,89.915
subject0105,M,cam16,475,237,7.446,25.529,89.915
subject0105,M,cam17,475,237,7.446,18.570,89.915
subject0105,S_cross,cam00,0,0,nan,37.686,nan
subject0105,S_cross,cam01,0,0,nan,34.035,nan
subject0105,S_cross,cam02,0,0,nan,51.580,nan
subject0105,S_cross,cam08,0,0,nan,22.547,nan
subject0105,S_cross,cam10,0,0,nan,35.843,nan
subject0105,S_cross,cam16,0,0,nan,46.674,nan
subject0105,S_cross,cam17,0,0,nan,16.297,nan
subject0106,T,cam00,60,60,3.925,4.801,90.889
subject0106,Tk,cam00,30,30,3.012,4.425,91.024
subject0106,S,cam00,60,30,2.618,4.543,90.885
subject0106,GEN,cam00,0,0,nan,14.268,nan
subject0106,T,cam01,60,60,3.626,5.114,90.758
subject0106,Tk,cam01,30,30,2.961,5.052,90.878
subject0106,S,cam01,60,30,2.588,4.972,90.935
subject0106,GEN,cam01,0,0,nan,14.259,nan
subject0106,T,cam02,60,60,4.751,6.040,89.848
subject0106,Tk,cam02,30,30,3.264,6.459,88.962
subject0106,S,cam02,60,30,3.147,6.414,89.551
subject0106,GEN,cam02,0,0,nan,25.255,nan
subject0106,T,cam03,60,60,3.384,4.755,90.188
subject0106,Tk,cam03,30,30,2.656,4.195,89.404
subject0106,S,cam03,60,30,2.085,4.082,89.745
subject0106,GEN,cam03,0,0,nan,23.747,nan
subject0106,T,cam07,60,60,3.881,5.263,90.183
subject0106,Tk,cam07,30,30,3.317,5.326,89.279
subject0106,S,cam07,60,30,2.750,5.319,90.005
subject0106,GEN,cam07,0,0,nan,22.792,nan
subject0106,T,cam08,60,60,4.867,6.119,90.442
subject0106,Tk,cam08,30,30,4.048,6.190,90.560
subject0106,S,cam08,60,30,3.827,6.187,90.573
subject0106,GEN,cam08,0,0,nan,19.041,nan
subject0106,T,cam09,60,60,4.502,5.400,90.318
subject0106,Tk,cam09,30,30,3.418,5.499,90.298
subject0106,S,cam09,60,30,2.910,5.500,90.136
subject0106,GEN,cam09,0,0,nan,22.159,nan
subject0106,T,cam10,60,60,6.972,7.926,88.513
subject0106,Tk,cam10,30,30,5.251,5.909,89.778
subject0106,S,cam10,60,30,3.718,5.926,88.580
subject0106,GEN,cam10,0,0,nan,36.633,nan
subject0106,T,cam16,60,60,5.422,6.623,89.631
subject0106,Tk,cam16,30,30,4.031,6.794,89.720
subject0106,S,cam16,60,30,3.756,7.089,90.106
subject0106,GEN,cam16,0,0,nan,30.786,nan
subject0106,T,cam17,60,60,4.009,5.370,90.141
subject0106,Tk,cam17,30,30,3.544,5.523,90.083
subject0106,S,cam17,60,30,3.075,5.462,89.827
subject0106,GEN,cam17,0,0,nan,29.375,nan
subject0106,S240,cam08,104,52,3.667,6.152,90.623
subject0106,F,cam00,600,0,nan,16.007,90.510
subject0106,F,cam01,600,0,nan,16.686,90.510
subject0106,F,cam02,600,0,nan,34.280,90.510
subject0106,F,cam03,600,0,nan,37.175,90.510
subject0106,F,cam07,600,0,nan,30.516,90.510
subject0106,F,cam08,600,0,nan,14.491,90.510
subject0106,F,cam09,600,0,nan,15.564,90.510
subject0106,F,cam10,600,0,nan,42.081,90.510
subject0106,F,cam16,600,0,nan,33.592,90.510
subject0106,F,cam17,600,0,nan,19.018,90.510
subject0106,M,cam00,600,300,9.294,9.528,90.473
subject0106,M,cam01,600,300,9.294,9.636,90.473
subject0106,M,cam02,600,300,9.294,15.318,90.473
subject0106,M,cam03,600,300,9.294,16.996,90.473
subject0106,M,cam07,600,300,9.294,22.279,90.473
subject0106,M,cam08,600,300,9.294,10.674,90.473
subject0106,M,cam09,600,300,9.294,14.409,90.473
subject0106,M,cam10,600,300,9.294,39.080,90.473
subject0106,M,cam16,600,300,9.294,27.808,90.473
subject0106,M,cam17,600,300,9.294,23.919,90.473
subject0106,S_cross,cam00,0,0,nan,25.285,nan
subject0106,S_cross,cam01,0,0,nan,28.462,nan
subject0106,S_cross,cam02,0,0,nan,48.177,nan
subject0106,S_cross,cam03,0,0,nan,53.988,nan
subject0106,S_cross,cam07,0,0,nan,36.147,nan
subject0106,S_cross,cam09,0,0,nan,16.251,nan
subject0106,S_cross,cam10,0,0,nan,44.835,nan
subject0106,S_cross,cam16,0,0,nan,29.372,nan
subject0106,S_cross,cam17,0,0,nan,16.391,nan
subject0107,T,cam00,60,60,4.577,6.504,90.236
subject0107,Tk,cam00,30,30,3.845,5.631,90.256
subject0107,S,cam00,60,30,3.071,5.494,89.781
subject0107,GEN,cam00,0,0,nan,17.245,nan
subject0107,T,cam01,60,60,4.574,6.194,90.111
subject0107,Tk,cam01,30,30,4.013,5.845,90.208
subject0107,S,cam01,60,30,3.493,5.817,90.282
subject0107,GEN,cam01,0,0,nan,18.332,nan
subject0107,T,cam02,60,60,5.219,7.217,89.623
subject0107,Tk,cam02,30,30,4.014,6.502,89.290
subject0107,S,cam02,60,30,3.480,6.632,89.970
subject0107,GEN,cam02,0,0,nan,29.603,nan
subject0107,T,cam08,60,60,5.599,6.874,88.935
subject0107,Tk,cam08,30,30,4.546,6.774,89.144
subject0107,S,cam08,60,30,3.903,6.771,88.569
subject0107,GEN,cam08,0,0,nan,25.488,nan
subject0107,T,cam09,60,60,6.324,7.243,89.118
subject0107,Tk,cam09,30,30,4.542,7.004,89.079
subject0107,S,cam09,60,30,3.941,6.853,88.895
subject0107,GEN,cam09,0,0,nan,26.628,nan
subject0107,T,cam10,60,60,7.570,7.681,88.799
subject0107,Tk,cam10,30,30,5.324,7.191,88.599
subject0107,S,cam10,60,30,4.359,6.903,88.670
subject0107,GEN,cam10,0,0,nan,40.369,nan
subject0107,T,cam16,60,60,4.371,6.558,89.213
subject0107,Tk,cam16,30,30,3.316,6.654,89.325
subject0107,S,cam16,60,30,2.925,6.627,90.142
subject0107,GEN,cam16,0,0,nan,31.708,nan
subject0107,T,cam17,60,60,5.205,5.954,88.888
subject0107,Tk,cam17,30,30,4.424,5.527,88.986
subject0107,S,cam17,60,30,3.589,5.389,88.694
subject0107,GEN,cam17,0,0,nan,30.730,nan
subject0107,S240,cam09,114,57,3.544,7.489,88.994
subject0107,F,cam00,480,0,nan,30.911,89.406
subject0107,F,cam01,480,0,nan,27.323,89.406
subject0107,F,cam02,480,0,nan,38.807,89.406
subject0107,F,cam08,480,0,nan,14.448,89.406
subject0107,F,cam09,480,0,nan,14.663,89.406
subject0107,F,cam10,480,0,nan,39.330,89.406
subject0107,F,cam16,480,0,nan,29.462,89.406
subject0107,F,cam17,480,0,nan,21.577,89.406
subject0107,M,cam00,480,240,9.218,19.816,89.131
subject0107,M,cam01,480,240,9.218,14.827,89.131
subject0107,M,cam02,480,240,9.218,18.180,89.131
subject0107,M,cam08,480,240,9.218,9.755,89.131
subject0107,M,cam09,480,240,9.218,11.984,89.131
subject0107,M,cam10,480,240,9.218,26.175,89.131
subject0107,M,cam16,480,240,9.218,16.140,89.131
subject0107,M,cam17,480,240,9.218,18.856,89.131
subject0107,S_cross,cam00,0,0,nan,47.742,nan
subject0107,S_cross,cam01,0,0,nan,41.364,nan
subject0107,S_cross,cam02,0,0,nan,45.831,nan
subject0107,S_cross,cam08,0,0,nan,21.050,nan
subject0107,S_cross,cam10,0,0,nan,33.531,nan
subject0107,S_cross,cam16,0,0,nan,34.916,nan
subject0107,S_cross,cam17,0,0,nan,19.078,nan
subject0109,T,cam00,60,60,5.232,7.292,90.412
subject0109,Tk,cam00,30,30,4.445,7.359,90.471
subject0109,S,cam00,60,30,3.683,7.171,89.993
subject0109,GEN,cam00,0,0,nan,17.975,nan
subject0109,T,cam01,60,60,5.662,6.223,90.460
subject0109,Tk,cam01,30,30,4.237,6.471,90.465
subject0109,S,cam01,60,30,3.857,6.349,90.453
subject0109,GEN,cam01,0,0,nan,19.303,nan
subject0109,T,cam02,60,60,5.132,6.464,89.046
subject0109,Tk,cam02,30,30,4.392,5.251,89.737
subject0109,S,cam02,60,30,3.035,4.986,89.391
subject0109,GEN,cam02,0,0,nan,26.310,nan
subject0109,T,cam03,60,60,5.206,6.247,88.725
subject0109,Tk,cam03,30,30,3.889,4.929,89.457
subject0109,S,cam03,60,30,2.746,4.829,89.905
subject0109,GEN,cam03,0,0,nan,24.070,nan
subject0109,T,cam07,60,60,4.806,6.714,88.300
subject0109,Tk,cam07,30,30,3.881,5.982,89.412
subject0109,S,cam07,60,30,3.116,5.844,88.947
subject0109,GEN,cam07,0,0,nan,26.068,nan
subject0109,T,cam08,60,60,7.286,8.469,89.315
subject0109,Tk,cam08,30,30,5.977,7.061,89.557
subject0109,S,cam08,60,30,4.323,6.975,89.158
subject0109,GEN,cam08,0,0,nan,29.865,nan
subject0109,T,cam09,60,60,7.958,7.845,89.207
subject0109,Tk,cam09,30,30,6.422,7.435,89.289
subject0109,S,cam09,60,30,4.638,7.561,89.232
subject0109,GEN,cam09,0,0,nan,30.333,nan
subject0109,T,cam10,60,60,7.064,8.935,88.082
subject0109,Tk,cam10,30,30,5.356,8.920,88.487
subject0109,S,cam10,60,30,4.315,8.701,88.562
subject0109,GEN,cam10,0,0,nan,44.179,nan
subject0109,T,cam16,60,60,6.974,8.397,88.673
subject0109,Tk,cam16,30,30,5.652,7.100,90.842
subject0109,S,cam16,60,30,4.299,7.334,91.348
subject0109,GEN,cam16,0,0,nan,37.565,nan
subject0109,T,cam17,60,60,6.159,7.481,88.763
subject0109,Tk,cam17,30,30,5.180,6.552,89.041
subject0109,S,cam17,60,30,3.859,6.694,89.170
subject0109,GEN,cam17,0,0,nan,33.842,nan
subject0109,S240,cam09,125,62,4.609,7.789,89.187
subject0109,F,cam00,600,0,nan,23.267,89.648
subject0109,F,cam01,600,0,nan,23.139,89.648
subject0109,F,cam02,600,0,nan,34.274,89.648
subject0109,F,cam03,600,0,nan,41.826,89.648
subject0109,F,cam07,600,0,nan,34.054,89.648
subject0109,F,cam08,600,0,nan,19.329,89.648
subject0109,F,cam09,600,0,nan,21.866,89.648
subject0109,F,cam10,600,0,nan,44.643,89.648
subject0109,F,cam16,600,0,nan,36.587,89.648
subject0109,F,cam17,600,0,nan,28.373,89.648
subject0109,M,cam00,600,300,10.979,18.136,89.560
subject0109,M,cam01,600,300,10.979,18.165,89.560
subject0109,M,cam02,600,300,10.979,14.818,89.560
subject0109,M,cam03,600,300,10.979,20.855,89.560
subject0109,M,cam07,600,300,10.979,19.003,89.560
subject0109,M,cam08,600,300,10.979,13.581,89.560
subject0109,M,cam09,600,300,10.979,16.868,89.560
subject0109,M,cam10,600,300,10.979,32.777,89.560
subject0109,M,cam16,600,300,10.979,21.446,89.560
subject0109,M,cam17,600,300,10.979,22.851,89.560
subject0109,S_cross,cam00,0,0,nan,43.489,nan
subject0109,S_cross,cam01,0,0,nan,39.547,nan
subject0109,S_cross,cam02,0,0,nan,42.957,nan
subject0109,S_cross,cam03,0,0,nan,53.933,nan
subject0109,S_cross,cam07,0,0,nan,49.456,nan
subject0109,S_cross,cam08,0,0,nan,20.811,nan
subject0109,S_cross,cam10,0,0,nan,34.460,nan
subject0109,S_cross,cam16,0,0,nan,40.175,nan
subject0109,S_cross,cam17,0,0,nan,19.156,nan
subject0111,T,cam00,60,60,4.936,6.135,89.524
subject0111,Tk,cam00,30,30,4.009,5.285,89.663
subject0111,S,cam00,60,30,3.149,5.451,89.633
subject0111,GEN,cam00,0,0,nan,25.012,nan
subject0111,T,cam01,60,60,4.825,6.134,89.380
subject0111,Tk,cam01,30,30,4.000,5.364,89.615
subject0111,S,cam01,60,30,2.711,5.440,89.701
subject0111,GEN,cam01,0,0,nan,25.844,nan
subject0111,T,cam02,60,60,3.317,4.724,88.038
subject0111,Tk,cam02,30,30,2.749,3.946,88.496
subject0111,S,cam02,60,30,2.295,3.923,88.443
subject0111,GEN,cam02,0,0,nan,29.300,nan
subject0111,T,cam03,60,60,3.085,4.025,88.389
subject0111,Tk,cam03,30,30,2.269,3.948,88.559
subject0111,S,cam03,60,30,2.047,3.980,88.484
subject0111,GEN,cam03,0,0,nan,26.144,nan
subject0111,T,cam06,60,60,3.704,4.583,87.954
subject0111,Tk,cam06,30,30,2.461,4.511,89.196
subject0111,S,cam06,60,30,2.078,4.530,88.762
subject0111,GEN,cam06,0,0,nan,27.942,nan
subject0111,T,cam07,60,60,3.295,4.463,87.907
subject0111,Tk,cam07,30,30,2.488,3.846,88.976
subject0111,S,cam07,60,30,2.177,3.829,88.231
subject0111,GEN,cam07,0,0,nan,25.838,nan
subject0111,T,cam08,60,60,4.459,5.187,89.300
subject0111,Tk,cam08,30,30,3.554,4.265,89.284
subject0111,S,cam08,60,30,2.609,4.094,89.611
subject0111,GEN,cam08,0,0,nan,31.304,nan
subject0111,T,cam09,60,60,4.159,5.139,89.540
subject0111,Tk,cam09,30,30,3.372,4.705,89.202
subject0111,S,cam09,60,30,2.419,4.590,89.092
subject0111,GEN,cam09,0,0,nan,31.044,nan
subject0111,T,cam10,60,60,5.128,4.312,87.332
subject0111,Tk,cam10,30,30,4.075,4.361,87.524
subject0111,S,cam10,60,30,2.996,4.406,87.091
subject0111,GEN,cam10,0,0,nan,48.509,nan
subject0111,T,cam16,60,60,3.515,3.863,88.678
subject0111,Tk,cam16,30,30,3.087,3.513,89.131
subject0111,S,cam16,60,30,2.184,3.485,89.117
subject0111,GEN,cam16,0,0,nan,38.802,nan
subject0111,T,cam17,60,60,3.875,4.356,89.512
subject0111,Tk,cam17,30,30,3.046,3.920,89.402
subject0111,S,cam17,60,30,2.114,3.864,90.183
subject0111,GEN,cam17,0,0,nan,31.416,nan
subject0111,S240,cam16,123,61,2.231,3.605,88.965
subject0111,F,cam00,660,0,nan,11.570,89.847
subject0111,F,cam01,660,0,nan,12.706,89.847
subject0111,F,cam02,660,0,nan,27.415,89.847
subject0111,F,cam03,660,0,nan,29.496,89.847
subject0111,F,cam06,660,0,nan,28.731,89.847
subject0111,F,cam07,660,0,nan,22.506,89.847
subject0111,F,cam08,660,0,nan,17.789,89.847
subject0111,F,cam09,660,0,nan,18.579,89.847
subject0111,F,cam10,660,0,nan,46.000,89.847
subject0111,F,cam16,660,0,nan,32.127,89.847
subject0111,F,cam17,660,0,nan,19.292,89.847
subject0111,M,cam00,660,330,9.379,9.872,89.350
subject0111,M,cam01,660,330,9.379,8.398,89.350
subject0111,M,cam02,660,330,9.379,15.913,89.350
subject0111,M,cam03,660,330,9.379,14.394,89.350
subject0111,M,cam06,660,330,9.379,17.196,89.350
subject0111,M,cam07,660,330,9.379,13.386,89.350
subject0111,M,cam08,660,330,9.379,12.109,89.350
subject0111,M,cam09,660,330,9.379,15.753,89.350
subject0111,M,cam10,660,330,9.379,41.711,89.350
subject0111,M,cam16,660,330,9.379,27.175,89.350
subject0111,M,cam17,660,330,9.379,25.801,89.350
subject0111,S_cross,cam00,0,0,nan,39.639,nan
subject0111,S_cross,cam01,0,0,nan,49.565,nan
subject0111,S_cross,cam02,0,0,nan,53.655,nan
subject0111,S_cross,cam03,0,0,nan,57.823,nan
subject0111,S_cross,cam06,0,0,nan,32.798,nan
subject0111,S_cross,cam07,0,0,nan,26.294,nan
subject0111,S_cross,cam08,0,0,nan,31.277,nan
subject0111,S_cross,cam09,0,0,nan,44.359,nan
subject0111,S_cross,cam10,0,0,nan,57.248,nan
subject0111,S_cross,cam17,0,0,nan,38.220,nan
