subject,arm,cam_a,cam_b,point,raw_mm,aligned_mm
train03,S,webcam_c,basler,eye35(outer corner),0.597,0.857
train03,S,webcam_c,basler,eye39(inner corner),1.562,1.536
train03,S,webcam_c,basler,eye89(inner corner),2.029,1.983
train03,S,webcam_c,basler,eye93(outer corner),0.413,0.430
train03,S,webcam_c,basler,nose78(base of nose),3.383,2.821
train03,S,webcam_c,basler,nose84(base of nose),2.364,2.850
train03,T,webcam_c,basler,eye35(outer corner),1.615,1.577
train03,T,webcam_c,basler,eye39(inner corner),1.077,1.098
train03,T,webcam_c,basler,eye89(inner corner),1.171,1.411
train03,T,webcam_c,basler,eye93(outer corner),0.954,0.660
train03,T,webcam_c,basler,nose78(base of nose),2.203,2.164
train03,T,webcam_c,basler,nose84(base of nose),2.266,2.227
train03,S,webcam_l,basler,eye35(outer corner),1.584,1.770
train03,S,webcam_l,basler,eye39(inner corner),1.008,0.884
train03,S,webcam_l,basler,eye89(inner corner),2.567,2.500
train03,S,webcam_l,basler,eye93(outer corner),1.119,1.187
train03,S,webcam_l,basler,nose78(base of nose),1.645,2.007
train03,S,webcam_l,basler,nose84(base of nose),2.856,2.448
train03,T,webcam_l,basler,eye35(outer corner),2.313,2.430
train03,T,webcam_l,basler,eye39(inner corner),1.879,1.729
train03,T,webcam_l,basler,eye89(inner corner),2.176,1.925
train03,T,webcam_l,basler,eye93(outer corner),0.571,0.928
train03,T,webcam_l,basler,nose78(base of nose),2.168,2.632
train03,T,webcam_l,basler,nose84(base of nose),3.291,2.876
train03,S,webcam_l,webcam_c,eye35(outer corner),1.153,1.339
train03,S,webcam_l,webcam_c,eye39(inner corner),2.220,2.134
train03,S,webcam_l,webcam_c,eye89(inner corner),0.768,0.698
train03,S,webcam_l,webcam_c,eye93(outer corner),0.982,1.132
train03,S,webcam_l,webcam_c,nose78(base of nose),1.775,0.882
train03,S,webcam_l,webcam_c,nose84(base of nose),0.689,0.423
train03,T,webcam_l,webcam_c,eye35(outer corner),0.825,1.056
train03,T,webcam_l,webcam_c,eye39(inner corner),1.468,1.183
train03,T,webcam_l,webcam_c,eye89(inner corner),1.148,0.685
train03,T,webcam_l,webcam_c,eye93(outer corner),0.569,0.668
train03,T,webcam_l,webcam_c,nose78(base of nose),0.459,0.790
train03,T,webcam_l,webcam_c,nose84(base of nose),1.176,0.775
train03,S,webcam_r,basler,eye35(outer corner),1.709,0.858
train03,S,webcam_r,basler,eye39(inner corner),1.368,1.502
train03,S,webcam_r,basler,eye89(inner corner),1.986,1.571
train03,S,webcam_r,basler,eye93(outer corner),0.943,1.423
train03,S,webcam_r,basler,nose78(base of nose),1.970,1.906
train03,S,webcam_r,basler,nose84(base of nose),1.713,1.705
train03,T,webcam_r,basler,eye35(outer corner),1.365,0.956
train03,T,webcam_r,basler,eye39(inner corner),1.422,1.421
train03,T,webcam_r,basler,eye89(inner corner),1.455,1.747
train03,T,webcam_r,basler,eye93(outer corner),1.553,1.240
train03,T,webcam_r,basler,nose78(base of nose),2.096,1.638
train03,T,webcam_r,basler,nose84(base of nose),1.068,1.496
train03,S,webcam_r,webcam_c,eye35(outer corner),1.946,1.166
train03,S,webcam_r,webcam_c,eye39(inner corner),1.349,1.188
train03,S,webcam_r,webcam_c,eye89(inner corner),3.682,3.213
train03,S,webcam_r,webcam_c,eye93(outer corner),0.721,1.310
train03,S,webcam_r,webcam_c,nose78(base of nose),2.564,2.152
train03,S,webcam_r,webcam_c,nose84(base of nose),1.103,2.132
train03,T,webcam_r,webcam_c,eye35(outer corner),2.640,2.036
train03,T,webcam_r,webcam_c,eye39(inner corner),0.851,1.056
train03,T,webcam_r,webcam_c,eye89(inner corner),2.408,2.997
train03,T,webcam_r,webcam_c,eye93(outer corner),2.155,1.431
train03,T,webcam_r,webcam_c,nose78(base of nose),3.355,2.618
train03,T,webcam_r,webcam_c,nose84(base of nose),2.089,2.766
train03,S,webcam_r,webcam_l,eye35(outer corner),3.096,2.398
train03,S,webcam_r,webcam_l,eye39(inner corner),1.881,1.950
train03,S,webcam_r,webcam_l,eye89(inner corner),4.360,3.820
train03,S,webcam_r,webcam_l,eye93(outer corner),1.442,2.449
train03,S,webcam_r,webcam_l,nose78(base of nose),1.415,1.859
train03,S,webcam_r,webcam_l,nose84(base of nose),1.778,1.807
train03,T,webcam_r,webcam_l,eye35(outer corner),3.444,3.024
train03,T,webcam_r,webcam_l,eye39(inner corner),1.880,2.098
train03,T,webcam_r,webcam_l,eye89(inner corner),3.491,3.589
train03,T,webcam_r,webcam_l,eye93(outer corner),2.065,2.020
train03,T,webcam_r,webcam_l,nose78(base of nose),3.482,3.351
train03,T,webcam_r,webcam_l,nose84(base of nose),3.220,3.491
train02,S,webcam_l,webcam_c,eye35(outer corner),1.598,1.886
train02,S,webcam_l,webcam_c,eye39(inner corner),1.711,1.570
train02,S,webcam_l,webcam_c,eye89(inner corner),1.597,1.650
train02,S,webcam_l,webcam_c,eye93(outer corner),0.938,0.994
train02,S,webcam_l,webcam_c,nose78(base of nose),1.266,2.267
train02,S,webcam_l,webcam_c,nose84(base of nose),3.911,2.694
train02,T,webcam_l,webcam_c,eye35(outer corner),2.015,1.819
train02,T,webcam_l,webcam_c,eye39(inner corner),1.959,2.029
train02,T,webcam_l,webcam_c,eye89(inner corner),2.037,1.923
train02,T,webcam_l,webcam_c,eye93(outer corner),1.352,1.706
train02,T,webcam_l,webcam_c,nose78(base of nose),1.277,0.958
train02,T,webcam_l,webcam_c,nose84(base of nose),1.510,0.695
train02,S,webcam_r,webcam_c,eye35(outer corner),0.796,0.612
train02,S,webcam_r,webcam_c,eye39(inner corner),2.012,1.415
train02,S,webcam_r,webcam_c,eye89(inner corner),1.698,1.671
train02,S,webcam_r,webcam_c,eye93(outer corner),0.182,0.540
train02,S,webcam_r,webcam_c,nose78(base of nose),0.588,0.594
train02,S,webcam_r,webcam_c,nose84(base of nose),1.139,1.084
train02,T,webcam_r,webcam_c,eye35(outer corner),0.537,0.479
train02,T,webcam_r,webcam_c,eye39(inner corner),1.274,0.985
train02,T,webcam_r,webcam_c,eye89(inner corner),0.998,1.068
train02,T,webcam_r,webcam_c,eye93(outer corner),0.170,0.300
train02,T,webcam_r,webcam_c,nose78(base of nose),1.471,1.253
train02,T,webcam_r,webcam_c,nose84(base of nose),1.062,1.323
train02,S,webcam_r,webcam_l,eye35(outer corner),2.366,1.579
train02,S,webcam_r,webcam_l,eye39(inner corner),1.406,1.064
train02,S,webcam_r,webcam_l,eye89(inner corner),3.224,3.211
train02,S,webcam_r,webcam_l,eye93(outer corner),1.077,1.513
train02,S,webcam_r,webcam_l,nose78(base of nose),1.603,2.553
train02,S,webcam_r,webcam_l,nose84(base of nose),3.272,2.289
train02,T,webcam_r,webcam_l,eye35(outer corner),2.439,1.868
train02,T,webcam_r,webcam_l,eye39(inner corner),1.301,1.438
train02,T,webcam_r,webcam_l,eye89(inner corner),2.740,2.737
train02,T,webcam_r,webcam_l,eye93(outer corner),1.431,1.675
train02,T,webcam_r,webcam_l,nose78(base of nose),1.244,1.793
train02,T,webcam_r,webcam_l,nose84(base of nose),2.165,1.513
train12,S,webcam_c,basler,eye35(outer corner),1.722,1.729
train12,S,webcam_c,basler,eye39(inner corner),3.193,3.025
train12,S,webcam_c,basler,eye89(inner corner),1.293,1.479
train12,S,webcam_c,basler,eye93(outer corner),1.928,1.924
train12,S,webcam_c,basler,nose78(base of nose),4.536,3.889
train12,S,webcam_c,basler,nose84(base of nose),2.883,3.586
train12,T,webcam_c,basler,eye35(outer corner),1.378,1.528
train12,T,webcam_c,basler,eye39(inner corner),1.505,1.464
train12,T,webcam_c,basler,eye89(inner corner),1.300,0.793
train12,T,webcam_c,basler,eye93(outer corner),2.064,1.494
train12,T,webcam_c,basler,nose78(base of nose),1.869,1.261
train12,T,webcam_c,basler,nose84(base of nose),0.732,0.691
train12,S,webcam_l,basler,eye35(outer corner),2.514,1.932
train12,S,webcam_l,basler,eye39(inner corner),1.893,1.896
train12,S,webcam_l,basler,eye89(inner corner),3.229,3.199
train12,S,webcam_l,basler,eye93(outer corner),0.983,1.028
train12,S,webcam_l,basler,nose78(base of nose),2.045,3.101
train12,S,webcam_l,basler,nose84(base of nose),3.827,3.052
train12,T,webcam_l,basler,eye35(outer corner),1.444,1.459
train12,T,webcam_l,basler,eye39(inner corner),1.548,1.582
train12,T,webcam_l,basler,eye89(inner corner),2.563,2.328
train12,T,webcam_l,basler,eye93(outer corner),0.746,0.936
train12,T,webcam_l,basler,nose78(base of nose),1.255,1.799
train12,T,webcam_l,basler,nose84(base of nose),2.323,1.883
train12,S,webcam_l,webcam_c,eye35(outer corner),1.938,1.707
train12,S,webcam_l,webcam_c,eye39(inner corner),1.983,2.107
train12,S,webcam_l,webcam_c,eye89(inner corner),2.375,2.248
train12,S,webcam_l,webcam_c,eye93(outer corner),1.777,2.201
train12,S,webcam_l,webcam_c,nose78(base of nose),2.691,1.412
train12,S,webcam_l,webcam_c,nose84(base of nose),1.191,0.861
train12,T,webcam_l,webcam_c,eye35(outer corner),0.914,0.471
train12,T,webcam_l,webcam_c,eye39(inner corner),1.215,1.265
train12,T,webcam_l,webcam_c,eye89(inner corner),3.248,2.181
train12,T,webcam_l,webcam_c,eye93(outer corner),1.418,1.137
train12,T,webcam_l,webcam_c,nose78(base of nose),0.754,1.221
train12,T,webcam_l,webcam_c,nose84(base of nose),1.739,1.263
train12,S,webcam_r,basler,eye35(outer corner),1.808,0.802
train12,S,webcam_r,basler,eye39(inner corner),1.738,2.026
train12,S,webcam_r,basler,eye89(inner corner),0.766,0.796
train12,S,webcam_r,basler,eye93(outer corner),1.768,1.898
train12,S,webcam_r,basler,nose78(base of nose),3.272,2.198
train12,S,webcam_r,basler,nose84(base of nose),2.085,2.304
train12,T,webcam_r,basler,eye35(outer corner),0.802,0.806
train12,T,webcam_r,basler,eye39(inner corner),1.775,1.719
train12,T,webcam_r,basler,eye89(inner corner),0.372,0.645
train12,T,webcam_r,basler,eye93(outer corner),1.500,1.259
train12,T,webcam_r,basler,nose78(base of nose),2.893,2.072
train12,T,webcam_r,basler,nose84(base of nose),1.940,2.119
train12,S,webcam_r,webcam_c,eye35(outer corner),2.075,1.203
train12,S,webcam_r,webcam_c,eye39(inner corner),3.588,4.075
train12,S,webcam_r,webcam_c,eye89(inner corner),0.621,0.724
train12,S,webcam_r,webcam_c,eye93(outer corner),1.593,2.762
train12,S,webcam_r,webcam_c,nose78(base of nose),7.718,5.851
train12,S,webcam_r,webcam_c,nose84(base of nose),4.603,5.658
train12,T,webcam_r,webcam_c,eye35(outer corner),1.283,1.123
train12,T,webcam_r,webcam_c,eye39(inner corner),0.628,0.751
train12,T,webcam_r,webcam_c,eye89(inner corner),1.213,0.659
train12,T,webcam_r,webcam_c,eye93(outer corner),2.376,0.802
train12,T,webcam_r,webcam_c,nose78(base of nose),4.366,2.674
train12,T,webcam_r,webcam_c,nose84(base of nose),2.578,2.742
train12,S,webcam_r,webcam_l,eye35(outer corner),1.586,1.648
train12,S,webcam_r,webcam_l,eye39(inner corner),2.480,2.676
train12,S,webcam_r,webcam_l,eye89(inner corner),2.525,2.732
train12,S,webcam_r,webcam_l,eye93(outer corner),0.897,0.988
train12,S,webcam_r,webcam_l,nose78(base of nose),5.269,5.179
train12,S,webcam_r,webcam_l,nose84(base of nose),5.354,5.021
train12,T,webcam_r,webcam_l,eye35(outer corner),1.089,1.287
train12,T,webcam_r,webcam_l,eye39(inner corner),1.840,1.991
train12,T,webcam_r,webcam_l,eye89(inner corner),2.299,2.729
train12,T,webcam_r,webcam_l,eye93(outer corner),1.303,0.474
train12,T,webcam_r,webcam_l,nose78(base of nose),3.966,3.663
train12,T,webcam_r,webcam_l,nose84(base of nose),3.999,3.719
train04,S,webcam_l,webcam_c,eye35(outer corner),1.510,1.267
train04,S,webcam_l,webcam_c,eye39(inner corner),1.126,1.070
train04,S,webcam_l,webcam_c,eye89(inner corner),1.524,1.125
train04,S,webcam_l,webcam_c,eye93(outer corner),0.385,0.832
train04,S,webcam_l,webcam_c,nose78(base of nose),1.198,1.406
train04,S,webcam_l,webcam_c,nose84(base of nose),0.907,0.827
train04,T,webcam_l,webcam_c,eye35(outer corner),0.477,0.509
train04,T,webcam_l,webcam_c,eye39(inner corner),0.233,0.181
train04,T,webcam_l,webcam_c,eye89(inner corner),1.741,1.668
train04,T,webcam_l,webcam_c,eye93(outer corner),1.048,1.121
train04,T,webcam_l,webcam_c,nose78(base of nose),1.141,1.187
train04,T,webcam_l,webcam_c,nose84(base of nose),0.883,0.842
train04,S,webcam_r,webcam_c,eye35(outer corner),3.072,1.752
train04,S,webcam_r,webcam_c,eye39(inner corner),1.192,0.688
train04,S,webcam_r,webcam_c,eye89(inner corner),1.624,2.365
train04,S,webcam_r,webcam_c,eye93(outer corner),1.551,0.885
train04,S,webcam_r,webcam_c,nose78(base of nose),1.827,2.408
train04,S,webcam_r,webcam_c,nose84(base of nose),2.731,2.369
train04,T,webcam_r,webcam_c,eye35(outer corner),2.332,2.003
train04,T,webcam_r,webcam_c,eye39(inner corner),0.893,0.986
train04,T,webcam_r,webcam_c,eye89(inner corner),2.104,2.151
train04,T,webcam_r,webcam_c,eye93(outer corner),0.487,0.533
train04,T,webcam_r,webcam_c,nose78(base of nose),3.021,3.300
train04,T,webcam_r,webcam_c,nose84(base of nose),3.591,3.438
train04,S,webcam_r,webcam_l,eye35(outer corner),4.377,2.798
train04,S,webcam_r,webcam_l,eye39(inner corner),0.973,1.419
train04,S,webcam_r,webcam_l,eye89(inner corner),3.147,3.444
train04,S,webcam_r,webcam_l,eye93(outer corner),1.598,1.676
train04,S,webcam_r,webcam_l,nose78(base of nose),2.493,3.255
train04,S,webcam_r,webcam_l,nose84(base of nose),3.176,2.791
train04,T,webcam_r,webcam_l,eye35(outer corner),2.669,2.372
train04,T,webcam_r,webcam_l,eye39(inner corner),1.116,1.123
train04,T,webcam_r,webcam_l,eye89(inner corner),3.828,3.764
train04,T,webcam_r,webcam_l,eye93(outer corner),1.514,1.718
train04,T,webcam_r,webcam_l,nose78(base of nose),3.344,3.626
train04,T,webcam_r,webcam_l,nose84(base of nose),3.596,3.455
train09,S,webcam_c,basler,eye35(outer corner),2.429,1.131
train09,S,webcam_c,basler,eye39(inner corner),1.327,0.958
train09,S,webcam_c,basler,eye89(inner corner),2.251,2.251
train09,S,webcam_c,basler,eye93(outer corner),1.253,1.723
train09,S,webcam_c,basler,nose78(base of nose),1.163,1.320
train09,S,webcam_c,basler,nose84(base of nose),1.066,0.568
train09,T,webcam_c,basler,eye35(outer corner),2.617,2.474
train09,T,webcam_c,basler,eye39(inner corner),3.275,3.540
train09,T,webcam_c,basler,eye89(inner corner),1.739,2.068
train09,T,webcam_c,basler,eye93(outer corner),2.176,1.676
train09,T,webcam_c,basler,nose78(base of nose),1.595,1.717
train09,T,webcam_c,basler,nose84(base of nose),2.573,1.170
train09,S,webcam_l,basler,eye35(outer corner),1.201,0.562
train09,S,webcam_l,basler,eye39(inner corner),1.387,0.873
train09,S,webcam_l,basler,eye89(inner corner),2.487,2.091
train09,S,webcam_l,basler,eye93(outer corner),1.158,1.320
train09,S,webcam_l,basler,nose78(base of nose),2.661,2.319
train09,S,webcam_l,basler,nose84(base of nose),1.386,1.324
train09,T,webcam_l,basler,eye35(outer corner),0.639,0.189
train09,T,webcam_l,basler,eye39(inner corner),1.327,1.123
train09,T,webcam_l,basler,eye89(inner corner),3.227,3.285
train09,T,webcam_l,basler,eye93(outer corner),2.241,2.386
train09,T,webcam_l,basler,nose78(base of nose),3.133,2.524
train09,T,webcam_l,basler,nose84(base of nose),1.060,1.429
train09,S,webcam_l,webcam_c,eye35(outer corner),3.606,1.125
train09,S,webcam_l,webcam_c,eye39(inner corner),1.982,1.079
train09,S,webcam_l,webcam_c,eye89(inner corner),3.964,3.799
train09,S,webcam_l,webcam_c,eye93(outer corner),1.406,2.519
train09,S,webcam_l,webcam_c,nose78(base of nose),2.920,1.631
train09,S,webcam_l,webcam_c,nose84(base of nose),0.389,0.923
train09,T,webcam_l,webcam_c,eye35(outer corner),2.002,2.523
train09,T,webcam_l,webcam_c,eye39(inner corner),3.820,3.635
train09,T,webcam_l,webcam_c,eye89(inner corner),2.191,1.905
train09,T,webcam_l,webcam_c,eye93(outer corner),0.981,1.245
train09,T,webcam_l,webcam_c,nose78(base of nose),1.853,2.241
train09,T,webcam_l,webcam_c,nose84(base of nose),3.127,2.418
train09,S,webcam_r,basler,eye35(outer corner),4.297,2.567
train09,S,webcam_r,basler,eye39(inner corner),1.810,2.025
train09,S,webcam_r,basler,eye89(inner corner),2.018,2.111
train09,S,webcam_r,basler,eye93(outer corner),0.984,1.168
train09,S,webcam_r,basler,nose78(base of nose),2.293,3.094
train09,S,webcam_r,basler,nose84(base of nose),2.638,2.571
train09,T,webcam_r,basler,eye35(outer corner),2.350,1.945
train09,T,webcam_r,basler,eye39(inner corner),2.018,1.918
train09,T,webcam_r,basler,eye89(inner corner),2.377,2.238
train09,T,webcam_r,basler,eye93(outer corner),1.203,1.142
train09,T,webcam_r,basler,nose78(base of nose),3.974,3.679
train09,T,webcam_r,basler,nose84(base of nose),2.732,3.354
train09,S,webcam_r,webcam_c,eye35(outer corner),2.191,1.940
train09,S,webcam_r,webcam_c,eye39(inner corner),1.539,1.596
train09,S,webcam_r,webcam_c,eye89(inner corner),1.803,1.835
train09,S,webcam_r,webcam_c,eye93(outer corner),1.513,1.375
train09,S,webcam_r,webcam_c,nose78(base of nose),2.585,2.349
train09,S,webcam_r,webcam_c,nose84(base of nose),1.855,2.228
train09,T,webcam_r,webcam_c,eye35(outer corner),4.595,3.933
train09,T,webcam_r,webcam_c,eye39(inner corner),2.594,3.011
train09,T,webcam_r,webcam_c,eye89(inner corner),3.327,3.548
train09,T,webcam_r,webcam_c,eye93(outer corner),1.639,1.553
train09,T,webcam_r,webcam_c,nose78(base of nose),2.949,3.868
train09,T,webcam_r,webcam_c,nose84(base of nose),5.194,4.534
train09,S,webcam_r,webcam_l,eye35(outer corner),5.335,2.232
train09,S,webcam_r,webcam_l,eye39(inner corner),2.702,2.469
train09,S,webcam_r,webcam_l,eye89(inner corner),4.036,3.900
train09,S,webcam_r,webcam_l,eye93(outer corner),2.028,2.119
train09,S,webcam_r,webcam_l,nose78(base of nose),0.931,1.978
train09,S,webcam_r,webcam_l,nose84(base of nose),1.545,1.937
train09,T,webcam_r,webcam_l,eye35(outer corner),2.886,1.979
train09,T,webcam_r,webcam_l,eye39(inner corner),2.847,2.454
train09,T,webcam_r,webcam_l,eye89(inner corner),5.294,5.163
train09,T,webcam_r,webcam_l,eye93(outer corner),2.139,2.614
train09,T,webcam_r,webcam_l,nose78(base of nose),1.270,1.941
train09,T,webcam_r,webcam_l,nose84(base of nose),2.127,2.242
train01,S,webcam_c,basler,eye35(outer corner),1.533,1.530
train01,S,webcam_c,basler,eye39(inner corner),2.903,2.628
train01,S,webcam_c,basler,eye89(inner corner),1.306,2.390
train01,S,webcam_c,basler,eye93(outer corner),2.598,1.410
train01,S,webcam_c,basler,nose78(base of nose),2.477,2.515
train01,S,webcam_c,basler,nose84(base of nose),2.638,2.157
train01,T,webcam_c,basler,eye35(outer corner),1.271,1.386
train01,T,webcam_c,basler,eye39(inner corner),2.119,1.950
train01,T,webcam_c,basler,eye89(inner corner),1.020,1.098
train01,T,webcam_c,basler,eye93(outer corner),1.640,1.351
train01,T,webcam_c,basler,nose78(base of nose),1.313,1.063
train01,T,webcam_c,basler,nose84(base of nose),0.438,0.426
train01,S,webcam_l,basler,eye35(outer corner),1.929,1.697
train01,S,webcam_l,basler,eye39(inner corner),2.168,1.994
train01,S,webcam_l,basler,eye89(inner corner),1.376,1.839
train01,S,webcam_l,basler,eye93(outer corner),1.152,1.059
train01,S,webcam_l,basler,nose78(base of nose),4.265,4.897
train01,S,webcam_l,basler,nose84(base of nose),5.566,4.816
train01,T,webcam_l,basler,eye35(outer corner),2.034,1.866
train01,T,webcam_l,basler,eye39(inner corner),1.283,1.343
train01,T,webcam_l,basler,eye89(inner corner),2.376,2.186
train01,T,webcam_l,basler,eye93(outer corner),0.707,0.795
train01,T,webcam_l,basler,nose78(base of nose),2.990,4.074
train01,T,webcam_l,basler,nose84(base of nose),5.126,4.139
train01,S,webcam_l,webcam_c,eye35(outer corner),1.185,1.029
train01,S,webcam_l,webcam_c,eye39(inner corner),1.246,1.192
train01,S,webcam_l,webcam_c,eye89(inner corner),0.535,0.718
train01,S,webcam_l,webcam_c,eye93(outer corner),2.535,1.883
train01,S,webcam_l,webcam_c,nose78(base of nose),2.146,2.724
train01,S,webcam_l,webcam_c,nose84(base of nose),3.054,2.755
train01,T,webcam_l,webcam_c,eye35(outer corner),1.999,1.953
train01,T,webcam_l,webcam_c,eye39(inner corner),1.171,0.974
train01,T,webcam_l,webcam_c,eye89(inner corner),2.191,1.466
train01,T,webcam_l,webcam_c,eye93(outer corner),1.761,1.370
train01,T,webcam_l,webcam_c,nose78(base of nose),2.033,3.384
train01,T,webcam_l,webcam_c,nose84(base of nose),4.774,3.818
train01,S,webcam_r,basler,eye35(outer corner),1.392,0.753
train01,S,webcam_r,basler,eye39(inner corner),1.829,2.449
train01,S,webcam_r,basler,eye89(inner corner),3.034,2.468
train01,S,webcam_r,basler,eye93(outer corner),1.500,1.190
train01,S,webcam_r,basler,nose78(base of nose),3.020,2.198
train01,S,webcam_r,basler,nose84(base of nose),2.064,2.699
train01,T,webcam_r,basler,eye35(outer corner),0.590,0.972
train01,T,webcam_r,basler,eye39(inner corner),1.433,1.307
train01,T,webcam_r,basler,eye89(inner corner),1.411,1.966
train01,T,webcam_r,basler,eye93(outer corner),2.718,1.724
train01,T,webcam_r,basler,nose78(base of nose),1.584,0.835
train01,T,webcam_r,basler,nose84(base of nose),0.654,0.895
train01,S,webcam_r,webcam_c,eye35(outer corner),2.077,1.357
train01,S,webcam_r,webcam_c,eye39(inner corner),3.954,4.305
train01,S,webcam_r,webcam_c,eye89(inner corner),4.205,4.696
train01,S,webcam_r,webcam_c,eye93(outer corner),2.137,0.998
train01,S,webcam_r,webcam_c,nose78(base of nose),5.039,4.062
train01,S,webcam_r,webcam_c,nose84(base of nose),3.869,4.260
train01,T,webcam_r,webcam_c,eye35(outer corner),1.467,1.113
train01,T,webcam_r,webcam_c,eye39(inner corner),1.360,1.339
train01,T,webcam_r,webcam_c,eye89(inner corner),1.341,2.498
train01,T,webcam_r,webcam_c,eye93(outer corner),3.159,0.897
train01,T,webcam_r,webcam_c,nose78(base of nose),2.320,1.080
train01,T,webcam_r,webcam_c,nose84(base of nose),0.996,1.234
train01,S,webcam_r,webcam_l,eye35(outer corner),1.940,1.612
train01,S,webcam_r,webcam_l,eye39(inner corner),3.279,3.589
train01,S,webcam_r,webcam_l,eye89(inner corner),4.313,4.124
train01,S,webcam_r,webcam_l,eye93(outer corner),0.594,0.970
train01,S,webcam_r,webcam_l,nose78(base of nose),6.570,6.427
train01,S,webcam_r,webcam_l,nose84(base of nose),6.368,6.396
train01,T,webcam_r,webcam_l,eye35(outer corner),2.282,2.504
train01,T,webcam_r,webcam_l,eye39(inner corner),0.932,0.972
train01,T,webcam_r,webcam_l,eye89(inner corner),3.476,3.918
train01,T,webcam_r,webcam_l,eye93(outer corner),2.449,1.800
train01,T,webcam_r,webcam_l,nose78(base of nose),4.136,4.448
train01,T,webcam_r,webcam_l,nose84(base of nose),5.361,4.614
train10,S,webcam_c,basler,eye35(outer corner),0.829,0.898
train10,S,webcam_c,basler,eye39(inner corner),1.698,1.227
train10,S,webcam_c,basler,eye89(inner corner),1.426,0.534
train10,S,webcam_c,basler,eye93(outer corner),0.806,0.916
train10,S,webcam_c,basler,nose78(base of nose),1.592,1.079
train10,S,webcam_c,basler,nose84(base of nose),0.531,0.876
train10,T,webcam_c,basler,eye35(outer corner),0.600,0.734
train10,T,webcam_c,basler,eye39(inner corner),1.676,1.504
train10,T,webcam_c,basler,eye89(inner corner),0.692,0.743
train10,T,webcam_c,basler,eye93(outer corner),0.706,0.863
train10,T,webcam_c,basler,nose78(base of nose),1.689,1.348
train10,T,webcam_c,basler,nose84(base of nose),1.006,1.186
train10,S,webcam_l,basler,eye35(outer corner),1.076,0.818
train10,S,webcam_l,basler,eye39(inner corner),2.992,2.385
train10,S,webcam_l,basler,eye89(inner corner),1.994,2.278
train10,S,webcam_l,basler,eye93(outer corner),0.663,0.727
train10,S,webcam_l,basler,nose78(base of nose),1.885,2.182
train10,S,webcam_l,basler,nose84(base of nose),1.848,1.761
train10,T,webcam_l,basler,eye35(outer corner),0.498,0.572
train10,T,webcam_l,basler,eye39(inner corner),2.087,1.863
train10,T,webcam_l,basler,eye89(inner corner),2.384,2.454
train10,T,webcam_l,basler,eye93(outer corner),1.025,1.049
train10,T,webcam_l,basler,nose78(base of nose),1.299,1.539
train10,T,webcam_l,basler,nose84(base of nose),1.486,1.293
train10,S,webcam_l,webcam_c,eye35(outer corner),0.270,0.100
train10,S,webcam_l,webcam_c,eye39(inner corner),2.192,2.149
train10,S,webcam_l,webcam_c,eye89(inner corner),3.400,2.788
train10,S,webcam_l,webcam_c,eye93(outer corner),0.763,1.391
train10,S,webcam_l,webcam_c,nose78(base of nose),1.106,1.509
train10,S,webcam_l,webcam_c,nose84(base of nose),1.326,0.909
train10,T,webcam_l,webcam_c,eye35(outer corner),0.479,0.347
train10,T,webcam_l,webcam_c,eye39(inner corner),1.240,1.162
train10,T,webcam_l,webcam_c,eye89(inner corner),2.244,1.996
train10,T,webcam_l,webcam_c,eye93(outer corner),0.960,1.389
train10,T,webcam_l,webcam_c,nose78(base of nose),1.210,1.110
train10,T,webcam_l,webcam_c,nose84(base of nose),0.605,0.368
train10,S,webcam_r,basler,eye35(outer corner),0.928,1.241
train10,S,webcam_r,basler,eye39(inner corner),1.410,1.337
train10,S,webcam_r,basler,eye89(inner corner),3.223,3.080
train10,S,webcam_r,basler,eye93(outer corner),1.146,1.380
train10,S,webcam_r,basler,nose78(base of nose),1.642,1.876
train10,S,webcam_r,basler,nose84(base of nose),2.483,2.158
train10,T,webcam_r,basler,eye35(outer corner),1.004,1.047
train10,T,webcam_r,basler,eye39(inner corner),1.234,1.155
train10,T,webcam_r,basler,eye89(inner corner),2.105,2.133
train10,T,webcam_r,basler,eye93(outer corner),1.241,1.277
train10,T,webcam_r,basler,nose78(base of nose),1.233,1.293
train10,T,webcam_r,basler,nose84(base of nose),1.523,1.391
train10,S,webcam_r,webcam_c,eye35(outer corner),1.559,1.458
train10,S,webcam_r,webcam_c,eye39(inner corner),1.469,1.021
train10,S,webcam_r,webcam_c,eye89(inner corner),1.949,2.570
train10,S,webcam_r,webcam_c,eye93(outer corner),1.620,0.695
train10,S,webcam_r,webcam_c,nose78(base of nose),3.203,2.909
train10,S,webcam_r,webcam_c,nose84(base of nose),2.873,2.904
train10,T,webcam_r,webcam_c,eye35(outer corner),0.960,1.016
train10,T,webcam_r,webcam_c,eye39(inner corner),1.525,1.343
train10,T,webcam_r,webcam_c,eye89(inner corner),2.119,2.498
train10,T,webcam_r,webcam_c,eye93(outer corner),1.203,0.676
train10,T,webcam_r,webcam_c,nose78(base of nose),2.772,2.496
train10,T,webcam_r,webcam_c,nose84(base of nose),2.389,2.447
train10,S,webcam_r,webcam_l,eye35(outer corner),1.828,1.348
train10,S,webcam_r,webcam_l,eye39(inner corner),3.550,3.097
train10,S,webcam_r,webcam_l,eye89(inner corner),5.169,5.231
train10,S,webcam_r,webcam_l,eye93(outer corner),1.787,2.050
train10,S,webcam_r,webcam_l,nose78(base of nose),3.472,3.967
train10,S,webcam_r,webcam_l,nose84(base of nose),3.903,3.627
train10,T,webcam_r,webcam_l,eye35(outer corner),1.316,1.168
train10,T,webcam_r,webcam_l,eye39(inner corner),2.552,2.311
train10,T,webcam_r,webcam_l,eye89(inner corner),4.312,4.435
train10,T,webcam_r,webcam_l,eye93(outer corner),2.076,2.066
train10,T,webcam_r,webcam_l,nose78(base of nose),2.513,2.802
train10,T,webcam_r,webcam_l,nose84(base of nose),2.701,2.410
train11,S,webcam_c,basler,eye35(outer corner),1.990,2.203
train11,S,webcam_c,basler,eye39(inner corner),2.678,2.584
train11,S,webcam_c,basler,eye89(inner corner),2.359,2.537
train11,S,webcam_c,basler,eye93(outer corner),2.285,1.816
train11,S,webcam_c,basler,nose78(base of nose),0.694,1.011
train11,S,webcam_c,basler,nose84(base of nose),1.962,1.601
train11,T,webcam_c,basler,eye35(outer corner),2.175,2.072
train11,T,webcam_c,basler,eye39(inner corner),1.589,1.632
train11,T,webcam_c,basler,eye89(inner corner),2.306,2.398
train11,T,webcam_c,basler,eye93(outer corner),1.591,1.475
train11,T,webcam_c,basler,nose78(base of nose),1.453,1.634
train11,T,webcam_c,basler,nose84(base of nose),1.824,1.644
train11,S,webcam_l,basler,eye35(outer corner),1.585,1.821
train11,S,webcam_l,basler,eye39(inner corner),1.673,1.581
train11,S,webcam_l,basler,eye89(inner corner),3.844,3.892
train11,S,webcam_l,basler,eye93(outer corner),2.067,1.786
train11,S,webcam_l,basler,nose78(base of nose),1.448,2.119
train11,S,webcam_l,basler,nose84(base of nose),3.391,2.703
train11,T,webcam_l,basler,eye35(outer corner),1.405,1.265
train11,T,webcam_l,basler,eye39(inner corner),1.232,1.092
train11,T,webcam_l,basler,eye89(inner corner),3.236,3.233
train11,T,webcam_l,basler,eye93(outer corner),1.626,1.674
train11,T,webcam_l,basler,nose78(base of nose),0.617,0.925
train11,T,webcam_l,basler,nose84(base of nose),1.291,1.125
train11,S,webcam_l,webcam_c,eye35(outer corner),0.593,0.366
train11,S,webcam_l,webcam_c,eye39(inner corner),1.695,1.765
train11,S,webcam_l,webcam_c,eye89(inner corner),1.844,1.671
train11,S,webcam_l,webcam_c,eye93(outer corner),0.425,0.388
train11,S,webcam_l,webcam_c,nose78(base of nose),1.099,1.417
train11,S,webcam_l,webcam_c,nose84(base of nose),1.715,1.432
train11,T,webcam_l,webcam_c,eye35(outer corner),0.843,0.928
train11,T,webcam_l,webcam_c,eye39(inner corner),1.635,1.592
train11,T,webcam_l,webcam_c,eye89(inner corner),1.200,1.073
train11,T,webcam_l,webcam_c,eye93(outer corner),0.280,0.499
train11,T,webcam_l,webcam_c,nose78(base of nose),0.852,0.789
train11,T,webcam_l,webcam_c,nose84(base of nose),0.542,0.568
train11,S,webcam_r,basler,eye35(outer corner),1.192,0.513
train11,S,webcam_r,basler,eye39(inner corner),2.693,2.059
train11,S,webcam_r,basler,eye89(inner corner),1.149,0.683
train11,S,webcam_r,basler,eye93(outer corner),1.303,0.979
train11,S,webcam_r,basler,nose78(base of nose),1.436,1.531
train11,S,webcam_r,basler,nose84(base of nose),1.009,1.659
train11,T,webcam_r,basler,eye35(outer corner),0.912,0.723
train11,T,webcam_r,basler,eye39(inner corner),1.594,1.430
train11,T,webcam_r,basler,eye89(inner corner),0.998,0.833
train11,T,webcam_r,basler,eye93(outer corner),0.975,0.970
train11,T,webcam_r,basler,nose78(base of nose),1.639,1.631
train11,T,webcam_r,basler,nose84(base of nose),1.376,1.598
train11,S,webcam_r,webcam_c,eye35(outer corner),3.000,1.992
train11,S,webcam_r,webcam_c,eye39(inner corner),0.714,0.960
train11,S,webcam_r,webcam_c,eye89(inner corner),2.035,2.288
train11,S,webcam_r,webcam_c,eye93(outer corner),1.043,0.928
train11,S,webcam_r,webcam_c,nose78(base of nose),1.524,2.038
train11,S,webcam_r,webcam_c,nose84(base of nose),2.281,2.112
train11,T,webcam_r,webcam_c,eye35(outer corner),2.502,1.901
train11,T,webcam_r,webcam_c,eye39(inner corner),0.710,0.788
train11,T,webcam_r,webcam_c,eye89(inner corner),2.168,2.320
train11,T,webcam_r,webcam_c,eye93(outer corner),0.688,0.672
train11,T,webcam_r,webcam_c,nose78(base of nose),2.580,2.794
train11,T,webcam_r,webcam_c,nose84(base of nose),2.952,2.942
train11,S,webcam_r,webcam_l,eye35(outer corner),2.481,1.611
train11,S,webcam_r,webcam_l,eye39(inner corner),2.051,1.398
train11,S,webcam_r,webcam_l,eye89(inner corner),3.722,3.760
train11,S,webcam_r,webcam_l,eye93(outer corner),0.879,1.040
train11,S,webcam_r,webcam_l,nose78(base of nose),2.603,3.429
train11,S,webcam_r,webcam_l,nose84(base of nose),3.865,3.429
train11,T,webcam_r,webcam_l,eye35(outer corner),1.662,1.042
train11,T,webcam_r,webcam_l,eye39(inner corner),1.906,1.464
train11,T,webcam_r,webcam_l,eye89(inner corner),3.278,3.282
train11,T,webcam_r,webcam_l,eye93(outer corner),0.809,1.077
train11,T,webcam_r,webcam_l,nose78(base of nose),1.965,2.339
train11,T,webcam_r,webcam_l,nose84(base of nose),2.483,2.451
train06,S,webcam_c,basler,eye35(outer corner),2.461,1.116
train06,S,webcam_c,basler,eye39(inner corner),2.329,1.580
train06,S,webcam_c,basler,eye89(inner corner),2.809,1.555
train06,S,webcam_c,basler,eye93(outer corner),1.759,0.643
train06,S,webcam_c,basler,nose78(base of nose),0.320,1.506
train06,S,webcam_c,basler,nose84(base of nose),0.921,0.971
train06,T,webcam_c,basler,eye35(outer corner),0.921,1.192
train06,T,webcam_c,basler,eye39(inner corner),1.915,1.638
train06,T,webcam_c,basler,eye89(inner corner),1.422,1.197
train06,T,webcam_c,basler,eye93(outer corner),0.886,1.125
train06,T,webcam_c,basler,nose78(base of nose),0.366,0.461
train06,T,webcam_c,basler,nose84(base of nose),0.804,0.547
train06,S,webcam_l,basler,eye35(outer corner),3.238,1.488
train06,S,webcam_l,basler,eye39(inner corner),2.000,2.187
train06,S,webcam_l,basler,eye89(inner corner),3.590,2.066
train06,S,webcam_l,basler,eye93(outer corner),4.072,1.695
train06,S,webcam_l,basler,nose78(base of nose),1.955,1.864
train06,S,webcam_l,basler,nose84(base of nose),1.151,1.919
train06,T,webcam_l,basler,eye35(outer corner),0.448,0.783
train06,T,webcam_l,basler,eye39(inner corner),1.653,1.170
train06,T,webcam_l,basler,eye89(inner corner),1.682,1.518
train06,T,webcam_l,basler,eye93(outer corner),0.890,0.925
train06,T,webcam_l,basler,nose78(base of nose),0.745,0.815
train06,T,webcam_l,basler,nose84(base of nose),1.290,1.404
train06,S,webcam_l,webcam_c,eye35(outer corner),1.328,0.759
train06,S,webcam_l,webcam_c,eye39(inner corner),1.070,1.626
train06,S,webcam_l,webcam_c,eye89(inner corner),1.571,1.076
train06,S,webcam_l,webcam_c,eye93(outer corner),2.524,1.287
train06,S,webcam_l,webcam_c,nose78(base of nose),1.794,1.370
train06,S,webcam_l,webcam_c,nose84(base of nose),0.991,1.518
train06,T,webcam_l,webcam_c,eye35(outer corner),0.978,0.735
train06,T,webcam_l,webcam_c,eye39(inner corner),1.012,0.971
train06,T,webcam_l,webcam_c,eye89(inner corner),1.313,1.180
train06,T,webcam_l,webcam_c,eye93(outer corner),0.705,0.828
train06,T,webcam_l,webcam_c,nose78(base of nose),0.558,0.362
train06,T,webcam_l,webcam_c,nose84(base of nose),0.800,1.023
train06,S,webcam_r,basler,eye35(outer corner),4.722,1.727
train06,S,webcam_r,basler,eye39(inner corner),2.877,1.743
train06,S,webcam_r,basler,eye89(inner corner),1.949,1.692
train06,S,webcam_r,basler,eye93(outer corner),2.379,1.249
train06,S,webcam_r,basler,nose78(base of nose),1.370,2.011
train06,S,webcam_r,basler,nose84(base of nose),1.321,1.244
train06,T,webcam_r,basler,eye35(outer corner),1.489,1.138
train06,T,webcam_r,basler,eye39(inner corner),1.651,1.553
train06,T,webcam_r,basler,eye89(inner corner),2.846,2.401
train06,T,webcam_r,basler,eye93(outer corner),0.891,1.616
train06,T,webcam_r,basler,nose78(base of nose),1.293,1.399
train06,T,webcam_r,basler,nose84(base of nose),0.456,0.664
train06,S,webcam_r,webcam_c,eye35(outer corner),2.349,1.138
train06,S,webcam_r,webcam_c,eye39(inner corner),2.411,1.285
train06,S,webcam_r,webcam_c,eye89(inner corner),1.805,2.065
train06,S,webcam_r,webcam_c,eye93(outer corner),0.669,0.654
train06,S,webcam_r,webcam_c,nose78(base of nose),1.114,1.259
train06,S,webcam_r,webcam_c,nose84(base of nose),0.534,0.617
train06,T,webcam_r,webcam_c,eye35(outer corner),0.954,0.773
train06,T,webcam_r,webcam_c,eye39(inner corner),1.850,1.533
train06,T,webcam_r,webcam_c,eye89(inner corner),2.199,2.089
train06,T,webcam_r,webcam_c,eye93(outer corner),0.709,0.808
train06,T,webcam_r,webcam_c,nose78(base of nose),0.962,1.258
train06,T,webcam_r,webcam_c,nose84(base of nose),0.977,0.842
train06,S,webcam_r,webcam_l,eye35(outer corner),2.058,1.447
train06,S,webcam_r,webcam_l,eye39(inner corner),3.006,2.804
train06,S,webcam_r,webcam_l,eye89(inner corner),3.167,2.898
train06,S,webcam_r,webcam_l,eye93(outer corner),2.277,1.453
train06,S,webcam_r,webcam_l,nose78(base of nose),2.212,2.381
train06,S,webcam_r,webcam_l,nose84(base of nose),1.498,2.073
train06,T,webcam_r,webcam_l,eye35(outer corner),1.759,1.202
train06,T,webcam_r,webcam_l,eye39(inner corner),2.381,1.944
train06,T,webcam_r,webcam_l,eye89(inner corner),3.419,3.118
train06,T,webcam_r,webcam_l,eye93(outer corner),1.194,1.591
train06,T,webcam_r,webcam_l,nose78(base of nose),0.975,1.386
train06,T,webcam_r,webcam_l,nose84(base of nose),1.256,1.598
train05,S,webcam_c,basler,eye35(outer corner),1.033,0.500
train05,S,webcam_c,basler,eye39(inner corner),2.032,0.940
train05,S,webcam_c,basler,eye89(inner corner),1.302,0.953
train05,S,webcam_c,basler,eye93(outer corner),3.170,0.949
train05,S,webcam_c,basler,nose78(base of nose),0.927,0.681
train05,S,webcam_c,basler,nose84(base of nose),0.962,0.465
train05,T,webcam_c,basler,eye35(outer corner),1.203,1.019
train05,T,webcam_c,basler,eye39(inner corner),1.723,1.929
train05,T,webcam_c,basler,eye89(inner corner),0.634,0.723
train05,T,webcam_c,basler,eye93(outer corner),1.003,0.630
train05,T,webcam_c,basler,nose78(base of nose),1.413,0.969
train05,T,webcam_c,basler,nose84(base of nose),1.446,0.561
train05,S,webcam_l,basler,eye35(outer corner),0.455,0.456
train05,S,webcam_l,basler,eye39(inner corner),1.599,1.500
train05,S,webcam_l,basler,eye89(inner corner),1.197,0.858
train05,S,webcam_l,basler,eye93(outer corner),1.947,1.083
train05,S,webcam_l,basler,nose78(base of nose),1.304,1.498
train05,S,webcam_l,basler,nose84(base of nose),1.469,1.849
train05,T,webcam_l,basler,eye35(outer corner),0.578,0.632
train05,T,webcam_l,basler,eye39(inner corner),1.266,1.077
train05,T,webcam_l,basler,eye89(inner corner),1.010,0.946
train05,T,webcam_l,basler,eye93(outer corner),0.377,0.399
train05,T,webcam_l,basler,nose78(base of nose),0.715,0.811
train05,T,webcam_l,basler,nose84(base of nose),1.046,0.978
train05,S,webcam_l,webcam_c,eye35(outer corner),0.979,0.378
train05,S,webcam_l,webcam_c,eye39(inner corner),1.264,1.484
train05,S,webcam_l,webcam_c,eye89(inner corner),2.152,0.580
train05,S,webcam_l,webcam_c,eye93(outer corner),4.948,1.942
train05,S,webcam_l,webcam_c,nose78(base of nose),1.956,1.798
train05,S,webcam_l,webcam_c,nose84(base of nose),0.630,1.928
train05,T,webcam_l,webcam_c,eye35(outer corner),1.042,1.190
train05,T,webcam_l,webcam_c,eye39(inner corner),2.294,2.333
train05,T,webcam_l,webcam_c,eye89(inner corner),0.851,0.671
train05,T,webcam_l,webcam_c,eye93(outer corner),1.146,0.679
train05,T,webcam_l,webcam_c,nose78(base of nose),1.057,0.478
train05,T,webcam_l,webcam_c,nose84(base of nose),0.877,0.615
train05,S,webcam_r,basler,eye35(outer corner),1.331,0.917
train05,S,webcam_r,basler,eye39(inner corner),1.913,1.557
train05,S,webcam_r,basler,eye89(inner corner),2.739,2.519
train05,S,webcam_r,basler,eye93(outer corner),1.048,1.127
train05,S,webcam_r,basler,nose78(base of nose),1.096,1.572
train05,S,webcam_r,basler,nose84(base of nose),1.428,1.201
train05,T,webcam_r,basler,eye35(outer corner),0.818,0.687
train05,T,webcam_r,basler,eye39(inner corner),1.673,1.589
train05,T,webcam_r,basler,eye89(inner corner),1.656,1.387
train05,T,webcam_r,basler,eye93(outer corner),0.690,0.693
train05,T,webcam_r,basler,nose78(base of nose),1.621,1.721
train05,T,webcam_r,basler,nose84(base of nose),1.443,1.575
train05,S,webcam_r,webcam_c,eye35(outer corner),2.258,1.105
train05,S,webcam_r,webcam_c,eye39(inner corner),3.009,1.505
train05,S,webcam_r,webcam_c,eye89(inner corner),1.989,3.474
train05,S,webcam_r,webcam_c,eye93(outer corner),3.786,1.968
train05,S,webcam_r,webcam_c,nose78(base of nose),0.690,1.152
train05,S,webcam_r,webcam_c,nose84(base of nose),2.218,1.086
train05,T,webcam_r,webcam_c,eye35(outer corner),1.819,1.461
train05,T,webcam_r,webcam_c,eye39(inner corner),1.319,1.448
train05,T,webcam_r,webcam_c,eye89(inner corner),1.893,1.974
train05,T,webcam_r,webcam_c,eye93(outer corner),0.790,0.808
train05,T,webcam_r,webcam_c,nose78(base of nose),0.667,1.540
train05,T,webcam_r,webcam_c,nose84(base of nose),2.739,1.821
train05,S,webcam_r,webcam_l,eye35(outer corner),1.720,1.120
train05,S,webcam_r,webcam_l,eye39(inner corner),3.114,2.873
train05,S,webcam_r,webcam_l,eye89(inner corner),3.893,3.245
train05,S,webcam_r,webcam_l,eye93(outer corner),1.438,0.997
train05,S,webcam_r,webcam_l,nose78(base of nose),2.124,2.893
train05,S,webcam_r,webcam_l,nose84(base of nose),2.788,2.867
train05,T,webcam_r,webcam_l,eye35(outer corner),1.310,1.141
train05,T,webcam_r,webcam_l,eye39(inner corner),2.544,2.345
train05,T,webcam_r,webcam_l,eye89(inner corner),2.554,2.262
train05,T,webcam_r,webcam_l,eye93(outer corner),1.042,1.033
train05,T,webcam_r,webcam_l,nose78(base of nose),1.416,1.921
train05,T,webcam_r,webcam_l,nose84(base of nose),2.014,1.991
train07,S,webcam_c,basler,eye35(outer corner),0.511,1.528
train07,S,webcam_c,basler,eye39(inner corner),2.864,2.459
train07,S,webcam_c,basler,eye89(inner corner),0.882,1.311
train07,S,webcam_c,basler,eye93(outer corner),2.349,1.306
train07,S,webcam_c,basler,nose78(base of nose),0.337,0.766
train07,S,webcam_c,basler,nose84(base of nose),2.315,1.565
train07,T,webcam_c,basler,eye35(outer corner),1.357,1.508
train07,T,webcam_c,basler,eye39(inner corner),2.194,2.144
train07,T,webcam_c,basler,eye89(inner corner),0.648,0.722
train07,T,webcam_c,basler,eye93(outer corner),1.023,0.871
train07,T,webcam_c,basler,nose78(base of nose),0.414,0.490
train07,T,webcam_c,basler,nose84(base of nose),1.025,0.542
train07,S,webcam_l,basler,eye35(outer corner),1.943,2.701
train07,S,webcam_l,basler,eye39(inner corner),3.686,3.284
train07,S,webcam_l,basler,eye89(inner corner),3.103,3.113
train07,S,webcam_l,basler,eye93(outer corner),2.710,2.434
train07,S,webcam_l,basler,nose78(base of nose),0.827,1.164
train07,S,webcam_l,basler,nose84(base of nose),2.661,1.806
train07,T,webcam_l,basler,eye35(outer corner),1.746,1.779
train07,T,webcam_l,basler,eye39(inner corner),2.270,2.252
train07,T,webcam_l,basler,eye89(inner corner),1.603,1.564
train07,T,webcam_l,basler,eye93(outer corner),1.333,1.419
train07,T,webcam_l,basler,nose78(base of nose),1.009,1.046
train07,T,webcam_l,basler,nose84(base of nose),1.213,0.705
train07,S,webcam_l,webcam_c,eye35(outer corner),1.567,1.220
train07,S,webcam_l,webcam_c,eye39(inner corner),0.913,0.951
train07,S,webcam_l,webcam_c,eye89(inner corner),2.292,1.864
train07,S,webcam_l,webcam_c,eye93(outer corner),0.423,1.265
train07,S,webcam_l,webcam_c,nose78(base of nose),0.788,0.843
train07,S,webcam_l,webcam_c,nose84(base of nose),0.662,0.395
train07,T,webcam_l,webcam_c,eye35(outer corner),0.429,0.316
train07,T,webcam_l,webcam_c,eye39(inner corner),0.345,0.336
train07,T,webcam_l,webcam_c,eye89(inner corner),0.959,0.852
train07,T,webcam_l,webcam_c,eye93(outer corner),0.386,0.580
train07,T,webcam_l,webcam_c,nose78(base of nose),0.598,0.653
train07,T,webcam_l,webcam_c,nose84(base of nose),0.503,0.370
train07,S,webcam_r,basler,eye35(outer corner),0.700,0.940
train07,S,webcam_r,basler,eye39(inner corner),3.188,2.692
train07,S,webcam_r,basler,eye89(inner corner),0.933,0.777
train07,S,webcam_r,basler,eye93(outer corner),1.584,0.854
train07,S,webcam_r,basler,nose78(base of nose),1.375,1.270
train07,S,webcam_r,basler,nose84(base of nose),0.996,1.686
train07,T,webcam_r,basler,eye35(outer corner),0.524,0.562
train07,T,webcam_r,basler,eye39(inner corner),2.198,2.068
train07,T,webcam_r,basler,eye89(inner corner),0.939,0.949
train07,T,webcam_r,basler,eye93(outer corner),1.089,1.055
train07,T,webcam_r,basler,nose78(base of nose),3.338,3.041
train07,T,webcam_r,basler,nose84(base of nose),2.698,3.066
train07,S,webcam_r,webcam_c,eye35(outer corner),0.843,0.767
train07,S,webcam_r,webcam_c,eye39(inner corner),0.605,0.751
train07,S,webcam_r,webcam_c,eye89(inner corner),1.708,1.865
train07,S,webcam_r,webcam_c,eye93(outer corner),0.827,0.526
train07,S,webcam_r,webcam_c,nose78(base of nose),1.596,1.985
train07,S,webcam_r,webcam_c,nose84(base of nose),2.612,2.049
train07,T,webcam_r,webcam_c,eye35(outer corner),1.368,1.308
train07,T,webcam_r,webcam_c,eye39(inner corner),0.612,0.640
train07,T,webcam_r,webcam_c,eye89(inner corner),1.442,1.491
train07,T,webcam_r,webcam_c,eye93(outer corner),0.422,0.416
train07,T,webcam_r,webcam_c,nose78(base of nose),3.089,3.285
train07,T,webcam_r,webcam_c,nose84(base of nose),3.568,3.368
train07,S,webcam_r,webcam_l,eye35(outer corner),2.115,1.799
train07,S,webcam_r,webcam_l,eye39(inner corner),0.627,0.748
train07,S,webcam_r,webcam_l,eye89(inner corner),3.813,3.519
train07,S,webcam_r,webcam_l,eye93(outer corner),1.162,1.671
train07,S,webcam_r,webcam_l,nose78(base of nose),1.366,2.153
train07,S,webcam_r,webcam_l,nose84(base of nose),2.885,2.207
train07,T,webcam_r,webcam_l,eye35(outer corner),1.739,1.526
train07,T,webcam_r,webcam_l,eye39(inner corner),0.710,0.732
train07,T,webcam_r,webcam_l,eye89(inner corner),2.281,2.193
train07,T,webcam_r,webcam_l,eye93(outer corner),0.367,0.531
train07,T,webcam_r,webcam_l,nose78(base of nose),2.883,3.202
train07,T,webcam_r,webcam_l,nose84(base of nose),3.491,3.284
train08,S,webcam_c,basler,eye35(outer corner),3.501,2.732
train08,S,webcam_c,basler,eye39(inner corner),2.493,3.157
train08,S,webcam_c,basler,eye89(inner corner),1.151,2.040
train08,S,webcam_c,basler,eye93(outer corner),2.355,1.322
train08,S,webcam_c,basler,nose78(base of nose),0.622,1.930
train08,S,webcam_c,basler,nose84(base of nose),4.059,2.492
train08,T,webcam_c,basler,eye35(outer corner),2.944,2.935
train08,T,webcam_c,basler,eye39(inner corner),3.655,3.768
train08,T,webcam_c,basler,eye89(inner corner),2.380,2.572
train08,T,webcam_c,basler,eye93(outer corner),2.245,2.001
train08,T,webcam_c,basler,nose78(base of nose),0.668,1.107
train08,T,webcam_c,basler,nose84(base of nose),2.859,1.770
train08,S,webcam_l,basler,eye35(outer corner),1.402,1.063
train08,S,webcam_l,basler,eye39(inner corner),2.004,2.176
train08,S,webcam_l,basler,eye89(inner corner),1.786,2.118
train08,S,webcam_l,basler,eye93(outer corner),2.839,2.137
train08,S,webcam_l,basler,nose78(base of nose),1.433,1.826
train08,S,webcam_l,basler,nose84(base of nose),1.798,1.661
train08,T,webcam_l,basler,eye35(outer corner),0.848,0.809
train08,T,webcam_l,basler,eye39(inner corner),1.809,1.799
train08,T,webcam_l,basler,eye89(inner corner),1.744,1.694
train08,T,webcam_l,basler,eye93(outer corner),1.730,1.654
train08,T,webcam_l,basler,nose78(base of nose),1.517,1.944
train08,T,webcam_l,basler,nose84(base of nose),2.213,1.883
train08,S,webcam_l,webcam_c,eye35(outer corner),4.039,3.132
train08,S,webcam_l,webcam_c,eye39(inner corner),1.940,2.960
train08,S,webcam_l,webcam_c,eye89(inner corner),2.150,3.597
train08,S,webcam_l,webcam_c,eye93(outer corner),4.799,2.769
train08,S,webcam_l,webcam_c,nose78(base of nose),0.843,1.015
train08,S,webcam_l,webcam_c,nose84(base of nose),2.452,1.221
train08,T,webcam_l,webcam_c,eye35(outer corner),3.104,3.169
train08,T,webcam_l,webcam_c,eye39(inner corner),4.023,4.152
train08,T,webcam_l,webcam_c,eye89(inner corner),2.437,2.742
train08,T,webcam_l,webcam_c,eye93(outer corner),3.221,2.710
train08,T,webcam_l,webcam_c,nose78(base of nose),1.693,1.056
train08,T,webcam_l,webcam_c,nose84(base of nose),0.993,0.949
train08,S,webcam_r,basler,eye35(outer corner),1.568,1.850
train08,S,webcam_r,basler,eye39(inner corner),2.671,2.602
train08,S,webcam_r,basler,eye89(inner corner),3.136,3.642
train08,S,webcam_r,basler,eye93(outer corner),3.379,2.392
train08,S,webcam_r,basler,nose78(base of nose),2.025,1.392
train08,S,webcam_r,basler,nose84(base of nose),0.948,1.392
train08,T,webcam_r,basler,eye35(outer corner),1.704,1.626
train08,T,webcam_r,basler,eye39(inner corner),2.176,2.133
train08,T,webcam_r,basler,eye89(inner corner),2.741,2.883
train08,T,webcam_r,basler,eye93(outer corner),1.916,1.694
train08,T,webcam_r,basler,nose78(base of nose),1.825,1.574
train08,T,webcam_r,basler,nose84(base of nose),1.131,1.471
train08,S,webcam_r,webcam_c,eye35(outer corner),4.040,3.477
train08,S,webcam_r,webcam_c,eye39(inner corner),1.879,2.473
train08,S,webcam_r,webcam_c,eye89(inner corner),3.831,5.347
train08,S,webcam_r,webcam_c,eye93(outer corner),5.536,3.516
train08,S,webcam_r,webcam_c,nose78(base of nose),2.355,2.909
train08,S,webcam_r,webcam_c,nose84(base of nose),4.477,3.373
train08,T,webcam_r,webcam_c,eye35(outer corner),3.899,3.668
train08,T,webcam_r,webcam_c,eye39(inner corner),3.004,3.309
train08,T,webcam_r,webcam_c,eye89(inner corner),4.514,4.890
train08,T,webcam_r,webcam_c,eye93(outer corner),3.818,3.438
train08,T,webcam_r,webcam_c,nose78(base of nose),1.468,2.161
train08,T,webcam_r,webcam_c,nose84(base of nose),3.576,2.716
train08,S,webcam_r,webcam_l,eye35(outer corner),2.170,2.274
train08,S,webcam_r,webcam_l,eye39(inner corner),3.097,3.145
train08,S,webcam_r,webcam_l,eye89(inner corner),3.810,3.881
train08,S,webcam_r,webcam_l,eye93(outer corner),2.864,2.711
train08,S,webcam_r,webcam_l,nose78(base of nose),3.067,2.624
train08,S,webcam_r,webcam_l,nose84(base of nose),2.421,2.573
train08,T,webcam_r,webcam_l,eye35(outer corner),2.153,2.116
train08,T,webcam_r,webcam_l,eye39(inner corner),2.998,2.969
train08,T,webcam_r,webcam_l,eye89(inner corner),3.903,3.974
train08,T,webcam_r,webcam_l,eye93(outer corner),2.518,2.468
train08,T,webcam_r,webcam_l,nose78(base of nose),3.090,3.128
train08,T,webcam_r,webcam_l,nose84(base of nose),3.122,3.062
train14,S,webcam_l,webcam_c,eye35(outer corner),1.132,0.835
train14,S,webcam_l,webcam_c,eye39(inner corner),3.108,2.522
train14,S,webcam_l,webcam_c,eye89(inner corner),1.450,1.318
train14,S,webcam_l,webcam_c,eye93(outer corner),1.761,0.978
train14,S,webcam_l,webcam_c,nose78(base of nose),0.680,0.962
train14,S,webcam_l,webcam_c,nose84(base of nose),0.773,1.071
train14,T,webcam_l,webcam_c,eye35(outer corner),1.664,1.931
train14,T,webcam_l,webcam_c,eye39(inner corner),2.723,2.665
train14,T,webcam_l,webcam_c,eye89(inner corner),1.155,1.152
train14,T,webcam_l,webcam_c,eye93(outer corner),1.609,1.139
train14,T,webcam_l,webcam_c,nose78(base of nose),0.607,0.692
train14,T,webcam_l,webcam_c,nose84(base of nose),1.042,0.903
train14,S,webcam_r,webcam_c,eye35(outer corner),0.970,0.942
train14,S,webcam_r,webcam_c,eye39(inner corner),1.270,1.165
train14,S,webcam_r,webcam_c,eye89(inner corner),1.395,1.478
train14,S,webcam_r,webcam_c,eye93(outer corner),1.380,1.072
train14,S,webcam_r,webcam_c,nose78(base of nose),1.144,0.926
train14,S,webcam_r,webcam_c,nose84(base of nose),0.709,0.498
train14,T,webcam_r,webcam_c,eye35(outer corner),1.844,1.499
train14,T,webcam_r,webcam_c,eye39(inner corner),1.337,1.454
train14,T,webcam_r,webcam_c,eye89(inner corner),2.471,2.472
train14,T,webcam_r,webcam_c,eye93(outer corner),1.318,1.373
train14,T,webcam_r,webcam_c,nose78(base of nose),0.967,1.472
train14,T,webcam_r,webcam_c,nose84(base of nose),1.943,1.335
train14,S,webcam_r,webcam_l,eye35(outer corner),1.810,1.546
train14,S,webcam_r,webcam_l,eye39(inner corner),4.078,3.231
train14,S,webcam_r,webcam_l,eye89(inner corner),2.427,2.545
train14,S,webcam_r,webcam_l,eye93(outer corner),1.820,1.545
train14,S,webcam_r,webcam_l,nose78(base of nose),1.701,1.808
train14,S,webcam_r,webcam_l,nose84(base of nose),1.173,1.475
train14,T,webcam_r,webcam_l,eye35(outer corner),1.450,1.439
train14,T,webcam_r,webcam_l,eye39(inner corner),2.745,2.560
train14,T,webcam_r,webcam_l,eye89(inner corner),3.267,3.042
train14,T,webcam_r,webcam_l,eye93(outer corner),1.786,1.702
train14,T,webcam_r,webcam_l,nose78(base of nose),1.465,1.827
train14,T,webcam_r,webcam_l,nose84(base of nose),1.651,1.436
train13,S,webcam_c,basler,eye35(outer corner),1.961,1.388
train13,S,webcam_c,basler,eye39(inner corner),2.071,1.273
train13,S,webcam_c,basler,eye89(inner corner),2.162,1.553
train13,S,webcam_c,basler,eye93(outer corner),1.332,1.852
train13,S,webcam_c,basler,nose78(base of nose),3.270,2.514
train13,S,webcam_c,basler,nose84(base of nose),1.304,2.136
train13,T,webcam_c,basler,eye35(outer corner),0.823,0.801
train13,T,webcam_c,basler,eye39(inner corner),1.412,1.308
train13,T,webcam_c,basler,eye89(inner corner),1.210,0.857
train13,T,webcam_c,basler,eye93(outer corner),0.934,1.013
train13,T,webcam_c,basler,nose78(base of nose),0.603,0.784
train13,T,webcam_c,basler,nose84(base of nose),0.951,0.525
train13,S,webcam_l,basler,eye35(outer corner),1.685,1.060
train13,S,webcam_l,basler,eye39(inner corner),1.889,1.602
train13,S,webcam_l,basler,eye89(inner corner),1.099,1.104
train13,S,webcam_l,basler,eye93(outer corner),1.072,1.117
train13,S,webcam_l,basler,nose78(base of nose),1.590,2.356
train13,S,webcam_l,basler,nose84(base of nose),2.831,2.339
train13,T,webcam_l,basler,eye35(outer corner),0.753,0.683
train13,T,webcam_l,basler,eye39(inner corner),1.570,1.456
train13,T,webcam_l,basler,eye89(inner corner),1.138,1.014
train13,T,webcam_l,basler,eye93(outer corner),1.589,1.426
train13,T,webcam_l,basler,nose78(base of nose),1.607,2.366
train13,T,webcam_l,basler,nose84(base of nose),2.729,2.103
train13,S,webcam_l,webcam_c,eye35(outer corner),0.657,1.065
train13,S,webcam_l,webcam_c,eye39(inner corner),1.733,1.423
train13,S,webcam_l,webcam_c,eye89(inner corner),2.374,1.919
train13,S,webcam_l,webcam_c,eye93(outer corner),1.265,1.690
train13,S,webcam_l,webcam_c,nose78(base of nose),1.895,1.114
train13,S,webcam_l,webcam_c,nose84(base of nose),1.785,0.236
train13,T,webcam_l,webcam_c,eye35(outer corner),0.637,0.733
train13,T,webcam_l,webcam_c,eye39(inner corner),1.428,1.357
train13,T,webcam_l,webcam_c,eye89(inner corner),1.399,1.148
train13,T,webcam_l,webcam_c,eye93(outer corner),2.086,1.473
train13,T,webcam_l,webcam_c,nose78(base of nose),1.283,1.816
train13,T,webcam_l,webcam_c,nose84(base of nose),1.812,1.582
train13,S,webcam_r,basler,eye35(outer corner),0.896,0.330
train13,S,webcam_r,basler,eye39(inner corner),1.305,1.658
train13,S,webcam_r,basler,eye89(inner corner),2.596,2.019
train13,S,webcam_r,basler,eye93(outer corner),0.790,0.889
train13,S,webcam_r,basler,nose78(base of nose),1.259,1.094
train13,S,webcam_r,basler,nose84(base of nose),1.118,1.367
train13,T,webcam_r,basler,eye35(outer corner),0.081,0.124
train13,T,webcam_r,basler,eye39(inner corner),1.576,1.536
train13,T,webcam_r,basler,eye89(inner corner),2.221,2.243
train13,T,webcam_r,basler,eye93(outer corner),1.103,1.158
train13,T,webcam_r,basler,nose78(base of nose),1.544,1.416
train13,T,webcam_r,basler,nose84(base of nose),1.448,1.471
train13,S,webcam_r,webcam_c,eye35(outer corner),1.229,1.183
train13,S,webcam_r,webcam_c,eye39(inner corner),2.687,2.158
train13,S,webcam_r,webcam_c,eye89(inner corner),1.690,1.466
train13,S,webcam_r,webcam_c,eye93(outer corner),1.388,1.587
train13,S,webcam_r,webcam_c,nose78(base of nose),4.434,3.309
train13,S,webcam_r,webcam_c,nose84(base of nose),1.811,3.153
train13,T,webcam_r,webcam_c,eye35(outer corner),0.851,0.752
train13,T,webcam_r,webcam_c,eye39(inner corner),1.772,1.503
train13,T,webcam_r,webcam_c,eye89(inner corner),1.675,2.037
train13,T,webcam_r,webcam_c,eye93(outer corner),1.065,0.730
train13,T,webcam_r,webcam_c,nose78(base of nose),1.844,1.938
train13,T,webcam_r,webcam_c,nose84(base of nose),2.341,1.953
train13,S,webcam_r,webcam_l,eye35(outer corner),0.821,0.843
train13,S,webcam_r,webcam_l,eye39(inner corner),2.686,2.361
train13,S,webcam_r,webcam_l,eye89(inner corner),3.334,2.850
train13,S,webcam_r,webcam_l,eye93(outer corner),1.532,1.655
train13,S,webcam_r,webcam_l,nose78(base of nose),2.823,3.371
train13,S,webcam_r,webcam_l,nose84(base of nose),3.488,3.364
train13,T,webcam_r,webcam_l,eye35(outer corner),0.733,0.762
train13,T,webcam_r,webcam_l,eye39(inner corner),2.287,2.175
train13,T,webcam_r,webcam_l,eye89(inner corner),2.911,2.749
train13,T,webcam_r,webcam_l,eye93(outer corner),1.945,2.039
train13,T,webcam_r,webcam_l,nose78(base of nose),3.020,3.664
train13,T,webcam_r,webcam_l,nose84(base of nose),3.999,3.426
train15,S,webcam_c,basler,eye35(outer corner),0.697,2.013
train15,S,webcam_c,basler,eye39(inner corner),4.092,3.363
train15,S,webcam_c,basler,eye89(inner corner),1.214,0.983
train15,S,webcam_c,basler,eye93(outer corner),1.762,1.618
train15,S,webcam_c,basler,nose78(base of nose),1.692,1.190
train15,S,webcam_c,basler,nose84(base of nose),0.716,0.846
train15,T,webcam_c,basler,eye35(outer corner),0.862,1.843
train15,T,webcam_c,basler,eye39(inner corner),3.423,2.620
train15,T,webcam_c,basler,eye89(inner corner),1.679,0.883
train15,T,webcam_c,basler,eye93(outer corner),1.210,1.117
train15,T,webcam_c,basler,nose78(base of nose),1.093,1.083
train15,T,webcam_c,basler,nose84(base of nose),2.740,1.618
train15,S,webcam_l,basler,eye35(outer corner),1.197,1.136
train15,S,webcam_l,basler,eye39(inner corner),3.575,2.665
train15,S,webcam_l,basler,eye89(inner corner),1.306,1.562
train15,S,webcam_l,basler,eye93(outer corner),0.693,0.534
train15,S,webcam_l,basler,nose78(base of nose),0.593,1.469
train15,S,webcam_l,basler,nose84(base of nose),2.186,1.478
train15,T,webcam_l,basler,eye35(outer corner),0.741,1.152
train15,T,webcam_l,basler,eye39(inner corner),3.076,2.729
train15,T,webcam_l,basler,eye89(inner corner),1.556,1.624
train15,T,webcam_l,basler,eye93(outer corner),0.081,0.214
train15,T,webcam_l,basler,nose78(base of nose),0.713,1.039
train15,T,webcam_l,basler,nose84(base of nose),1.057,0.916
train15,S,webcam_l,webcam_c,eye35(outer corner),1.227,1.158
train15,S,webcam_l,webcam_c,eye39(inner corner),1.238,0.884
train15,S,webcam_l,webcam_c,eye89(inner corner),1.799,2.229
train15,S,webcam_l,webcam_c,eye93(outer corner),1.877,1.501
train15,S,webcam_l,webcam_c,nose78(base of nose),1.158,0.852
train15,S,webcam_l,webcam_c,nose84(base of nose),2.783,1.025
train15,T,webcam_l,webcam_c,eye35(outer corner),0.433,0.833
train15,T,webcam_l,webcam_c,eye39(inner corner),1.020,0.959
train15,T,webcam_l,webcam_c,eye89(inner corner),2.750,1.894
train15,T,webcam_l,webcam_c,eye93(outer corner),1.242,1.166
train15,T,webcam_l,webcam_c,nose78(base of nose),0.686,1.930
train15,T,webcam_l,webcam_c,nose84(base of nose),3.738,2.296
train15,S,webcam_r,basler,eye35(outer corner),3.296,2.944
train15,S,webcam_r,basler,eye39(inner corner),2.052,2.029
train15,S,webcam_r,basler,eye89(inner corner),3.656,3.299
train15,S,webcam_r,basler,eye93(outer corner),1.195,1.784
train15,S,webcam_r,basler,nose78(base of nose),3.127,2.851
train15,S,webcam_r,basler,nose84(base of nose),2.714,3.256
train15,T,webcam_r,basler,eye35(outer corner),3.484,3.078
train15,T,webcam_r,basler,eye39(inner corner),2.050,2.224
train15,T,webcam_r,basler,eye89(inner corner),2.437,2.453
train15,T,webcam_r,basler,eye93(outer corner),0.921,0.996
train15,T,webcam_r,basler,nose78(base of nose),4.326,4.054
train15,T,webcam_r,basler,nose84(base of nose),4.167,4.562
train15,S,webcam_r,webcam_c,eye35(outer corner),2.764,1.566
train15,S,webcam_r,webcam_c,eye39(inner corner),2.541,1.659
train15,S,webcam_r,webcam_c,eye89(inner corner),3.201,3.038
train15,S,webcam_r,webcam_c,eye93(outer corner),0.579,0.102
train15,S,webcam_r,webcam_c,nose78(base of nose),4.576,3.616
train15,S,webcam_r,webcam_c,nose84(base of nose),2.514,4.066
train15,T,webcam_r,webcam_c,eye35(outer corner),2.797,1.949
train15,T,webcam_r,webcam_c,eye39(inner corner),1.841,0.762
train15,T,webcam_r,webcam_c,eye89(inner corner),1.812,2.506
train15,T,webcam_r,webcam_c,eye93(outer corner),1.634,0.519
train15,T,webcam_r,webcam_c,nose78(base of nose),5.287,3.473
train15,T,webcam_r,webcam_c,nose84(base of nose),2.555,3.900
train15,S,webcam_r,webcam_l,eye35(outer corner),3.617,2.097
train15,S,webcam_r,webcam_l,eye39(inner corner),2.626,1.421
train15,S,webcam_r,webcam_l,eye89(inner corner),4.825,4.865
train15,S,webcam_r,webcam_l,eye93(outer corner),1.371,1.664
train15,S,webcam_r,webcam_l,nose78(base of nose),3.509,4.144
train15,S,webcam_r,webcam_l,nose84(base of nose),4.711,4.692
train15,T,webcam_r,webcam_l,eye35(outer corner),2.881,2.060
train15,T,webcam_r,webcam_l,eye39(inner corner),2.110,1.564
train15,T,webcam_r,webcam_l,eye89(inner corner),3.935,4.061
train15,T,webcam_r,webcam_l,eye93(outer corner),0.898,1.005
train15,T,webcam_r,webcam_l,nose78(base of nose),4.996,4.981
train15,T,webcam_r,webcam_l,nose84(base of nose),5.186,5.503
train17,S,webcam_c,basler,eye35(outer corner),0.420,0.953
train17,S,webcam_c,basler,eye39(inner corner),1.742,1.842
train17,S,webcam_c,basler,eye89(inner corner),2.182,0.730
train17,S,webcam_c,basler,eye93(outer corner),4.485,1.511
train17,S,webcam_c,basler,nose78(base of nose),1.230,1.371
train17,S,webcam_c,basler,nose84(base of nose),1.308,0.324
train17,T,webcam_c,basler,eye35(outer corner),1.727,1.094
train17,T,webcam_c,basler,eye39(inner corner),1.269,1.330
train17,T,webcam_c,basler,eye89(inner corner),1.572,1.346
train17,T,webcam_c,basler,eye93(outer corner),1.024,1.098
train17,T,webcam_c,basler,nose78(base of nose),1.927,1.866
train17,T,webcam_c,basler,nose84(base of nose),1.255,1.661
train17,S,webcam_l,basler,eye35(outer corner),1.281,1.583
train17,S,webcam_l,basler,eye39(inner corner),1.232,1.082
train17,S,webcam_l,basler,eye89(inner corner),2.544,2.263
train17,S,webcam_l,basler,eye93(outer corner),0.727,0.895
train17,S,webcam_l,basler,nose78(base of nose),1.673,2.438
train17,S,webcam_l,basler,nose84(base of nose),3.336,2.586
train17,T,webcam_l,basler,eye35(outer corner),1.340,1.579
train17,T,webcam_l,basler,eye39(inner corner),1.309,1.146
train17,T,webcam_l,basler,eye89(inner corner),2.500,2.310
train17,T,webcam_l,basler,eye93(outer corner),1.089,1.268
train17,T,webcam_l,basler,nose78(base of nose),1.031,1.582
train17,T,webcam_l,basler,nose84(base of nose),2.249,1.671
train17,S,webcam_l,webcam_c,eye35(outer corner),1.439,0.921
train17,S,webcam_l,webcam_c,eye39(inner corner),0.886,0.908
train17,S,webcam_l,webcam_c,eye89(inner corner),4.401,1.915
train17,S,webcam_l,webcam_c,eye93(outer corner),4.019,1.000
train17,S,webcam_l,webcam_c,nose78(base of nose),1.298,2.418
train17,S,webcam_l,webcam_c,nose84(base of nose),2.229,2.380
train17,T,webcam_l,webcam_c,eye35(outer corner),2.922,2.582
train17,T,webcam_l,webcam_c,eye39(inner corner),1.364,1.396
train17,T,webcam_l,webcam_c,eye89(inner corner),3.782,3.395
train17,T,webcam_l,webcam_c,eye93(outer corner),1.011,1.675
train17,T,webcam_l,webcam_c,nose78(base of nose),2.472,2.888
train17,T,webcam_l,webcam_c,nose84(base of nose),3.319,3.242
train17,S,webcam_r,basler,eye35(outer corner),0.691,0.940
train17,S,webcam_r,basler,eye39(inner corner),0.946,0.962
train17,S,webcam_r,basler,eye89(inner corner),1.407,1.689
train17,S,webcam_r,basler,eye93(outer corner),1.154,1.012
train17,S,webcam_r,basler,nose78(base of nose),4.165,3.444
train17,S,webcam_r,basler,nose84(base of nose),3.098,3.439
train17,T,webcam_r,basler,eye35(outer corner),0.918,0.927
train17,T,webcam_r,basler,eye39(inner corner),0.848,0.812
train17,T,webcam_r,basler,eye89(inner corner),1.486,1.577
train17,T,webcam_r,basler,eye93(outer corner),0.594,0.648
train17,T,webcam_r,basler,nose78(base of nose),3.200,2.998
train17,T,webcam_r,basler,nose84(base of nose),2.791,2.929
train17,S,webcam_r,webcam_c,eye35(outer corner),0.918,1.867
train17,S,webcam_r,webcam_c,eye39(inner corner),1.103,1.127
train17,S,webcam_r,webcam_c,eye89(inner corner),1.967,1.885
train17,S,webcam_r,webcam_c,eye93(outer corner),4.975,1.540
train17,S,webcam_r,webcam_c,nose78(base of nose),4.993,3.823
train17,S,webcam_r,webcam_c,nose84(base of nose),4.314,3.677
train17,T,webcam_r,webcam_c,eye35(outer corner),1.255,0.755
train17,T,webcam_r,webcam_c,eye39(inner corner),1.089,1.314
train17,T,webcam_r,webcam_c,eye89(inner corner),1.231,1.137
train17,T,webcam_r,webcam_c,eye93(outer corner),0.593,0.972
train17,T,webcam_r,webcam_c,nose78(base of nose),1.698,1.626
train17,T,webcam_r,webcam_c,nose84(base of nose),1.942,1.551
train17,S,webcam_r,webcam_l,eye35(outer corner),1.893,2.489
train17,S,webcam_r,webcam_l,eye39(inner corner),0.675,0.813
train17,S,webcam_r,webcam_l,eye89(inner corner),3.508,3.647
train17,S,webcam_r,webcam_l,eye93(outer corner),1.427,1.158
train17,S,webcam_r,webcam_l,nose78(base of nose),5.768,5.807
train17,S,webcam_r,webcam_l,nose84(base of nose),6.400,5.972
train17,T,webcam_r,webcam_l,eye35(outer corner),2.233,2.466
train17,T,webcam_r,webcam_l,eye39(inner corner),0.796,0.736
train17,T,webcam_r,webcam_l,eye89(inner corner),3.682,3.614
train17,T,webcam_r,webcam_l,eye93(outer corner),1.061,1.080
train17,T,webcam_r,webcam_l,nose78(base of nose),4.001,4.398
train17,T,webcam_r,webcam_l,nose84(base of nose),5.036,4.567
train16,S,webcam_c,basler,eye35(outer corner),2.144,1.570
train16,S,webcam_c,basler,eye39(inner corner),2.315,1.763
train16,S,webcam_c,basler,eye89(inner corner),3.089,3.554
train16,S,webcam_c,basler,eye93(outer corner),3.096,2.725
train16,S,webcam_c,basler,nose78(base of nose),1.297,0.886
train16,S,webcam_c,basler,nose84(base of nose),0.606,0.936
train16,T,webcam_c,basler,eye35(outer corner),0.840,0.930
train16,T,webcam_c,basler,eye39(inner corner),2.007,1.892
train16,T,webcam_c,basler,eye89(inner corner),2.899,2.904
train16,T,webcam_c,basler,eye93(outer corner),2.181,2.165
train16,T,webcam_c,basler,nose78(base of nose),1.060,1.172
train16,T,webcam_c,basler,nose84(base of nose),0.896,0.765
train16,S,webcam_l,basler,eye35(outer corner),1.870,1.375
train16,S,webcam_l,basler,eye39(inner corner),1.304,1.166
train16,S,webcam_l,basler,eye89(inner corner),3.671,3.757
train16,S,webcam_l,basler,eye93(outer corner),2.202,2.103
train16,S,webcam_l,basler,nose78(base of nose),1.710,2.148
train16,S,webcam_l,basler,nose84(base of nose),2.131,1.816
train16,T,webcam_l,basler,eye35(outer corner),1.287,1.179
train16,T,webcam_l,basler,eye39(inner corner),1.121,1.159
train16,T,webcam_l,basler,eye89(inner corner),3.586,3.366
train16,T,webcam_l,basler,eye93(outer corner),1.785,1.974
train16,T,webcam_l,basler,nose78(base of nose),1.331,2.035
train16,T,webcam_l,basler,nose84(base of nose),2.369,1.660
train16,S,webcam_l,webcam_c,eye35(outer corner),0.463,0.804
train16,S,webcam_l,webcam_c,eye39(inner corner),1.211,0.873
train16,S,webcam_l,webcam_c,eye89(inner corner),1.252,0.774
train16,S,webcam_l,webcam_c,eye93(outer corner),1.625,1.144
train16,S,webcam_l,webcam_c,nose78(base of nose),1.238,1.752
train16,S,webcam_l,webcam_c,nose84(base of nose),2.415,2.040
train16,T,webcam_l,webcam_c,eye35(outer corner),1.231,1.282
train16,T,webcam_l,webcam_c,eye39(inner corner),1.362,1.189
train16,T,webcam_l,webcam_c,eye89(inner corner),1.381,1.015
train16,T,webcam_l,webcam_c,eye93(outer corner),0.779,0.902
train16,T,webcam_l,webcam_c,nose78(base of nose),0.644,1.285
train16,T,webcam_l,webcam_c,nose84(base of nose),1.975,1.560
train16,S,webcam_r,basler,eye35(outer corner),0.991,0.873
train16,S,webcam_r,basler,eye39(inner corner),1.938,1.882
train16,S,webcam_r,basler,eye89(inner corner),2.586,2.800
train16,S,webcam_r,basler,eye93(outer corner),3.145,2.852
train16,S,webcam_r,basler,nose78(base of nose),2.626,2.273
train16,S,webcam_r,basler,nose84(base of nose),1.816,2.307
train16,T,webcam_r,basler,eye35(outer corner),1.548,1.012
train16,T,webcam_r,basler,eye39(inner corner),1.740,1.809
train16,T,webcam_r,basler,eye89(inner corner),2.185,2.070
train16,T,webcam_r,basler,eye93(outer corner),2.229,2.194
train16,T,webcam_r,basler,nose78(base of nose),2.405,2.204
train16,T,webcam_r,basler,nose84(base of nose),1.690,2.103
train16,S,webcam_r,webcam_c,eye35(outer corner),2.215,1.254
train16,S,webcam_r,webcam_c,eye39(inner corner),1.218,0.700
train16,S,webcam_r,webcam_c,eye89(inner corner),1.056,1.042
train16,S,webcam_r,webcam_c,eye93(outer corner),0.713,0.757
train16,S,webcam_r,webcam_c,nose78(base of nose),2.454,2.264
train16,S,webcam_r,webcam_c,nose84(base of nose),1.471,2.042
train16,T,webcam_r,webcam_c,eye35(outer corner),1.380,0.919
train16,T,webcam_r,webcam_c,eye39(inner corner),1.037,0.713
train16,T,webcam_r,webcam_c,eye89(inner corner),1.180,1.143
train16,T,webcam_r,webcam_c,eye93(outer corner),0.640,0.779
train16,T,webcam_r,webcam_c,nose78(base of nose),2.380,2.256
train16,T,webcam_r,webcam_c,nose84(base of nose),1.798,2.095
train16,S,webcam_r,webcam_l,eye35(outer corner),2.129,1.516
train16,S,webcam_r,webcam_l,eye39(inner corner),1.420,1.386
train16,S,webcam_r,webcam_l,eye89(inner corner),1.662,1.507
train16,S,webcam_r,webcam_l,eye93(outer corner),2.104,1.534
train16,S,webcam_r,webcam_l,nose78(base of nose),3.671,4.004
train16,S,webcam_r,webcam_l,nose84(base of nose),3.870,3.985
train16,T,webcam_r,webcam_l,eye35(outer corner),2.520,1.871
train16,T,webcam_r,webcam_l,eye39(inner corner),1.157,1.225
train16,T,webcam_r,webcam_l,eye89(inner corner),1.983,1.765
train16,T,webcam_r,webcam_l,eye93(outer corner),1.163,1.056
train16,T,webcam_r,webcam_l,nose78(base of nose),3.024,3.558
train16,T,webcam_r,webcam_l,nose84(base of nose),3.761,3.608
train19,S,webcam_c,basler,eye35(outer corner),0.951,0.749
train19,S,webcam_c,basler,eye39(inner corner),1.279,0.876
train19,S,webcam_c,basler,eye89(inner corner),1.072,1.937
train19,S,webcam_c,basler,eye93(outer corner),4.266,2.097
train19,S,webcam_c,basler,nose78(base of nose),0.129,0.505
train19,S,webcam_c,basler,nose84(base of nose),0.839,0.522
train19,T,webcam_c,basler,eye35(outer corner),1.191,1.447
train19,T,webcam_c,basler,eye39(inner corner),1.708,1.690
train19,T,webcam_c,basler,eye89(inner corner),1.714,1.965
train19,T,webcam_c,basler,eye93(outer corner),2.090,1.503
train19,T,webcam_c,basler,nose78(base of nose),0.327,0.871
train19,T,webcam_c,basler,nose84(base of nose),1.984,1.267
train19,S,webcam_l,basler,eye35(outer corner),1.765,0.646
train19,S,webcam_l,basler,eye39(inner corner),3.212,1.981
train19,S,webcam_l,basler,eye89(inner corner),1.355,2.439
train19,S,webcam_l,basler,eye93(outer corner),2.064,1.223
train19,S,webcam_l,basler,nose78(base of nose),1.460,1.964
train19,S,webcam_l,basler,nose84(base of nose),2.198,1.711
train19,T,webcam_l,basler,eye35(outer corner),0.478,0.513
train19,T,webcam_l,basler,eye39(inner corner),1.290,1.354
train19,T,webcam_l,basler,eye89(inner corner),2.313,2.095
train19,T,webcam_l,basler,eye93(outer corner),0.742,0.801
train19,T,webcam_l,basler,nose78(base of nose),1.378,2.040
train19,T,webcam_l,basler,nose84(base of nose),2.612,2.046
train19,S,webcam_l,webcam_c,eye35(outer corner),1.132,0.196
train19,S,webcam_l,webcam_c,eye39(inner corner),2.481,2.132
train19,S,webcam_l,webcam_c,eye89(inner corner),1.680,1.034
train19,S,webcam_l,webcam_c,eye93(outer corner),2.521,1.305
train19,S,webcam_l,webcam_c,nose78(base of nose),1.373,2.021
train19,S,webcam_l,webcam_c,nose84(base of nose),1.613,1.946
train19,T,webcam_l,webcam_c,eye35(outer corner),0.891,1.076
train19,T,webcam_l,webcam_c,eye39(inner corner),2.416,2.483
train19,T,webcam_l,webcam_c,eye89(inner corner),1.400,0.971
train19,T,webcam_l,webcam_c,eye93(outer corner),2.077,1.242
train19,T,webcam_l,webcam_c,nose78(base of nose),1.146,1.324
train19,T,webcam_l,webcam_c,nose84(base of nose),0.958,1.256
train19,S,webcam_r,basler,eye35(outer corner),0.204,1.889
train19,S,webcam_r,basler,eye39(inner corner),3.473,2.159
train19,S,webcam_r,basler,eye89(inner corner),2.393,1.630
train19,S,webcam_r,basler,eye93(outer corner),1.834,1.443
train19,S,webcam_r,basler,nose78(base of nose),2.353,2.284
train19,S,webcam_r,basler,nose84(base of nose),2.225,2.139
train19,T,webcam_r,basler,eye35(outer corner),1.587,1.763
train19,T,webcam_r,basler,eye39(inner corner),2.035,1.988
train19,T,webcam_r,basler,eye89(inner corner),1.977,2.108
train19,T,webcam_r,basler,eye93(outer corner),1.805,1.545
train19,T,webcam_r,basler,nose78(base of nose),1.996,1.809
train19,T,webcam_r,basler,nose84(base of nose),1.785,1.873
train19,S,webcam_r,webcam_c,eye35(outer corner),0.804,2.171
train19,S,webcam_r,webcam_c,eye39(inner corner),2.337,1.803
train19,S,webcam_r,webcam_c,eye89(inner corner),2.234,2.822
train19,S,webcam_r,webcam_c,eye93(outer corner),3.386,1.751
train19,S,webcam_r,webcam_c,nose78(base of nose),2.439,1.967
train19,S,webcam_r,webcam_c,nose84(base of nose),2.524,1.929
train19,T,webcam_r,webcam_c,eye35(outer corner),2.464,2.908
train19,T,webcam_r,webcam_c,eye39(inner corner),2.494,2.517
train19,T,webcam_r,webcam_c,eye89(inner corner),2.686,3.249
train19,T,webcam_r,webcam_c,eye93(outer corner),3.048,2.043
train19,T,webcam_r,webcam_c,nose78(base of nose),2.143,2.302
train19,T,webcam_r,webcam_c,nose84(base of nose),3.165,2.411
train19,S,webcam_r,webcam_l,eye35(outer corner),1.675,2.025
train19,S,webcam_r,webcam_l,eye39(inner corner),2.339,2.213
train19,S,webcam_r,webcam_l,eye89(inner corner),3.662,3.688
train19,S,webcam_r,webcam_l,eye93(outer corner),1.738,1.699
train19,S,webcam_r,webcam_l,nose78(base of nose),3.811,3.908
train19,S,webcam_r,webcam_l,nose84(base of nose),4.115,3.846
train19,T,webcam_r,webcam_l,eye35(outer corner),1.884,2.117
train19,T,webcam_r,webcam_l,eye39(inner corner),2.249,2.201
train19,T,webcam_r,webcam_l,eye89(inner corner),3.885,3.875
train19,T,webcam_r,webcam_l,eye93(outer corner),2.020,1.971
train19,T,webcam_r,webcam_l,nose78(base of nose),3.268,3.622
train19,T,webcam_r,webcam_l,nose84(base of nose),4.034,3.574
train23,S,webcam_l,webcam_c,eye35(outer corner),0.764,0.425
train23,S,webcam_l,webcam_c,eye39(inner corner),0.745,0.803
train23,S,webcam_l,webcam_c,eye89(inner corner),0.593,0.496
train23,S,webcam_l,webcam_c,eye93(outer corner),0.573,0.680
train23,S,webcam_l,webcam_c,nose78(base of nose),0.608,0.733
train23,S,webcam_l,webcam_c,nose84(base of nose),1.279,0.829
train23,T,webcam_l,webcam_c,eye35(outer corner),0.611,0.356
train23,T,webcam_l,webcam_c,eye39(inner corner),0.954,0.931
train23,T,webcam_l,webcam_c,eye89(inner corner),0.867,1.137
train23,T,webcam_l,webcam_c,eye93(outer corner),1.717,1.224
train23,T,webcam_l,webcam_c,nose78(base of nose),0.881,1.016
train23,T,webcam_l,webcam_c,nose84(base of nose),1.077,1.230
train23,S,webcam_r,webcam_c,eye35(outer corner),0.548,0.657
train23,S,webcam_r,webcam_c,eye39(inner corner),0.884,1.244
train23,S,webcam_r,webcam_c,eye89(inner corner),0.440,0.679
train23,S,webcam_r,webcam_c,eye93(outer corner),3.047,2.163
train23,S,webcam_r,webcam_c,nose78(base of nose),5.965,4.216
train23,S,webcam_r,webcam_c,nose84(base of nose),2.473,4.337
train23,T,webcam_r,webcam_c,eye35(outer corner),1.356,0.949
train23,T,webcam_r,webcam_c,eye39(inner corner),1.753,1.272
train23,T,webcam_r,webcam_c,eye89(inner corner),0.758,0.855
train23,T,webcam_r,webcam_c,eye93(outer corner),0.787,1.560
train23,T,webcam_r,webcam_c,nose78(base of nose),5.553,4.582
train23,T,webcam_r,webcam_c,nose84(base of nose),3.766,4.590
train23,S,webcam_r,webcam_l,eye35(outer corner),1.073,0.796
train23,S,webcam_r,webcam_l,eye39(inner corner),1.291,1.336
train23,S,webcam_r,webcam_l,eye89(inner corner),0.520,0.869
train23,S,webcam_r,webcam_l,eye93(outer corner),3.260,2.402
train23,S,webcam_r,webcam_l,nose78(base of nose),5.711,4.665
train23,S,webcam_r,webcam_l,nose84(base of nose),3.701,5.005
train23,T,webcam_r,webcam_l,eye35(outer corner),1.871,1.195
train23,T,webcam_r,webcam_l,eye39(inner corner),1.849,1.461
train23,T,webcam_r,webcam_l,eye89(inner corner),0.885,0.594
train23,T,webcam_r,webcam_l,eye93(outer corner),2.259,2.402
train23,T,webcam_r,webcam_l,nose78(base of nose),6.390,5.530
train23,T,webcam_r,webcam_l,nose84(base of nose),4.787,5.787
train25,S,webcam_c,basler,eye35(outer corner),1.958,1.733
train25,S,webcam_c,basler,eye39(inner corner),2.665,2.585
train25,S,webcam_c,basler,eye89(inner corner),2.811,2.205
train25,S,webcam_c,basler,eye93(outer corner),2.549,3.544
train25,S,webcam_c,basler,nose78(base of nose),4.612,4.328
train25,S,webcam_c,basler,nose84(base of nose),3.877,3.740
train25,T,webcam_c,basler,eye35(outer corner),3.714,3.049
train25,T,webcam_c,basler,eye39(inner corner),2.597,2.989
train25,T,webcam_c,basler,eye89(inner corner),3.568,3.858
train25,T,webcam_c,basler,eye93(outer corner),3.585,3.379
train25,T,webcam_c,basler,nose78(base of nose),1.595,1.431
train25,T,webcam_c,basler,nose84(base of nose),1.210,1.137
train25,S,webcam_l,basler,eye35(outer corner),1.522,1.896
train25,S,webcam_l,basler,eye39(inner corner),1.175,1.169
train25,S,webcam_l,basler,eye89(inner corner),1.892,1.496
train25,S,webcam_l,basler,eye93(outer corner),1.094,0.949
train25,S,webcam_l,basler,nose78(base of nose),4.177,4.535
train25,S,webcam_l,basler,nose84(base of nose),4.964,4.520
train25,T,webcam_l,basler,eye35(outer corner),1.805,2.111
train25,T,webcam_l,basler,eye39(inner corner),1.327,1.304
train25,T,webcam_l,basler,eye89(inner corner),1.230,1.539
train25,T,webcam_l,basler,eye93(outer corner),1.357,1.106
train25,T,webcam_l,basler,nose78(base of nose),3.435,3.485
train25,T,webcam_l,basler,nose84(base of nose),3.803,3.404
train25,S,webcam_l,webcam_c,eye35(outer corner),1.984,2.341
train25,S,webcam_l,webcam_c,eye39(inner corner),2.500,2.004
train25,S,webcam_l,webcam_c,eye89(inner corner),4.435,3.535
train25,S,webcam_l,webcam_c,eye93(outer corner),1.482,2.653
train25,S,webcam_l,webcam_c,nose78(base of nose),0.937,0.574
train25,S,webcam_l,webcam_c,nose84(base of nose),1.746,1.711
train25,T,webcam_l,webcam_c,eye35(outer corner),4.796,4.468
train25,T,webcam_l,webcam_c,eye39(inner corner),2.530,2.889
train25,T,webcam_l,webcam_c,eye89(inner corner),4.658,5.331
train25,T,webcam_l,webcam_c,eye93(outer corner),3.947,3.000
train25,T,webcam_l,webcam_c,nose78(base of nose),4.269,3.563
train25,T,webcam_l,webcam_c,nose84(base of nose),3.664,4.132
train25,S,webcam_r,basler,eye35(outer corner),1.460,1.078
train25,S,webcam_r,basler,eye39(inner corner),1.215,1.657
train25,S,webcam_r,basler,eye89(inner corner),0.905,1.066
train25,S,webcam_r,basler,eye93(outer corner),1.661,1.793
train25,S,webcam_r,basler,nose78(base of nose),3.614,3.225
train25,S,webcam_r,basler,nose84(base of nose),3.648,3.594
train25,T,webcam_r,basler,eye35(outer corner),1.959,1.549
train25,T,webcam_r,basler,eye39(inner corner),2.160,2.462
train25,T,webcam_r,basler,eye89(inner corner),1.224,1.418
train25,T,webcam_r,basler,eye93(outer corner),2.284,2.179
train25,T,webcam_r,basler,nose78(base of nose),2.085,1.982
train25,T,webcam_r,basler,nose84(base of nose),2.248,2.211
train25,S,webcam_r,webcam_c,eye35(outer corner),2.664,1.977
train25,S,webcam_r,webcam_c,eye39(inner corner),3.283,3.729
train25,S,webcam_r,webcam_c,eye89(inner corner),2.392,1.967
train25,S,webcam_r,webcam_c,eye93(outer corner),4.011,4.977
train25,S,webcam_r,webcam_c,nose78(base of nose),7.933,7.321
train25,S,webcam_r,webcam_c,nose84(base of nose),7.185,7.075
train25,T,webcam_r,webcam_c,eye35(outer corner),4.620,3.559
train25,T,webcam_r,webcam_c,eye39(inner corner),4.319,5.066
train25,T,webcam_r,webcam_c,eye89(inner corner),3.200,3.668
train25,T,webcam_r,webcam_c,eye93(outer corner),5.448,5.053
train25,T,webcam_r,webcam_c,nose78(base of nose),2.245,2.725
train25,T,webcam_r,webcam_c,nose84(base of nose),3.249,2.689
train25,S,webcam_r,webcam_l,eye35(outer corner),2.072,2.540
train25,S,webcam_r,webcam_l,eye39(inner corner),0.966,1.727
train25,S,webcam_r,webcam_l,eye89(inner corner),2.768,2.489
train25,S,webcam_r,webcam_l,eye93(outer corner),2.626,2.607
train25,S,webcam_r,webcam_l,nose78(base of nose),7.283,7.326
train25,S,webcam_r,webcam_l,nose84(base of nose),7.861,7.432
train25,T,webcam_r,webcam_l,eye35(outer corner),2.864,2.665
train25,T,webcam_r,webcam_l,eye39(inner corner),2.016,2.568
train25,T,webcam_r,webcam_l,eye89(inner corner),2.361,2.727
train25,T,webcam_r,webcam_l,eye93(outer corner),3.239,3.114
train25,T,webcam_r,webcam_l,nose78(base of nose),5.357,5.365
train25,T,webcam_r,webcam_l,nose84(base of nose),5.755,5.288
train22,S,webcam_l,webcam_c,eye35(outer corner),0.979,0.774
train22,S,webcam_l,webcam_c,eye39(inner corner),1.706,1.886
train22,S,webcam_l,webcam_c,eye89(inner corner),1.279,0.818
train22,S,webcam_l,webcam_c,eye93(outer corner),0.952,0.805
train22,S,webcam_l,webcam_c,nose78(base of nose),0.916,0.916
train22,S,webcam_l,webcam_c,nose84(base of nose),0.770,0.375
train22,T,webcam_l,webcam_c,eye35(outer corner),0.755,0.566
train22,T,webcam_l,webcam_c,eye39(inner corner),1.174,1.286
train22,T,webcam_l,webcam_c,eye89(inner corner),1.371,0.933
train22,T,webcam_l,webcam_c,eye93(outer corner),0.839,0.882
train22,T,webcam_l,webcam_c,nose78(base of nose),1.039,0.920
train22,T,webcam_l,webcam_c,nose84(base of nose),0.845,0.304
train22,S,webcam_r,webcam_c,eye35(outer corner),2.204,1.199
train22,S,webcam_r,webcam_c,eye39(inner corner),1.451,0.724
train22,S,webcam_r,webcam_c,eye89(inner corner),1.821,1.789
train22,S,webcam_r,webcam_c,eye93(outer corner),0.508,0.469
train22,S,webcam_r,webcam_c,nose78(base of nose),2.797,2.264
train22,S,webcam_r,webcam_c,nose84(base of nose),1.374,2.388
train22,T,webcam_r,webcam_c,eye35(outer corner),2.152,1.266
train22,T,webcam_r,webcam_c,eye39(inner corner),0.849,0.451
train22,T,webcam_r,webcam_c,eye89(inner corner),1.348,1.348
train22,T,webcam_r,webcam_c,eye93(outer corner),0.660,0.422
train22,T,webcam_r,webcam_c,nose78(base of nose),2.283,2.031
train22,T,webcam_r,webcam_c,nose84(base of nose),1.542,2.204
train22,S,webcam_r,webcam_l,eye35(outer corner),1.551,0.992
train22,S,webcam_r,webcam_l,eye39(inner corner),2.846,2.478
train22,S,webcam_r,webcam_l,eye89(inner corner),2.747,2.337
train22,S,webcam_r,webcam_l,eye93(outer corner),1.053,0.476
train22,S,webcam_r,webcam_l,nose78(base of nose),2.520,2.611
train22,S,webcam_r,webcam_l,nose84(base of nose),1.963,2.576
train22,T,webcam_r,webcam_l,eye35(outer corner),1.562,0.972
train22,T,webcam_r,webcam_l,eye39(inner corner),1.794,1.585
train22,T,webcam_r,webcam_l,eye89(inner corner),2.370,1.981
train22,T,webcam_r,webcam_l,eye93(outer corner),1.025,0.591
train22,T,webcam_r,webcam_l,nose78(base of nose),1.773,2.259
train22,T,webcam_r,webcam_l,nose84(base of nose),2.149,2.244
train18,S,webcam_c,basler,eye35(outer corner),3.323,2.175
train18,S,webcam_c,basler,eye39(inner corner),1.122,1.205
train18,S,webcam_c,basler,eye89(inner corner),1.016,0.888
train18,S,webcam_c,basler,eye93(outer corner),1.313,1.061
train18,S,webcam_c,basler,nose78(base of nose),2.613,2.657
train18,S,webcam_c,basler,nose84(base of nose),1.889,2.375
train18,T,webcam_c,basler,eye35(outer corner),1.772,1.816
train18,T,webcam_c,basler,eye39(inner corner),1.274,1.251
train18,T,webcam_c,basler,eye89(inner corner),0.807,0.565
train18,T,webcam_c,basler,eye93(outer corner),0.728,0.976
train18,T,webcam_c,basler,nose78(base of nose),2.999,2.846
train18,T,webcam_c,basler,nose84(base of nose),2.464,2.526
train18,S,webcam_l,basler,eye35(outer corner),1.041,1.206
train18,S,webcam_l,basler,eye39(inner corner),1.542,1.337
train18,S,webcam_l,basler,eye89(inner corner),1.072,0.942
train18,S,webcam_l,basler,eye93(outer corner),0.947,0.820
train18,S,webcam_l,basler,nose78(base of nose),2.795,2.919
train18,S,webcam_l,basler,nose84(base of nose),3.088,3.039
train18,T,webcam_l,basler,eye35(outer corner),1.514,1.492
train18,T,webcam_l,basler,eye39(inner corner),0.947,0.851
train18,T,webcam_l,basler,eye89(inner corner),0.831,0.646
train18,T,webcam_l,basler,eye93(outer corner),1.424,1.066
train18,T,webcam_l,basler,nose78(base of nose),3.310,3.738
train18,T,webcam_l,basler,nose84(base of nose),4.061,3.763
train18,S,webcam_l,webcam_c,eye35(outer corner),2.532,1.276
train18,S,webcam_l,webcam_c,eye39(inner corner),1.164,1.895
train18,S,webcam_l,webcam_c,eye89(inner corner),1.398,1.126
train18,S,webcam_l,webcam_c,eye93(outer corner),0.795,0.844
train18,S,webcam_l,webcam_c,nose78(base of nose),0.324,0.616
train18,S,webcam_l,webcam_c,nose84(base of nose),1.311,0.692
train18,T,webcam_l,webcam_c,eye35(outer corner),0.281,0.368
train18,T,webcam_l,webcam_c,eye39(inner corner),0.894,0.984
train18,T,webcam_l,webcam_c,eye89(inner corner),1.121,0.702
train18,T,webcam_l,webcam_c,eye93(outer corner),1.423,1.029
train18,T,webcam_l,webcam_c,nose78(base of nose),0.526,1.222
train18,T,webcam_l,webcam_c,nose84(base of nose),1.737,1.307
train18,S,webcam_r,basler,eye35(outer corner),1.159,1.019
train18,S,webcam_r,basler,eye39(inner corner),1.405,1.366
train18,S,webcam_r,basler,eye89(inner corner),1.042,1.039
train18,S,webcam_r,basler,eye93(outer corner),0.990,0.904
train18,S,webcam_r,basler,nose78(base of nose),2.824,2.215
train18,S,webcam_r,basler,nose84(base of nose),1.562,2.249
train18,T,webcam_r,basler,eye35(outer corner),1.096,0.851
train18,T,webcam_r,basler,eye39(inner corner),1.523,1.368
train18,T,webcam_r,basler,eye89(inner corner),1.099,1.197
train18,T,webcam_r,basler,eye93(outer corner),0.696,0.723
train18,T,webcam_r,basler,nose78(base of nose),2.361,2.096
train18,T,webcam_r,basler,nose84(base of nose),1.596,1.975
train18,S,webcam_r,webcam_c,eye35(outer corner),4.057,2.313
train18,S,webcam_r,webcam_c,eye39(inner corner),1.060,1.063
train18,S,webcam_r,webcam_c,eye89(inner corner),0.942,0.944
train18,S,webcam_r,webcam_c,eye93(outer corner),1.174,0.986
train18,S,webcam_r,webcam_c,nose78(base of nose),4.901,4.110
train18,S,webcam_r,webcam_c,nose84(base of nose),3.052,4.442
train18,T,webcam_r,webcam_c,eye35(outer corner),2.338,1.888
train18,T,webcam_r,webcam_c,eye39(inner corner),0.811,0.765
train18,T,webcam_r,webcam_c,eye89(inner corner),0.995,1.213
train18,T,webcam_r,webcam_c,eye93(outer corner),0.208,0.688
train18,T,webcam_r,webcam_c,nose78(base of nose),4.430,3.897
train18,T,webcam_r,webcam_c,nose84(base of nose),3.697,4.183
train18,S,webcam_r,webcam_l,eye35(outer corner),1.636,1.378
train18,S,webcam_r,webcam_l,eye39(inner corner),2.183,1.943
train18,S,webcam_r,webcam_l,eye89(inner corner),1.941,1.843
train18,S,webcam_r,webcam_l,eye93(outer corner),1.441,1.419
train18,S,webcam_r,webcam_l,nose78(base of nose),5.155,4.574
train18,S,webcam_r,webcam_l,nose84(base of nose),4.317,5.027
train18,T,webcam_r,webcam_l,eye35(outer corner),2.159,1.675
train18,T,webcam_r,webcam_l,eye39(inner corner),1.582,1.363
train18,T,webcam_r,webcam_l,eye89(inner corner),1.851,1.763
train18,T,webcam_r,webcam_l,eye93(outer corner),1.549,1.410
train18,T,webcam_r,webcam_l,nose78(base of nose),4.857,5.023
train18,T,webcam_r,webcam_l,nose84(base of nose),5.305,5.403
train20,S,webcam_c,basler,eye35(outer corner),0.906,1.233
train20,S,webcam_c,basler,eye39(inner corner),2.681,1.566
train20,S,webcam_c,basler,eye89(inner corner),3.743,1.451
train20,S,webcam_c,basler,eye93(outer corner),3.143,1.975
train20,S,webcam_c,basler,nose78(base of nose),1.505,0.852
train20,S,webcam_c,basler,nose84(base of nose),0.820,1.480
train20,T,webcam_c,basler,eye35(outer corner),0.821,0.578
train20,T,webcam_c,basler,eye39(inner corner),1.478,1.459
train20,T,webcam_c,basler,eye89(inner corner),2.028,1.179
train20,T,webcam_c,basler,eye93(outer corner),1.158,1.409
train20,T,webcam_c,basler,nose78(base of nose),1.139,1.613
train20,T,webcam_c,basler,nose84(base of nose),2.490,1.502
train20,S,webcam_l,basler,eye35(outer corner),1.518,1.757
train20,S,webcam_l,basler,eye39(inner corner),2.926,2.627
train20,S,webcam_l,basler,eye89(inner corner),1.743,1.637
train20,S,webcam_l,basler,eye93(outer corner),1.759,1.829
train20,S,webcam_l,basler,nose78(base of nose),2.241,1.912
train20,S,webcam_l,basler,nose84(base of nose),1.499,1.617
train20,T,webcam_l,basler,eye35(outer corner),0.860,0.729
train20,T,webcam_l,basler,eye39(inner corner),2.020,2.035
train20,T,webcam_l,basler,eye89(inner corner),2.019,1.810
train20,T,webcam_l,basler,eye93(outer corner),1.814,1.359
train20,T,webcam_l,basler,nose78(base of nose),1.494,2.380
train20,T,webcam_l,basler,nose84(base of nose),2.981,2.421
train20,S,webcam_l,webcam_c,eye35(outer corner),1.606,1.143
train20,S,webcam_l,webcam_c,eye39(inner corner),1.620,1.985
train20,S,webcam_l,webcam_c,eye89(inner corner),3.325,2.107
train20,S,webcam_l,webcam_c,eye93(outer corner),2.899,1.389
train20,S,webcam_l,webcam_c,nose78(base of nose),0.869,1.583
train20,S,webcam_l,webcam_c,nose84(base of nose),0.915,1.000
train20,T,webcam_l,webcam_c,eye35(outer corner),1.092,0.812
train20,T,webcam_l,webcam_c,eye39(inner corner),1.859,2.084
train20,T,webcam_l,webcam_c,eye89(inner corner),3.295,2.196
train20,T,webcam_l,webcam_c,eye93(outer corner),2.427,1.313
train20,T,webcam_l,webcam_c,nose78(base of nose),0.579,1.282
train20,T,webcam_l,webcam_c,nose84(base of nose),0.856,1.184
train20,S,webcam_r,basler,eye35(outer corner),1.813,2.409
train20,S,webcam_r,basler,eye39(inner corner),2.429,2.397
train20,S,webcam_r,basler,eye89(inner corner),3.416,3.487
train20,S,webcam_r,basler,eye93(outer corner),2.584,1.881
train20,S,webcam_r,basler,nose78(base of nose),4.679,3.988
train20,S,webcam_r,basler,nose84(base of nose),3.074,3.519
train20,T,webcam_r,basler,eye35(outer corner),1.601,1.762
train20,T,webcam_r,basler,eye39(inner corner),2.335,2.289
train20,T,webcam_r,basler,eye89(inner corner),2.564,2.902
train20,T,webcam_r,basler,eye93(outer corner),2.373,1.816
train20,T,webcam_r,basler,nose78(base of nose),2.770,2.509
train20,T,webcam_r,basler,nose84(base of nose),1.589,1.636
train20,S,webcam_r,webcam_c,eye35(outer corner),2.042,1.885
train20,S,webcam_r,webcam_c,eye39(inner corner),2.892,2.285
train20,S,webcam_r,webcam_c,eye89(inner corner),2.230,2.429
train20,S,webcam_r,webcam_c,eye93(outer corner),4.226,2.057
train20,S,webcam_r,webcam_c,nose78(base of nose),4.496,3.881
train20,S,webcam_r,webcam_c,nose84(base of nose),3.552,2.990
train20,T,webcam_r,webcam_c,eye35(outer corner),1.701,1.776
train20,T,webcam_r,webcam_c,eye39(inner corner),2.084,1.982
train20,T,webcam_r,webcam_c,eye89(inner corner),2.011,2.450
train20,T,webcam_r,webcam_c,eye93(outer corner),2.940,1.860
train20,T,webcam_r,webcam_c,nose78(base of nose),3.423,3.383
train20,T,webcam_r,webcam_c,nose84(base of nose),4.064,3.109
train20,S,webcam_r,webcam_l,eye35(outer corner),2.515,2.352
train20,S,webcam_r,webcam_l,eye39(inner corner),4.139,4.259
train20,S,webcam_r,webcam_l,eye89(inner corner),4.052,4.499
train20,S,webcam_r,webcam_l,eye93(outer corner),3.349,2.882
train20,S,webcam_r,webcam_l,nose78(base of nose),4.544,3.940
train20,S,webcam_r,webcam_l,nose84(base of nose),3.586,3.481
train20,T,webcam_r,webcam_l,eye35(outer corner),2.388,2.289
train20,T,webcam_r,webcam_l,eye39(inner corner),3.833,3.876
train20,T,webcam_r,webcam_l,eye89(inner corner),4.446,4.545
train20,T,webcam_r,webcam_l,eye93(outer corner),2.721,2.650
train20,T,webcam_r,webcam_l,nose78(base of nose),3.709,4.171
train20,T,webcam_r,webcam_l,nose84(base of nose),4.510,3.902
train24,S,webcam_c,basler,eye35(outer corner),0.500,1.308
train24,S,webcam_c,basler,eye39(inner corner),2.090,1.391
train24,S,webcam_c,basler,eye89(inner corner),1.348,0.963
train24,S,webcam_c,basler,eye93(outer corner),1.194,0.816
train24,S,webcam_c,basler,nose78(base of nose),1.803,1.720
train24,S,webcam_c,basler,nose84(base of nose),1.684,1.761
train24,T,webcam_c,basler,eye35(outer corner),0.921,0.859
train24,T,webcam_c,basler,eye39(inner corner),1.877,1.964
train24,T,webcam_c,basler,eye89(inner corner),1.934,2.076
train24,T,webcam_c,basler,eye93(outer corner),2.362,2.149
train24,T,webcam_c,basler,nose78(base of nose),2.885,2.327
train24,T,webcam_c,basler,nose84(base of nose),0.883,1.530
train24,S,webcam_l,basler,eye35(outer corner),1.497,0.782
train24,S,webcam_l,basler,eye39(inner corner),0.673,0.747
train24,S,webcam_l,basler,eye89(inner corner),1.303,1.264
train24,S,webcam_l,basler,eye93(outer corner),1.527,1.033
train24,S,webcam_l,basler,nose78(base of nose),1.497,2.112
train24,S,webcam_l,basler,nose84(base of nose),2.568,2.365
train24,T,webcam_l,basler,eye35(outer corner),1.328,1.175
train24,T,webcam_l,basler,eye39(inner corner),1.045,1.019
train24,T,webcam_l,basler,eye89(inner corner),1.624,1.511
train24,T,webcam_l,basler,eye93(outer corner),0.841,0.747
train24,T,webcam_l,basler,nose78(base of nose),2.168,2.699
train24,T,webcam_l,basler,nose84(base of nose),3.185,2.815
train24,S,webcam_l,webcam_c,eye35(outer corner),1.945,2.065
train24,S,webcam_l,webcam_c,eye39(inner corner),2.119,1.767
train24,S,webcam_l,webcam_c,eye89(inner corner),1.428,0.767
train24,S,webcam_l,webcam_c,eye93(outer corner),2.489,1.395
train24,S,webcam_l,webcam_c,nose78(base of nose),2.771,3.438
train24,S,webcam_l,webcam_c,nose84(base of nose),4.065,3.842
train24,T,webcam_l,webcam_c,eye35(outer corner),0.868,0.674
train24,T,webcam_l,webcam_c,eye39(inner corner),1.655,1.689
train24,T,webcam_l,webcam_c,eye89(inner corner),0.924,1.094
train24,T,webcam_l,webcam_c,eye93(outer corner),2.689,2.211
train24,T,webcam_l,webcam_c,nose78(base of nose),4.447,4.253
train24,T,webcam_l,webcam_c,nose84(base of nose),3.697,4.110
train24,S,webcam_r,basler,eye35(outer corner),3.132,1.250
train24,S,webcam_r,basler,eye39(inner corner),1.547,1.064
train24,S,webcam_r,basler,eye89(inner corner),1.802,1.317
train24,S,webcam_r,basler,eye93(outer corner),1.789,0.798
train24,S,webcam_r,basler,nose78(base of nose),2.021,2.901
train24,S,webcam_r,basler,nose84(base of nose),2.723,2.863
train24,T,webcam_r,basler,eye35(outer corner),1.640,0.830
train24,T,webcam_r,basler,eye39(inner corner),1.771,1.518
train24,T,webcam_r,basler,eye89(inner corner),1.065,0.955
train24,T,webcam_r,basler,eye93(outer corner),1.720,1.368
train24,T,webcam_r,basler,nose78(base of nose),4.403,4.082
train24,T,webcam_r,basler,nose84(base of nose),3.434,4.098
train24,S,webcam_r,webcam_c,eye35(outer corner),2.699,0.841
train24,S,webcam_r,webcam_c,eye39(inner corner),3.060,1.454
train24,S,webcam_r,webcam_c,eye89(inner corner),1.692,1.814
train24,S,webcam_r,webcam_c,eye93(outer corner),1.027,0.375
train24,S,webcam_r,webcam_c,nose78(base of nose),0.587,1.341
train24,S,webcam_r,webcam_c,nose84(base of nose),1.292,1.567
train24,T,webcam_r,webcam_c,eye35(outer corner),2.309,1.608
train24,T,webcam_r,webcam_c,eye39(inner corner),0.749,0.787
train24,T,webcam_r,webcam_c,eye89(inner corner),2.761,2.799
train24,T,webcam_r,webcam_c,eye93(outer corner),0.918,1.044
train24,T,webcam_r,webcam_c,nose78(base of nose),1.954,2.382
train24,T,webcam_r,webcam_c,nose84(base of nose),2.814,2.675
train24,S,webcam_r,webcam_l,eye35(outer corner),4.620,2.066
train24,S,webcam_r,webcam_l,eye39(inner corner),1.938,1.510
train24,S,webcam_r,webcam_l,eye89(inner corner),2.800,2.347
train24,S,webcam_r,webcam_l,eye93(outer corner),3.213,1.608
train24,S,webcam_r,webcam_l,nose78(base of nose),3.181,4.773
train24,S,webcam_r,webcam_l,nose84(base of nose),5.237,5.163
train24,T,webcam_r,webcam_l,eye35(outer corner),2.935,2.039
train24,T,webcam_r,webcam_l,eye39(inner corner),1.930,1.695
train24,T,webcam_r,webcam_l,eye89(inner corner),2.613,2.372
train24,T,webcam_r,webcam_l,eye93(outer corner),2.274,1.706
train24,T,webcam_r,webcam_l,nose78(base of nose),6.260,6.513
train24,T,webcam_r,webcam_l,nose84(base of nose),6.469,6.739
train26,S,webcam_c,basler,eye35(outer corner),1.749,2.391
train26,S,webcam_c,basler,eye39(inner corner),4.387,3.956
train26,S,webcam_c,basler,eye89(inner corner),0.749,0.829
train26,S,webcam_c,basler,eye93(outer corner),2.117,2.024
train26,S,webcam_c,basler,nose78(base of nose),2.113,1.913
train26,S,webcam_c,basler,nose84(base of nose),1.910,2.143
train26,T,webcam_c,basler,eye35(outer corner),1.507,2.016
train26,T,webcam_c,basler,eye39(inner corner),3.487,3.067
train26,T,webcam_c,basler,eye89(inner corner),0.773,0.704
train26,T,webcam_c,basler,eye93(outer corner),1.791,1.906
train26,T,webcam_c,basler,nose78(base of nose),1.786,1.477
train26,T,webcam_c,basler,nose84(base of nose),1.933,2.026
train26,S,webcam_l,basler,eye35(outer corner),1.181,1.166
train26,S,webcam_l,basler,eye39(inner corner),1.392,1.423
train26,S,webcam_l,basler,eye89(inner corner),1.622,1.667
train26,S,webcam_l,basler,eye93(outer corner),1.230,0.997
train26,S,webcam_l,basler,nose78(base of nose),1.172,1.534
train26,S,webcam_l,basler,nose84(base of nose),1.794,1.416
train26,T,webcam_l,basler,eye35(outer corner),1.548,1.479
train26,T,webcam_l,basler,eye39(inner corner),1.700,1.731
train26,T,webcam_l,basler,eye89(inner corner),1.947,1.933
train26,T,webcam_l,basler,eye93(outer corner),1.510,1.501
train26,T,webcam_l,basler,nose78(base of nose),0.936,1.299
train26,T,webcam_l,basler,nose84(base of nose),1.656,1.071
train26,S,webcam_l,webcam_c,eye35(outer corner),1.986,2.601
train26,S,webcam_l,webcam_c,eye39(inner corner),3.928,3.541
train26,S,webcam_l,webcam_c,eye89(inner corner),1.406,1.217
train26,S,webcam_l,webcam_c,eye93(outer corner),1.812,1.934
train26,S,webcam_l,webcam_c,nose78(base of nose),1.140,0.944
train26,S,webcam_l,webcam_c,nose84(base of nose),1.778,1.521
train26,T,webcam_l,webcam_c,eye35(outer corner),2.069,2.543
train26,T,webcam_l,webcam_c,eye39(inner corner),3.541,3.212
train26,T,webcam_l,webcam_c,eye89(inner corner),1.922,1.605
train26,T,webcam_l,webcam_c,eye93(outer corner),1.578,1.974
train26,T,webcam_l,webcam_c,nose78(base of nose),1.122,0.819
train26,T,webcam_l,webcam_c,nose84(base of nose),2.265,1.667
train26,S,webcam_r,basler,eye35(outer corner),1.680,1.172
train26,S,webcam_r,basler,eye39(inner corner),1.550,1.670
train26,S,webcam_r,basler,eye89(inner corner),1.075,1.330
train26,S,webcam_r,basler,eye93(outer corner),1.943,1.917
train26,S,webcam_r,basler,nose78(base of nose),2.886,2.279
train26,S,webcam_r,basler,nose84(base of nose),1.750,2.186
train26,T,webcam_r,basler,eye35(outer corner),1.685,1.359
train26,T,webcam_r,basler,eye39(inner corner),1.977,2.093
train26,T,webcam_r,basler,eye89(inner corner),0.995,1.078
train26,T,webcam_r,basler,eye93(outer corner),1.673,1.831
train26,T,webcam_r,basler,nose78(base of nose),2.412,2.234
train26,T,webcam_r,basler,nose84(base of nose),2.167,2.195
train26,S,webcam_r,webcam_c,eye35(outer corner),2.732,2.589
train26,S,webcam_r,webcam_c,eye39(inner corner),5.291,5.264
train26,S,webcam_r,webcam_c,eye89(inner corner),0.864,1.326
train26,S,webcam_r,webcam_c,eye93(outer corner),3.216,3.161
train26,S,webcam_r,webcam_c,nose78(base of nose),4.514,3.586
train26,S,webcam_r,webcam_c,nose84(base of nose),2.444,3.316
train26,T,webcam_r,webcam_c,eye35(outer corner),2.497,2.426
train26,T,webcam_r,webcam_c,eye39(inner corner),4.865,4.750
train26,T,webcam_r,webcam_c,eye89(inner corner),0.766,1.064
train26,T,webcam_r,webcam_c,eye93(outer corner),2.290,2.564
train26,T,webcam_r,webcam_c,nose78(base of nose),3.372,2.727
train26,T,webcam_r,webcam_c,nose84(base of nose),2.084,2.507
train26,S,webcam_r,webcam_l,eye35(outer corner),2.042,1.534
train26,S,webcam_r,webcam_l,eye39(inner corner),1.506,1.802
train26,S,webcam_r,webcam_l,eye89(inner corner),1.457,1.749
train26,S,webcam_r,webcam_l,eye93(outer corner),1.464,1.238
train26,S,webcam_r,webcam_l,nose78(base of nose),3.819,3.517
train26,S,webcam_r,webcam_l,nose84(base of nose),3.336,3.427
train26,T,webcam_r,webcam_l,eye35(outer corner),2.065,1.779
train26,T,webcam_r,webcam_l,eye39(inner corner),1.450,1.751
train26,T,webcam_r,webcam_l,eye89(inner corner),2.185,2.369
train26,T,webcam_r,webcam_l,eye93(outer corner),1.018,0.771
train26,T,webcam_r,webcam_l,nose78(base of nose),2.519,2.918
train26,T,webcam_r,webcam_l,nose84(base of nose),3.522,2.937
train27,S,webcam_c,basler,eye35(outer corner),1.105,1.006
train27,S,webcam_c,basler,eye39(inner corner),1.172,0.947
train27,S,webcam_c,basler,eye89(inner corner),1.878,1.502
train27,S,webcam_c,basler,eye93(outer corner),1.111,1.290
train27,S,webcam_c,basler,nose78(base of nose),1.168,0.758
train27,S,webcam_c,basler,nose84(base of nose),0.491,0.406
train27,T,webcam_c,basler,eye35(outer corner),1.859,1.734
train27,T,webcam_c,basler,eye39(inner corner),1.920,2.025
train27,T,webcam_c,basler,eye89(inner corner),1.888,1.977
train27,T,webcam_c,basler,eye93(outer corner),1.691,1.520
train27,T,webcam_c,basler,nose78(base of nose),0.287,0.744
train27,T,webcam_c,basler,nose84(base of nose),1.565,0.886
train27,S,webcam_l,basler,eye35(outer corner),0.989,0.730
train27,S,webcam_l,basler,eye39(inner corner),1.669,1.750
train27,S,webcam_l,basler,eye89(inner corner),0.571,0.806
train27,S,webcam_l,basler,eye93(outer corner),1.475,1.266
train27,S,webcam_l,basler,nose78(base of nose),1.585,1.836
train27,S,webcam_l,basler,nose84(base of nose),1.923,1.590
train27,T,webcam_l,basler,eye35(outer corner),1.080,1.108
train27,T,webcam_l,basler,eye39(inner corner),1.554,1.452
train27,T,webcam_l,basler,eye89(inner corner),2.275,1.967
train27,T,webcam_l,basler,eye93(outer corner),1.058,1.132
train27,T,webcam_l,basler,nose78(base of nose),0.752,1.343
train27,T,webcam_l,basler,nose84(base of nose),1.620,1.164
train27,S,webcam_l,webcam_c,eye35(outer corner),1.061,0.679
train27,S,webcam_l,webcam_c,eye39(inner corner),1.144,1.471
train27,S,webcam_l,webcam_c,eye89(inner corner),1.792,1.437
train27,S,webcam_l,webcam_c,eye93(outer corner),1.317,1.146
train27,S,webcam_l,webcam_c,nose78(base of nose),0.794,1.291
train27,S,webcam_l,webcam_c,nose84(base of nose),2.032,1.184
train27,T,webcam_l,webcam_c,eye35(outer corner),0.959,0.798
train27,T,webcam_l,webcam_c,eye39(inner corner),1.294,1.544
train27,T,webcam_l,webcam_c,eye89(inner corner),1.299,0.988
train27,T,webcam_l,webcam_c,eye93(outer corner),1.646,1.104
train27,T,webcam_l,webcam_c,nose78(base of nose),0.673,0.763
train27,T,webcam_l,webcam_c,nose84(base of nose),0.248,0.412
train27,S,webcam_r,basler,eye35(outer corner),1.427,1.886
train27,S,webcam_r,basler,eye39(inner corner),1.856,1.680
train27,S,webcam_r,basler,eye89(inner corner),3.320,2.988
train27,S,webcam_r,basler,eye93(outer corner),1.678,1.753
train27,S,webcam_r,basler,nose78(base of nose),1.845,1.769
train27,S,webcam_r,basler,nose84(base of nose),2.269,2.278
train27,T,webcam_r,basler,eye35(outer corner),1.155,1.002
train27,T,webcam_r,basler,eye39(inner corner),1.760,1.598
train27,T,webcam_r,basler,eye89(inner corner),1.627,1.688
train27,T,webcam_r,basler,eye93(outer corner),1.279,1.337
train27,T,webcam_r,basler,nose78(base of nose),2.840,2.343
train27,T,webcam_r,basler,nose84(base of nose),2.287,2.740
train27,S,webcam_r,webcam_c,eye35(outer corner),2.064,1.859
train27,S,webcam_r,webcam_c,eye39(inner corner),1.480,1.593
train27,S,webcam_r,webcam_c,eye89(inner corner),1.680,1.809
train27,S,webcam_r,webcam_c,eye93(outer corner),0.858,0.653
train27,S,webcam_r,webcam_c,nose78(base of nose),2.999,2.309
train27,S,webcam_r,webcam_c,nose84(base of nose),1.998,2.594
train27,T,webcam_r,webcam_c,eye35(outer corner),2.554,2.117
train27,T,webcam_r,webcam_c,eye39(inner corner),1.310,1.511
train27,T,webcam_r,webcam_c,eye89(inner corner),1.615,2.061
train27,T,webcam_r,webcam_c,eye93(outer corner),1.088,0.583
train27,T,webcam_r,webcam_c,nose78(base of nose),2.788,2.994
train27,T,webcam_r,webcam_c,nose84(base of nose),3.574,3.320
train27,S,webcam_r,webcam_l,eye35(outer corner),1.642,1.753
train27,S,webcam_r,webcam_l,eye39(inner corner),2.301,2.515
train27,S,webcam_r,webcam_l,eye89(inner corner),3.367,3.159
train27,S,webcam_r,webcam_l,eye93(outer corner),1.795,1.667
train27,S,webcam_r,webcam_l,nose78(base of nose),3.364,3.508
train27,S,webcam_r,webcam_l,nose84(base of nose),3.830,3.637
train27,T,webcam_r,webcam_l,eye35(outer corner),1.816,1.592
train27,T,webcam_r,webcam_l,eye39(inner corner),2.153,2.088
train27,T,webcam_r,webcam_l,eye89(inner corner),2.766,2.625
train27,T,webcam_r,webcam_l,eye93(outer corner),1.293,1.314
train27,T,webcam_r,webcam_l,nose78(base of nose),3.272,3.478
train27,T,webcam_r,webcam_l,nose84(base of nose),3.690,3.699
train21,S,webcam_c,basler,eye35(outer corner),0.170,0.342
train21,S,webcam_c,basler,eye39(inner corner),2.239,1.916
train21,S,webcam_c,basler,eye89(inner corner),1.728,2.172
train21,S,webcam_c,basler,eye93(outer corner),1.267,0.742
train21,S,webcam_c,basler,nose78(base of nose),2.240,2.049
train21,S,webcam_c,basler,nose84(base of nose),1.757,1.779
train21,T,webcam_c,basler,eye35(outer corner),0.211,0.291
train21,T,webcam_c,basler,eye39(inner corner),1.218,1.124
train21,T,webcam_c,basler,eye89(inner corner),1.168,1.259
train21,T,webcam_c,basler,eye93(outer corner),0.694,0.678
train21,T,webcam_c,basler,nose78(base of nose),1.427,1.268
train21,T,webcam_c,basler,nose84(base of nose),0.997,1.108
train21,S,webcam_l,basler,eye35(outer corner),1.952,1.260
train21,S,webcam_l,basler,eye39(inner corner),1.326,0.858
train21,S,webcam_l,basler,eye89(inner corner),2.444,2.680
train21,S,webcam_l,basler,eye93(outer corner),0.750,0.637
train21,S,webcam_l,basler,nose78(base of nose),2.349,2.697
train21,S,webcam_l,basler,nose84(base of nose),2.828,2.690
train21,T,webcam_l,basler,eye35(outer corner),1.121,1.111
train21,T,webcam_l,basler,eye39(inner corner),0.704,0.712
train21,T,webcam_l,basler,eye89(inner corner),2.871,2.802
train21,T,webcam_l,basler,eye93(outer corner),0.700,0.805
train21,T,webcam_l,basler,nose78(base of nose),2.309,2.733
train21,T,webcam_l,basler,nose84(base of nose),3.188,2.809
train21,S,webcam_l,webcam_c,eye35(outer corner),1.818,1.298
train21,S,webcam_l,webcam_c,eye39(inner corner),1.038,1.172
train21,S,webcam_l,webcam_c,eye89(inner corner),0.962,0.659
train21,S,webcam_l,webcam_c,eye93(outer corner),0.628,0.658
train21,S,webcam_l,webcam_c,nose78(base of nose),0.662,1.174
train21,S,webcam_l,webcam_c,nose84(base of nose),1.259,1.033
train21,T,webcam_l,webcam_c,eye35(outer corner),1.029,1.129
train21,T,webcam_l,webcam_c,eye39(inner corner),0.708,0.598
train21,T,webcam_l,webcam_c,eye89(inner corner),1.957,1.755
train21,T,webcam_l,webcam_c,eye93(outer corner),0.507,0.793
train21,T,webcam_l,webcam_c,nose78(base of nose),1.183,1.707
train21,T,webcam_l,webcam_c,nose84(base of nose),2.284,1.801
train21,S,webcam_r,basler,eye35(outer corner),1.651,1.156
train21,S,webcam_r,basler,eye39(inner corner),1.368,1.552
train21,S,webcam_r,basler,eye89(inner corner),0.708,0.720
train21,S,webcam_r,basler,eye93(outer corner),0.555,0.527
train21,S,webcam_r,basler,nose78(base of nose),1.676,1.553
train21,S,webcam_r,basler,nose84(base of nose),1.085,1.377
train21,T,webcam_r,basler,eye35(outer corner),1.263,0.911
train21,T,webcam_r,basler,eye39(inner corner),0.878,0.885
train21,T,webcam_r,basler,eye89(inner corner),1.048,0.959
train21,T,webcam_r,basler,eye93(outer corner),0.654,0.651
train21,T,webcam_r,basler,nose78(base of nose),1.848,1.858
train21,T,webcam_r,basler,nose84(base of nose),1.573,1.754
train21,S,webcam_r,webcam_c,eye35(outer corner),1.776,1.169
train21,S,webcam_r,webcam_c,eye39(inner corner),1.516,0.881
train21,S,webcam_r,webcam_c,eye89(inner corner),1.613,2.199
train21,S,webcam_r,webcam_c,eye93(outer corner),1.197,0.606
train21,S,webcam_r,webcam_c,nose78(base of nose),3.240,2.733
train21,S,webcam_r,webcam_c,nose84(base of nose),2.273,2.742
train21,T,webcam_r,webcam_c,eye35(outer corner),1.374,1.024
train21,T,webcam_r,webcam_c,eye39(inner corner),1.207,0.933
train21,T,webcam_r,webcam_c,eye89(inner corner),1.807,1.909
train21,T,webcam_r,webcam_c,eye93(outer corner),0.264,0.280
train21,T,webcam_r,webcam_c,nose78(base of nose),3.051,2.854
train21,T,webcam_r,webcam_c,nose84(base of nose),2.541,2.860
train21,S,webcam_r,webcam_l,eye35(outer corner),3.518,2.278
train21,S,webcam_r,webcam_l,eye39(inner corner),1.086,0.932
train21,S,webcam_r,webcam_l,eye89(inner corner),2.477,2.784
train21,S,webcam_r,webcam_l,eye93(outer corner),0.904,0.860
train21,S,webcam_r,webcam_l,nose78(base of nose),3.597,3.728
train21,S,webcam_r,webcam_l,nose84(base of nose),3.465,3.749
train21,T,webcam_r,webcam_l,eye35(outer corner),2.336,1.945
train21,T,webcam_r,webcam_l,eye39(inner corner),1.157,0.984
train21,T,webcam_r,webcam_l,eye89(inner corner),3.640,3.517
train21,T,webcam_r,webcam_l,eye93(outer corner),0.598,0.886
train21,T,webcam_r,webcam_l,nose78(base of nose),4.098,4.515
train21,T,webcam_r,webcam_l,nose84(base of nose),4.749,4.569
train29,S,webcam_c,basler,eye35(outer corner),0.436,0.437
train29,S,webcam_c,basler,eye39(inner corner),1.092,0.868
train29,S,webcam_c,basler,eye89(inner corner),2.060,2.050
train29,S,webcam_c,basler,eye93(outer corner),1.855,1.786
train29,S,webcam_c,basler,nose78(base of nose),2.601,2.046
train29,S,webcam_c,basler,nose84(base of nose),0.987,1.530
train29,T,webcam_c,basler,eye35(outer corner),0.942,0.941
train29,T,webcam_c,basler,eye39(inner corner),1.132,1.033
train29,T,webcam_c,basler,eye89(inner corner),2.385,2.139
train29,T,webcam_c,basler,eye93(outer corner),0.891,1.228
train29,T,webcam_c,basler,nose78(base of nose),0.559,0.638
train29,T,webcam_c,basler,nose84(base of nose),0.846,0.837
train29,S,webcam_l,basler,eye35(outer corner),0.836,0.799
train29,S,webcam_l,basler,eye39(inner corner),0.390,0.189
train29,S,webcam_l,basler,eye89(inner corner),1.826,1.965
train29,S,webcam_l,basler,eye93(outer corner),2.620,2.263
train29,S,webcam_l,basler,nose78(base of nose),3.297,3.455
train29,S,webcam_l,basler,nose84(base of nose),3.344,3.319
train29,T,webcam_l,basler,eye35(outer corner),1.126,0.815
train29,T,webcam_l,basler,eye39(inner corner),0.540,0.667
train29,T,webcam_l,basler,eye89(inner corner),1.697,1.772
train29,T,webcam_l,basler,eye93(outer corner),1.923,1.629
train29,T,webcam_l,basler,nose78(base of nose),1.812,2.199
train29,T,webcam_l,basler,nose84(base of nose),2.497,2.321
train29,S,webcam_l,webcam_c,eye35(outer corner),0.687,0.956
train29,S,webcam_l,webcam_c,eye39(inner corner),1.253,0.783
train29,S,webcam_l,webcam_c,eye89(inner corner),0.903,0.475
train29,S,webcam_l,webcam_c,eye93(outer corner),1.048,0.893
train29,S,webcam_l,webcam_c,nose78(base of nose),1.120,1.804
train29,S,webcam_l,webcam_c,nose84(base of nose),2.727,1.906
train29,T,webcam_l,webcam_c,eye35(outer corner),2.039,1.763
train29,T,webcam_l,webcam_c,eye39(inner corner),1.294,1.245
train29,T,webcam_l,webcam_c,eye89(inner corner),1.123,0.639
train29,T,webcam_l,webcam_c,eye93(outer corner),1.182,0.661
train29,T,webcam_l,webcam_c,nose78(base of nose),1.913,2.551
train29,T,webcam_l,webcam_c,nose84(base of nose),2.963,2.709
train29,S,webcam_r,basler,eye35(outer corner),1.303,0.905
train29,S,webcam_r,basler,eye39(inner corner),1.327,1.228
train29,S,webcam_r,basler,eye89(inner corner),2.592,2.343
train29,S,webcam_r,basler,eye93(outer corner),0.912,0.621
train29,S,webcam_r,basler,nose78(base of nose),3.250,2.983
train29,S,webcam_r,basler,nose84(base of nose),1.978,2.637
train29,T,webcam_r,basler,eye35(outer corner),1.453,1.409
train29,T,webcam_r,basler,eye39(inner corner),1.235,1.184
train29,T,webcam_r,basler,eye89(inner corner),1.973,2.087
train29,T,webcam_r,basler,eye93(outer corner),0.879,1.219
train29,T,webcam_r,basler,nose78(base of nose),4.501,3.753
train29,T,webcam_r,basler,nose84(base of nose),3.138,3.715
train29,S,webcam_r,webcam_c,eye35(outer corner),1.647,1.060
train29,S,webcam_r,webcam_c,eye39(inner corner),1.890,1.310
train29,S,webcam_r,webcam_c,eye89(inner corner),1.062,0.903
train29,S,webcam_r,webcam_c,eye93(outer corner),2.319,1.696
train29,S,webcam_r,webcam_c,nose78(base of nose),4.978,3.935
train29,S,webcam_r,webcam_c,nose84(base of nose),2.604,4.057
train29,T,webcam_r,webcam_c,eye35(outer corner),0.741,0.740
train29,T,webcam_r,webcam_c,eye39(inner corner),1.001,0.764
train29,T,webcam_r,webcam_c,eye89(inner corner),2.006,1.374
train29,T,webcam_r,webcam_c,eye93(outer corner),1.073,2.092
train29,T,webcam_r,webcam_c,nose78(base of nose),4.431,3.421
train29,T,webcam_r,webcam_c,nose84(base of nose),2.784,3.423
train29,S,webcam_r,webcam_l,eye35(outer corner),2.118,1.643
train29,S,webcam_r,webcam_l,eye39(inner corner),1.017,1.047
train29,S,webcam_r,webcam_l,eye89(inner corner),1.376,1.060
train29,S,webcam_r,webcam_l,eye93(outer corner),3.062,2.036
train29,S,webcam_r,webcam_l,nose78(base of nose),6.007,5.725
train29,S,webcam_r,webcam_l,nose84(base of nose),5.156,5.917
train29,T,webcam_r,webcam_l,eye35(outer corner),2.567,2.197
train29,T,webcam_r,webcam_l,eye39(inner corner),1.086,1.136
train29,T,webcam_r,webcam_l,eye89(inner corner),1.006,0.863
train29,T,webcam_r,webcam_l,eye93(outer corner),2.068,2.182
train29,T,webcam_r,webcam_l,nose78(base of nose),6.272,5.887
train29,T,webcam_r,webcam_l,nose84(base of nose),5.599,6.057
train28,S,webcam_c,basler,eye35(outer corner),1.663,0.325
train28,S,webcam_c,basler,eye39(inner corner),1.200,1.101
train28,S,webcam_c,basler,eye89(inner corner),1.182,0.687
train28,S,webcam_c,basler,eye93(outer corner),1.166,0.773
train28,S,webcam_c,basler,nose78(base of nose),0.789,0.581
train28,S,webcam_c,basler,nose84(base of nose),0.521,0.438
train28,T,webcam_c,basler,eye35(outer corner),0.597,0.622
train28,T,webcam_c,basler,eye39(inner corner),1.349,1.399
train28,T,webcam_c,basler,eye89(inner corner),0.947,1.189
train28,T,webcam_c,basler,eye93(outer corner),1.354,0.886
train28,T,webcam_c,basler,nose78(base of nose),0.765,0.589
train28,T,webcam_c,basler,nose84(base of nose),1.334,0.647
train28,S,webcam_l,basler,eye35(outer corner),0.674,0.617
train28,S,webcam_l,basler,eye39(inner corner),1.157,1.077
train28,S,webcam_l,basler,eye89(inner corner),2.345,1.797
train28,S,webcam_l,basler,eye93(outer corner),1.339,0.846
train28,S,webcam_l,basler,nose78(base of nose),2.045,2.548
train28,S,webcam_l,basler,nose84(base of nose),2.951,2.887
train28,T,webcam_l,basler,eye35(outer corner),1.667,1.646
train28,T,webcam_l,basler,eye39(inner corner),0.847,0.847
train28,T,webcam_l,basler,eye89(inner corner),2.152,1.959
train28,T,webcam_l,basler,eye93(outer corner),0.863,0.760
train28,T,webcam_l,basler,nose78(base of nose),2.869,3.846
train28,T,webcam_l,basler,nose84(base of nose),5.081,4.275
train28,S,webcam_l,webcam_c,eye35(outer corner),2.331,0.903
train28,S,webcam_l,webcam_c,eye39(inner corner),1.516,1.564
train28,S,webcam_l,webcam_c,eye89(inner corner),3.066,2.123
train28,S,webcam_l,webcam_c,eye93(outer corner),2.450,1.154
train28,S,webcam_l,webcam_c,nose78(base of nose),1.332,2.379
train28,S,webcam_l,webcam_c,nose84(base of nose),2.535,2.676
train28,T,webcam_l,webcam_c,eye35(outer corner),1.548,1.189
train28,T,webcam_l,webcam_c,eye39(inner corner),1.322,1.324
train28,T,webcam_l,webcam_c,eye89(inner corner),1.500,1.107
train28,T,webcam_l,webcam_c,eye93(outer corner),1.970,1.268
train28,T,webcam_l,webcam_c,nose78(base of nose),3.534,3.806
train28,T,webcam_l,webcam_c,nose84(base of nose),3.805,3.926
train28,S,webcam_r,basler,eye35(outer corner),2.587,1.645
train28,S,webcam_r,basler,eye39(inner corner),1.578,1.441
train28,S,webcam_r,basler,eye89(inner corner),1.099,1.401
train28,S,webcam_r,basler,eye93(outer corner),0.795,0.699
train28,S,webcam_r,basler,nose78(base of nose),3.968,3.785
train28,S,webcam_r,basler,nose84(base of nose),3.125,3.595
train28,T,webcam_r,basler,eye35(outer corner),1.255,1.074
train28,T,webcam_r,basler,eye39(inner corner),1.505,1.443
train28,T,webcam_r,basler,eye89(inner corner),1.294,1.308
train28,T,webcam_r,basler,eye93(outer corner),0.793,0.806
train28,T,webcam_r,basler,nose78(base of nose),3.409,3.115
train28,T,webcam_r,basler,nose84(base of nose),2.576,2.958
train28,S,webcam_r,webcam_c,eye35(outer corner),1.051,1.455
train28,S,webcam_r,webcam_c,eye39(inner corner),1.245,1.071
train28,S,webcam_r,webcam_c,eye89(inner corner),1.236,1.287
train28,S,webcam_r,webcam_c,eye93(outer corner),1.262,1.300
train28,S,webcam_r,webcam_c,nose78(base of nose),4.668,3.888
train28,S,webcam_r,webcam_c,nose84(base of nose),3.525,3.776
train28,T,webcam_r,webcam_c,eye35(outer corner),1.467,1.549
train28,T,webcam_r,webcam_c,eye39(inner corner),1.031,1.074
train28,T,webcam_r,webcam_c,eye89(inner corner),2.086,2.361
train28,T,webcam_r,webcam_c,eye93(outer corner),1.245,1.004
train28,T,webcam_r,webcam_c,nose78(base of nose),2.793,3.140
train28,T,webcam_r,webcam_c,nose84(base of nose),3.816,3.251
train28,S,webcam_r,webcam_l,eye35(outer corner),3.223,2.265
train28,S,webcam_r,webcam_l,eye39(inner corner),2.484,2.322
train28,S,webcam_r,webcam_l,eye89(inner corner),3.405,3.198
train28,S,webcam_r,webcam_l,eye93(outer corner),1.907,1.480
train28,S,webcam_r,webcam_l,nose78(base of nose),5.991,6.226
train28,S,webcam_r,webcam_l,nose84(base of nose),6.050,6.363
train28,T,webcam_r,webcam_l,eye35(outer corner),2.896,2.673
train28,T,webcam_r,webcam_l,eye39(inner corner),1.965,1.914
train28,T,webcam_r,webcam_l,eye89(inner corner),3.408,3.255
train28,T,webcam_r,webcam_l,eye93(outer corner),1.651,1.548
train28,T,webcam_r,webcam_l,nose78(base of nose),6.244,6.884
train28,T,webcam_r,webcam_l,nose84(base of nose),7.619,7.179
train30,S,webcam_c,basler,eye35(outer corner),0.800,1.508
train30,S,webcam_c,basler,eye39(inner corner),2.647,1.714
train30,S,webcam_c,basler,eye89(inner corner),1.603,1.252
train30,S,webcam_c,basler,eye93(outer corner),1.295,1.498
train30,S,webcam_c,basler,nose78(base of nose),1.876,0.452
train30,S,webcam_c,basler,nose84(base of nose),2.014,1.202
train30,T,webcam_c,basler,eye35(outer corner),0.584,0.674
train30,T,webcam_c,basler,eye39(inner corner),1.638,1.213
train30,T,webcam_c,basler,eye89(inner corner),1.040,0.611
train30,T,webcam_c,basler,eye93(outer corner),0.876,1.235
train30,T,webcam_c,basler,nose78(base of nose),1.534,1.607
train30,T,webcam_c,basler,nose84(base of nose),1.491,1.419
train30,S,webcam_l,basler,eye35(outer corner),0.820,0.886
train30,S,webcam_l,basler,eye39(inner corner),2.733,2.779
train30,S,webcam_l,basler,eye89(inner corner),0.948,0.704
train30,S,webcam_l,basler,eye93(outer corner),1.801,1.240
train30,S,webcam_l,basler,nose78(base of nose),2.728,2.893
train30,S,webcam_l,basler,nose84(base of nose),2.690,2.738
train30,T,webcam_l,basler,eye35(outer corner),0.309,0.337
train30,T,webcam_l,basler,eye39(inner corner),2.165,2.168
train30,T,webcam_l,basler,eye89(inner corner),1.138,1.059
train30,T,webcam_l,basler,eye93(outer corner),0.953,0.887
train30,T,webcam_l,basler,nose78(base of nose),3.044,3.254
train30,T,webcam_l,basler,nose84(base of nose),3.350,3.166
train30,S,webcam_l,webcam_c,eye35(outer corner),1.208,0.986
train30,S,webcam_l,webcam_c,eye39(inner corner),1.267,1.579
train30,S,webcam_l,webcam_c,eye89(inner corner),2.509,1.879
train30,S,webcam_l,webcam_c,eye93(outer corner),1.345,1.224
train30,S,webcam_l,webcam_c,nose78(base of nose),1.210,2.537
train30,S,webcam_l,webcam_c,nose84(base of nose),4.391,2.651
train30,T,webcam_l,webcam_c,eye35(outer corner),0.628,0.503
train30,T,webcam_l,webcam_c,eye39(inner corner),1.298,1.584
train30,T,webcam_l,webcam_c,eye89(inner corner),2.074,1.589
train30,T,webcam_l,webcam_c,eye93(outer corner),1.116,0.996
train30,T,webcam_l,webcam_c,nose78(base of nose),1.778,1.911
train30,T,webcam_l,webcam_c,nose84(base of nose),1.927,1.814
train30,S,webcam_r,basler,eye35(outer corner),0.807,1.665
train30,S,webcam_r,basler,eye39(inner corner),1.171,1.143
train30,S,webcam_r,basler,eye89(inner corner),1.525,1.817
train30,S,webcam_r,basler,eye93(outer corner),0.912,0.637
train30,S,webcam_r,basler,nose78(base of nose),4.697,4.134
train30,S,webcam_r,basler,nose84(base of nose),4.407,4.377
train30,T,webcam_r,basler,eye35(outer corner),1.331,1.868
train30,T,webcam_r,basler,eye39(inner corner),1.580,1.434
train30,T,webcam_r,basler,eye89(inner corner),1.647,2.020
train30,T,webcam_r,basler,eye93(outer corner),1.513,0.947
train30,T,webcam_r,basler,nose78(base of nose),3.649,3.231
train30,T,webcam_r,basler,nose84(base of nose),3.383,3.360
train30,S,webcam_r,webcam_c,eye35(outer corner),1.579,1.524
train30,S,webcam_r,webcam_c,eye39(inner corner),2.464,2.059
train30,S,webcam_r,webcam_c,eye89(inner corner),0.892,0.955
train30,S,webcam_r,webcam_c,eye93(outer corner),0.467,1.573
train30,S,webcam_r,webcam_c,nose78(base of nose),6.497,4.567
train30,S,webcam_r,webcam_c,nose84(base of nose),2.852,4.490
train30,T,webcam_r,webcam_c,eye35(outer corner),1.838,1.869
train30,T,webcam_r,webcam_c,eye39(inner corner),1.234,1.096
train30,T,webcam_r,webcam_c,eye89(inner corner),1.034,1.680
train30,T,webcam_r,webcam_c,eye93(outer corner),0.773,0.691
train30,T,webcam_r,webcam_c,nose78(base of nose),5.062,4.682
train30,T,webcam_r,webcam_c,nose84(base of nose),4.816,4.718
train30,S,webcam_r,webcam_l,eye35(outer corner),0.855,1.056
train30,S,webcam_r,webcam_l,eye39(inner corner),3.073,3.505
train30,S,webcam_r,webcam_l,eye89(inner corner),2.424,2.417
train30,S,webcam_r,webcam_l,eye93(outer corner),1.540,1.702
train30,S,webcam_r,webcam_l,nose78(base of nose),7.310,7.011
train30,S,webcam_r,webcam_l,nose84(base of nose),6.977,6.920
train30,T,webcam_r,webcam_l,eye35(outer corner),1.233,1.782
train30,T,webcam_r,webcam_l,eye39(inner corner),2.462,2.558
train30,T,webcam_r,webcam_l,eye89(inner corner),2.782,3.071
train30,T,webcam_r,webcam_l,eye93(outer corner),1.226,1.243
train30,T,webcam_r,webcam_l,nose78(base of nose),6.691,6.495
train30,T,webcam_r,webcam_l,nose84(base of nose),6.667,6.440
train33,S,webcam_c,basler,eye35(outer corner),1.559,0.689
train33,S,webcam_c,basler,eye39(inner corner),1.715,1.095
train33,S,webcam_c,basler,eye89(inner corner),1.402,1.301
train33,S,webcam_c,basler,eye93(outer corner),1.280,1.106
train33,S,webcam_c,basler,nose78(base of nose),1.053,0.495
train33,S,webcam_c,basler,nose84(base of nose),0.555,0.558
train33,T,webcam_c,basler,eye35(outer corner),1.315,1.500
train33,T,webcam_c,basler,eye39(inner corner),2.327,2.265
train33,T,webcam_c,basler,eye89(inner corner),0.667,0.698
train33,T,webcam_c,basler,eye93(outer corner),1.063,0.783
train33,T,webcam_c,basler,nose78(base of nose),0.435,0.518
train33,T,webcam_c,basler,nose84(base of nose),1.212,0.797
train33,S,webcam_l,basler,eye35(outer corner),0.984,0.957
train33,S,webcam_l,basler,eye39(inner corner),0.261,0.593
train33,S,webcam_l,basler,eye89(inner corner),2.190,1.972
train33,S,webcam_l,basler,eye93(outer corner),0.844,0.690
train33,S,webcam_l,basler,nose78(base of nose),2.028,2.320
train33,S,webcam_l,basler,nose84(base of nose),2.682,2.420
train33,T,webcam_l,basler,eye35(outer corner),1.483,1.390
train33,T,webcam_l,basler,eye39(inner corner),0.791,0.786
train33,T,webcam_l,basler,eye89(inner corner),1.488,1.284
train33,T,webcam_l,basler,eye93(outer corner),0.695,0.531
train33,T,webcam_l,basler,nose78(base of nose),2.374,2.971
train33,T,webcam_l,basler,nose84(base of nose),3.622,3.179
train33,S,webcam_l,webcam_c,eye35(outer corner),2.037,0.586
train33,S,webcam_l,webcam_c,eye39(inner corner),1.690,1.029
train33,S,webcam_l,webcam_c,eye89(inner corner),1.436,1.455
train33,S,webcam_l,webcam_c,eye93(outer corner),1.271,0.936
train33,S,webcam_l,webcam_c,nose78(base of nose),1.111,2.152
train33,S,webcam_l,webcam_c,nose84(base of nose),2.674,2.206
train33,T,webcam_l,webcam_c,eye35(outer corner),0.562,0.347
train33,T,webcam_l,webcam_c,eye39(inner corner),1.746,1.685
train33,T,webcam_l,webcam_c,eye89(inner corner),1.431,1.136
train33,T,webcam_l,webcam_c,eye93(outer corner),1.633,1.085
train33,T,webcam_l,webcam_c,nose78(base of nose),2.640,2.769
train33,T,webcam_l,webcam_c,nose84(base of nose),2.575,2.772
train33,S,webcam_r,basler,eye35(outer corner),2.621,1.251
train33,S,webcam_r,basler,eye39(inner corner),0.851,1.121
train33,S,webcam_r,basler,eye89(inner corner),2.420,2.235
train33,S,webcam_r,basler,eye93(outer corner),1.106,1.440
train33,S,webcam_r,basler,nose78(base of nose),1.015,1.418
train33,S,webcam_r,basler,nose84(base of nose),2.080,1.301
train33,T,webcam_r,basler,eye35(outer corner),0.937,0.721
train33,T,webcam_r,basler,eye39(inner corner),1.240,1.159
train33,T,webcam_r,basler,eye89(inner corner),1.696,1.714
train33,T,webcam_r,basler,eye93(outer corner),0.675,0.705
train33,T,webcam_r,basler,nose78(base of nose),2.039,1.796
train33,T,webcam_r,basler,nose84(base of nose),1.433,1.778
train33,S,webcam_r,webcam_c,eye35(outer corner),1.260,1.648
train33,S,webcam_r,webcam_c,eye39(inner corner),1.769,1.348
train33,S,webcam_r,webcam_c,eye89(inner corner),3.309,2.807
train33,S,webcam_r,webcam_c,eye93(outer corner),0.818,1.419
train33,S,webcam_r,webcam_c,nose78(base of nose),0.909,1.412
train33,S,webcam_r,webcam_c,nose84(base of nose),2.018,1.591
train33,T,webcam_r,webcam_c,eye35(outer corner),1.929,1.974
train33,T,webcam_r,webcam_c,eye39(inner corner),1.644,1.703
train33,T,webcam_r,webcam_c,eye89(inner corner),2.014,2.183
train33,T,webcam_r,webcam_c,eye93(outer corner),1.474,1.232
train33,T,webcam_r,webcam_c,nose78(base of nose),1.796,1.976
train33,T,webcam_r,webcam_c,nose84(base of nose),2.442,2.133
train33,S,webcam_r,webcam_l,eye35(outer corner),3.246,2.116
train33,S,webcam_r,webcam_l,eye39(inner corner),1.068,1.288
train33,S,webcam_r,webcam_l,eye89(inner corner),4.521,4.067
train33,S,webcam_r,webcam_l,eye93(outer corner),1.398,1.756
train33,S,webcam_r,webcam_l,nose78(base of nose),1.984,3.476
train33,S,webcam_r,webcam_l,nose84(base of nose),4.643,3.711
train33,T,webcam_r,webcam_l,eye35(outer corner),2.262,1.930
train33,T,webcam_r,webcam_l,eye39(inner corner),1.190,1.143
train33,T,webcam_r,webcam_l,eye89(inner corner),3.182,3.011
train33,T,webcam_r,webcam_l,eye93(outer corner),1.065,1.124
train33,T,webcam_r,webcam_l,nose78(base of nose),4.317,4.648
train33,T,webcam_r,webcam_l,nose84(base of nose),4.950,4.847
train31,S,webcam_c,basler,eye35(outer corner),3.180,2.102
train31,S,webcam_c,basler,eye39(inner corner),1.921,2.365
train31,S,webcam_c,basler,eye89(inner corner),2.546,2.307
train31,S,webcam_c,basler,eye93(outer corner),1.997,2.532
train31,S,webcam_c,basler,nose78(base of nose),0.388,0.470
train31,S,webcam_c,basler,nose84(base of nose),1.636,0.820
train31,T,webcam_c,basler,eye35(outer corner),2.861,1.933
train31,T,webcam_c,basler,eye39(inner corner),2.008,2.343
train31,T,webcam_c,basler,eye89(inner corner),2.067,1.648
train31,T,webcam_c,basler,eye93(outer corner),1.757,2.300
train31,T,webcam_c,basler,nose78(base of nose),0.642,0.744
train31,T,webcam_c,basler,nose84(base of nose),1.474,0.976
train31,S,webcam_l,basler,eye35(outer corner),0.413,0.293
train31,S,webcam_l,basler,eye39(inner corner),1.128,1.162
train31,S,webcam_l,basler,eye89(inner corner),0.969,0.423
train31,S,webcam_l,basler,eye93(outer corner),1.721,0.982
train31,S,webcam_l,basler,nose78(base of nose),2.011,2.591
train31,S,webcam_l,basler,nose84(base of nose),2.836,2.444
train31,T,webcam_l,basler,eye35(outer corner),0.921,0.815
train31,T,webcam_l,basler,eye39(inner corner),1.047,1.029
train31,T,webcam_l,basler,eye89(inner corner),1.007,0.793
train31,T,webcam_l,basler,eye93(outer corner),1.066,0.697
train31,T,webcam_l,basler,nose78(base of nose),2.509,3.034
train31,T,webcam_l,basler,nose84(base of nose),3.264,2.890
train31,S,webcam_l,webcam_c,eye35(outer corner),2.962,2.199
train31,S,webcam_l,webcam_c,eye39(inner corner),1.464,1.544
train31,S,webcam_l,webcam_c,eye89(inner corner),3.151,2.395
train31,S,webcam_l,webcam_c,eye93(outer corner),1.642,1.983
train31,S,webcam_l,webcam_c,nose78(base of nose),2.389,2.396
train31,S,webcam_l,webcam_c,nose84(base of nose),2.041,2.628
train31,T,webcam_l,webcam_c,eye35(outer corner),3.395,2.365
train31,T,webcam_l,webcam_c,eye39(inner corner),1.310,1.515
train31,T,webcam_l,webcam_c,eye89(inner corner),2.896,2.307
train31,T,webcam_l,webcam_c,eye93(outer corner),1.649,1.849
train31,T,webcam_l,webcam_c,nose78(base of nose),2.592,2.818
train31,T,webcam_l,webcam_c,nose84(base of nose),2.624,3.071
train31,S,webcam_r,basler,eye35(outer corner),1.390,1.082
train31,S,webcam_r,basler,eye39(inner corner),1.648,1.182
train31,S,webcam_r,basler,eye89(inner corner),1.051,1.103
train31,S,webcam_r,basler,eye93(outer corner),0.633,1.348
train31,S,webcam_r,basler,nose78(base of nose),5.644,4.474
train31,S,webcam_r,basler,nose84(base of nose),4.142,4.789
train31,T,webcam_r,basler,eye35(outer corner),1.016,1.067
train31,T,webcam_r,basler,eye39(inner corner),0.965,0.895
train31,T,webcam_r,basler,eye89(inner corner),0.686,0.958
train31,T,webcam_r,basler,eye93(outer corner),1.131,1.456
train31,T,webcam_r,basler,nose78(base of nose),5.405,4.552
train31,T,webcam_r,basler,nose84(base of nose),4.435,5.002
train31,S,webcam_r,webcam_c,eye35(outer corner),2.608,1.407
train31,S,webcam_r,webcam_c,eye39(inner corner),2.990,3.171
train31,S,webcam_r,webcam_c,eye89(inner corner),2.787,1.621
train31,S,webcam_r,webcam_c,eye93(outer corner),1.969,3.711
train31,S,webcam_r,webcam_c,nose78(base of nose),5.452,4.880
train31,S,webcam_r,webcam_c,nose84(base of nose),5.279,4.904
train31,T,webcam_r,webcam_c,eye35(outer corner),2.169,1.243
train31,T,webcam_r,webcam_c,eye39(inner corner),2.596,2.897
train31,T,webcam_r,webcam_c,eye89(inner corner),1.667,0.824
train31,T,webcam_r,webcam_c,eye93(outer corner),2.325,3.453
train31,T,webcam_r,webcam_c,nose78(base of nose),5.594,5.089
train31,T,webcam_r,webcam_c,nose84(base of nose),5.558,5.256
train31,S,webcam_r,webcam_l,eye35(outer corner),1.337,1.254
train31,S,webcam_r,webcam_l,eye39(inner corner),2.077,2.092
train31,S,webcam_r,webcam_l,eye89(inner corner),0.752,0.953
train31,S,webcam_r,webcam_l,eye93(outer corner),1.623,2.105
train31,S,webcam_r,webcam_l,nose78(base of nose),7.156,6.606
train31,S,webcam_r,webcam_l,nose84(base of nose),6.476,6.809
train31,T,webcam_r,webcam_l,eye35(outer corner),1.881,1.649
train31,T,webcam_r,webcam_l,eye39(inner corner),1.903,1.763
train31,T,webcam_r,webcam_l,eye89(inner corner),1.371,1.508
train31,T,webcam_r,webcam_l,eye93(outer corner),1.801,1.861
train31,T,webcam_r,webcam_l,nose78(base of nose),7.511,7.241
train31,T,webcam_r,webcam_l,nose84(base of nose),7.239,7.528
train36,S,webcam_c,basler,eye35(outer corner),1.201,1.554
train36,S,webcam_c,basler,eye39(inner corner),3.174,2.088
train36,S,webcam_c,basler,eye89(inner corner),1.574,1.000
train36,S,webcam_c,basler,eye93(outer corner),1.248,1.585
train36,S,webcam_c,basler,nose78(base of nose),0.920,1.292
train36,S,webcam_c,basler,nose84(base of nose),0.891,0.870
train36,T,webcam_c,basler,eye35(outer corner),0.980,1.243
train36,T,webcam_c,basler,eye39(inner corner),1.478,1.190
train36,T,webcam_c,basler,eye89(inner corner),1.487,1.265
train36,T,webcam_c,basler,eye93(outer corner),1.363,1.526
train36,T,webcam_c,basler,nose78(base of nose),1.177,0.972
train36,T,webcam_c,basler,nose84(base of nose),0.615,0.745
train36,S,webcam_l,basler,eye35(outer corner),1.391,1.166
train36,S,webcam_l,basler,eye39(inner corner),1.252,1.225
train36,S,webcam_l,basler,eye89(inner corner),1.921,1.954
train36,S,webcam_l,basler,eye93(outer corner),0.509,0.486
train36,S,webcam_l,basler,nose78(base of nose),2.514,3.243
train36,S,webcam_l,basler,nose84(base of nose),3.885,3.192
train36,T,webcam_l,basler,eye35(outer corner),0.958,0.966
train36,T,webcam_l,basler,eye39(inner corner),1.176,1.196
train36,T,webcam_l,basler,eye89(inner corner),1.104,0.917
train36,T,webcam_l,basler,eye93(outer corner),0.864,0.629
train36,T,webcam_l,basler,nose78(base of nose),2.563,3.042
train36,T,webcam_l,basler,nose84(base of nose),3.409,3.000
train36,S,webcam_l,webcam_c,eye35(outer corner),1.061,2.029
train36,S,webcam_l,webcam_c,eye39(inner corner),2.024,1.005
train36,S,webcam_l,webcam_c,eye89(inner corner),3.106,2.445
train36,S,webcam_l,webcam_c,eye93(outer corner),0.805,1.273
train36,S,webcam_l,webcam_c,nose78(base of nose),1.946,2.250
train36,S,webcam_l,webcam_c,nose84(base of nose),3.285,2.820
train36,T,webcam_l,webcam_c,eye35(outer corner),0.911,1.357
train36,T,webcam_l,webcam_c,eye39(inner corner),0.588,0.387
train36,T,webcam_l,webcam_c,eye89(inner corner),2.454,2.109
train36,T,webcam_l,webcam_c,eye93(outer corner),0.804,1.006
train36,T,webcam_l,webcam_c,nose78(base of nose),1.663,2.347
train36,T,webcam_l,webcam_c,nose84(base of nose),3.464,2.796
train36,S,webcam_r,basler,eye35(outer corner),0.602,0.250
train36,S,webcam_r,basler,eye39(inner corner),1.359,1.074
train36,S,webcam_r,basler,eye89(inner corner),1.339,1.103
train36,S,webcam_r,basler,eye93(outer corner),2.140,2.354
train36,S,webcam_r,basler,nose78(base of nose),4.618,3.811
train36,S,webcam_r,basler,nose84(base of nose),3.107,3.908
train36,T,webcam_r,basler,eye35(outer corner),0.467,0.364
train36,T,webcam_r,basler,eye39(inner corner),1.289,1.146
train36,T,webcam_r,basler,eye89(inner corner),0.192,0.183
train36,T,webcam_r,basler,eye93(outer corner),1.459,1.547
train36,T,webcam_r,basler,nose78(base of nose),3.738,3.323
train36,T,webcam_r,basler,nose84(base of nose),3.157,3.551
train36,S,webcam_r,webcam_c,eye35(outer corner),1.355,1.357
train36,S,webcam_r,webcam_c,eye39(inner corner),4.490,3.133
train36,S,webcam_r,webcam_c,eye89(inner corner),2.700,1.723
train36,S,webcam_r,webcam_c,eye93(outer corner),2.839,3.607
train36,S,webcam_r,webcam_c,nose78(base of nose),5.349,4.932
train36,S,webcam_r,webcam_c,nose84(base of nose),3.989,4.698
train36,T,webcam_r,webcam_c,eye35(outer corner),1.009,1.008
train36,T,webcam_r,webcam_c,eye39(inner corner),2.235,1.859
train36,T,webcam_r,webcam_c,eye89(inner corner),1.652,1.354
train36,T,webcam_r,webcam_c,eye93(outer corner),2.519,2.782
train36,T,webcam_r,webcam_c,nose78(base of nose),4.811,4.190
train36,T,webcam_r,webcam_c,nose84(base of nose),3.428,4.099
train36,S,webcam_r,webcam_l,eye35(outer corner),1.812,1.261
train36,S,webcam_r,webcam_l,eye39(inner corner),2.504,2.142
train36,S,webcam_r,webcam_l,eye89(inner corner),0.777,1.039
train36,S,webcam_r,webcam_l,eye93(outer corner),2.204,2.283
train36,S,webcam_r,webcam_l,nose78(base of nose),6.986,6.870
train36,S,webcam_r,webcam_l,nose84(base of nose),6.638,6.860
train36,T,webcam_r,webcam_l,eye35(outer corner),1.289,1.096
train36,T,webcam_r,webcam_l,eye39(inner corner),1.830,1.801
train36,T,webcam_r,webcam_l,eye89(inner corner),1.045,0.931
train36,T,webcam_r,webcam_l,eye93(outer corner),2.181,1.925
train36,T,webcam_r,webcam_l,nose78(base of nose),6.177,6.286
train36,T,webcam_r,webcam_l,nose84(base of nose),6.329,6.345
train34,S,webcam_c,basler,eye35(outer corner),1.462,0.906
train34,S,webcam_c,basler,eye39(inner corner),2.353,1.574
train34,S,webcam_c,basler,eye89(inner corner),3.194,2.584
train34,S,webcam_c,basler,eye93(outer corner),1.289,1.533
train34,S,webcam_c,basler,nose78(base of nose),1.200,0.676
train34,S,webcam_c,basler,nose84(base of nose),1.130,1.553
train34,T,webcam_c,basler,eye35(outer corner),1.023,1.115
train34,T,webcam_c,basler,eye39(inner corner),1.343,1.286
train34,T,webcam_c,basler,eye89(inner corner),1.878,1.873
train34,T,webcam_c,basler,eye93(outer corner),1.393,1.333
train34,T,webcam_c,basler,nose78(base of nose),0.399,0.341
train34,T,webcam_c,basler,nose84(base of nose),0.597,0.620
train34,S,webcam_l,basler,eye35(outer corner),1.771,1.590
train34,S,webcam_l,basler,eye39(inner corner),1.219,0.922
train34,S,webcam_l,basler,eye89(inner corner),3.694,3.563
train34,S,webcam_l,basler,eye93(outer corner),1.389,1.601
train34,S,webcam_l,basler,nose78(base of nose),0.991,1.415
train34,S,webcam_l,basler,nose84(base of nose),2.060,1.951
train34,T,webcam_l,basler,eye35(outer corner),1.909,1.923
train34,T,webcam_l,basler,eye39(inner corner),1.085,1.061
train34,T,webcam_l,basler,eye89(inner corner),3.548,3.597
train34,T,webcam_l,basler,eye93(outer corner),2.158,2.054
train34,T,webcam_l,basler,nose78(base of nose),0.989,1.210
train34,T,webcam_l,basler,nose84(base of nose),1.652,1.451
train34,S,webcam_l,webcam_c,eye35(outer corner),2.920,0.730
train34,S,webcam_l,webcam_c,eye39(inner corner),2.050,0.804
train34,S,webcam_l,webcam_c,eye89(inner corner),0.912,1.352
train34,S,webcam_l,webcam_c,eye93(outer corner),0.630,0.733
train34,S,webcam_l,webcam_c,nose78(base of nose),0.413,1.087
train34,S,webcam_l,webcam_c,nose84(base of nose),1.137,0.917
train34,T,webcam_l,webcam_c,eye35(outer corner),1.380,1.235
train34,T,webcam_l,webcam_c,eye39(inner corner),0.607,0.620
train34,T,webcam_l,webcam_c,eye89(inner corner),2.319,2.295
train34,T,webcam_l,webcam_c,eye93(outer corner),1.166,1.284
train34,T,webcam_l,webcam_c,nose78(base of nose),0.761,1.014
train34,T,webcam_l,webcam_c,nose84(base of nose),1.361,1.193
train34,S,webcam_r,basler,eye35(outer corner),2.172,1.009
train34,S,webcam_r,basler,eye39(inner corner),1.524,1.202
train34,S,webcam_r,basler,eye89(inner corner),1.717,1.271
train34,S,webcam_r,basler,eye93(outer corner),1.483,0.895
train34,S,webcam_r,basler,nose78(base of nose),1.130,1.219
train34,S,webcam_r,basler,nose84(base of nose),1.120,1.803
train34,T,webcam_r,basler,eye35(outer corner),1.816,1.211
train34,T,webcam_r,basler,eye39(inner corner),1.302,1.230
train34,T,webcam_r,basler,eye89(inner corner),1.762,1.611
train34,T,webcam_r,basler,eye93(outer corner),0.851,0.964
train34,T,webcam_r,basler,nose78(base of nose),1.582,1.648
train34,T,webcam_r,basler,nose84(base of nose),1.725,2.014
train34,S,webcam_r,webcam_c,eye35(outer corner),1.049,1.517
train34,S,webcam_r,webcam_c,eye39(inner corner),1.456,0.990
train34,S,webcam_r,webcam_c,eye89(inner corner),3.279,2.406
train34,S,webcam_r,webcam_c,eye93(outer corner),0.745,0.801
train34,S,webcam_r,webcam_c,nose78(base of nose),2.010,1.698
train34,S,webcam_r,webcam_c,nose84(base of nose),1.418,2.012
train34,T,webcam_r,webcam_c,eye35(outer corner),1.953,1.455
train34,T,webcam_r,webcam_c,eye39(inner corner),0.988,0.888
train34,T,webcam_r,webcam_c,eye89(inner corner),2.310,2.357
train34,T,webcam_r,webcam_c,eye93(outer corner),0.829,0.895
train34,T,webcam_r,webcam_c,nose78(base of nose),1.838,1.788
train34,T,webcam_r,webcam_c,nose84(base of nose),1.838,2.098
train34,S,webcam_r,webcam_l,eye35(outer corner),3.645,1.997
train34,S,webcam_r,webcam_l,eye39(inner corner),1.644,1.032
train34,S,webcam_r,webcam_l,eye89(inner corner),4.075,3.615
train34,S,webcam_r,webcam_l,eye93(outer corner),0.296,1.220
train34,S,webcam_r,webcam_l,nose78(base of nose),1.822,2.502
train34,S,webcam_r,webcam_l,nose84(base of nose),2.411,2.878
train34,T,webcam_r,webcam_l,eye35(outer corner),3.249,2.507
train34,T,webcam_r,webcam_l,eye39(inner corner),1.130,1.150
train34,T,webcam_r,webcam_l,eye89(inner corner),4.479,4.467
train34,T,webcam_r,webcam_l,eye93(outer corner),1.801,2.085
train34,T,webcam_r,webcam_l,nose78(base of nose),2.448,2.710
train34,T,webcam_r,webcam_l,nose84(base of nose),3.054,3.164
val01,S,webcam_l,webcam_c,eye35(outer corner),1.641,0.754
val01,S,webcam_l,webcam_c,eye39(inner corner),0.993,0.736
val01,S,webcam_l,webcam_c,eye89(inner corner),1.865,1.591
val01,S,webcam_l,webcam_c,eye93(outer corner),0.859,0.917
val01,S,webcam_l,webcam_c,nose78(base of nose),0.714,1.297
val01,S,webcam_l,webcam_c,nose84(base of nose),1.375,1.375
val01,T,webcam_l,webcam_c,eye35(outer corner),0.906,0.619
val01,T,webcam_l,webcam_c,eye39(inner corner),1.028,0.894
val01,T,webcam_l,webcam_c,eye89(inner corner),1.645,1.419
val01,T,webcam_l,webcam_c,eye93(outer corner),0.943,0.824
val01,T,webcam_l,webcam_c,nose78(base of nose),1.037,1.573
val01,T,webcam_l,webcam_c,nose84(base of nose),1.942,1.708
val01,S,webcam_r,webcam_c,eye35(outer corner),1.540,1.359
val01,S,webcam_r,webcam_c,eye39(inner corner),1.471,1.425
val01,S,webcam_r,webcam_c,eye89(inner corner),2.090,1.768
val01,S,webcam_r,webcam_c,eye93(outer corner),0.527,0.826
val01,S,webcam_r,webcam_c,nose78(base of nose),0.746,1.168
val01,S,webcam_r,webcam_c,nose84(base of nose),1.523,1.210
val01,T,webcam_r,webcam_c,eye35(outer corner),1.662,1.461
val01,T,webcam_r,webcam_c,eye39(inner corner),1.578,1.599
val01,T,webcam_r,webcam_c,eye89(inner corner),2.107,1.927
val01,T,webcam_r,webcam_c,eye93(outer corner),0.981,1.281
val01,T,webcam_r,webcam_c,nose78(base of nose),0.858,1.005
val01,T,webcam_r,webcam_c,nose84(base of nose),1.168,0.942
val01,S,webcam_r,webcam_l,eye35(outer corner),2.978,1.826
val01,S,webcam_r,webcam_l,eye39(inner corner),1.251,1.341
val01,S,webcam_r,webcam_l,eye89(inner corner),3.748,3.077
val01,S,webcam_r,webcam_l,eye93(outer corner),0.908,1.449
val01,S,webcam_r,webcam_l,nose78(base of nose),1.014,2.169
val01,S,webcam_r,webcam_l,nose84(base of nose),2.803,2.492
val01,T,webcam_r,webcam_l,eye35(outer corner),2.346,1.695
val01,T,webcam_r,webcam_l,eye39(inner corner),1.139,1.137
val01,T,webcam_r,webcam_l,eye89(inner corner),3.520,3.018
val01,T,webcam_r,webcam_l,eye93(outer corner),0.753,1.483
val01,T,webcam_r,webcam_l,nose78(base of nose),1.161,2.184
val01,T,webcam_r,webcam_l,nose84(base of nose),2.954,2.432
train32,S,webcam_c,basler,eye35(outer corner),1.081,0.808
train32,S,webcam_c,basler,eye39(inner corner),1.548,1.595
train32,S,webcam_c,basler,eye89(inner corner),1.252,1.090
train32,S,webcam_c,basler,eye93(outer corner),1.500,1.132
train32,S,webcam_c,basler,nose78(base of nose),1.709,1.988
train32,S,webcam_c,basler,nose84(base of nose),2.219,2.188
train32,T,webcam_c,basler,eye35(outer corner),0.612,0.550
train32,T,webcam_c,basler,eye39(inner corner),1.351,1.311
train32,T,webcam_c,basler,eye89(inner corner),1.495,1.148
train32,T,webcam_c,basler,eye93(outer corner),1.206,1.031
train32,T,webcam_c,basler,nose78(base of nose),0.887,1.198
train32,T,webcam_c,basler,nose84(base of nose),1.380,1.381
train32,S,webcam_l,basler,eye35(outer corner),0.838,0.735
train32,S,webcam_l,basler,eye39(inner corner),1.632,1.715
train32,S,webcam_l,basler,eye89(inner corner),2.040,2.044
train32,S,webcam_l,basler,eye93(outer corner),0.835,0.682
train32,S,webcam_l,basler,nose78(base of nose),0.395,0.849
train32,S,webcam_l,basler,nose84(base of nose),1.472,1.046
train32,T,webcam_l,basler,eye35(outer corner),1.031,1.106
train32,T,webcam_l,basler,eye39(inner corner),0.645,0.711
train32,T,webcam_l,basler,eye89(inner corner),2.824,2.623
train32,T,webcam_l,basler,eye93(outer corner),0.779,0.972
train32,T,webcam_l,basler,nose78(base of nose),1.109,1.894
train32,T,webcam_l,basler,nose84(base of nose),2.746,2.057
train32,S,webcam_l,webcam_c,eye35(outer corner),0.380,0.366
train32,S,webcam_l,webcam_c,eye39(inner corner),2.760,2.702
train32,S,webcam_l,webcam_c,eye89(inner corner),3.095,2.781
train32,S,webcam_l,webcam_c,eye93(outer corner),0.671,0.695
train32,S,webcam_l,webcam_c,nose78(base of nose),2.078,2.788
train32,S,webcam_l,webcam_c,nose84(base of nose),3.545,3.133
train32,T,webcam_l,webcam_c,eye35(outer corner),1.158,1.034
train32,T,webcam_l,webcam_c,eye39(inner corner),1.433,1.483
train32,T,webcam_l,webcam_c,eye89(inner corner),4.017,3.485
train32,T,webcam_l,webcam_c,eye93(outer corner),0.511,1.028
train32,T,webcam_l,webcam_c,nose78(base of nose),1.961,3.017
train32,T,webcam_l,webcam_c,nose84(base of nose),4.116,3.462
train32,S,webcam_r,basler,eye35(outer corner),1.183,1.058
train32,S,webcam_r,basler,eye39(inner corner),1.031,1.157
train32,S,webcam_r,basler,eye89(inner corner),0.409,0.261
train32,S,webcam_r,basler,eye93(outer corner),1.525,1.237
train32,S,webcam_r,basler,nose78(base of nose),3.592,3.032
train32,S,webcam_r,basler,nose84(base of nose),2.788,3.372
train32,T,webcam_r,basler,eye35(outer corner),1.614,1.462
train32,T,webcam_r,basler,eye39(inner corner),1.215,1.261
train32,T,webcam_r,basler,eye89(inner corner),0.306,0.439
train32,T,webcam_r,basler,eye93(outer corner),0.809,0.854
train32,T,webcam_r,basler,nose78(base of nose),3.043,2.737
train32,T,webcam_r,basler,nose84(base of nose),2.826,3.102
train32,S,webcam_r,webcam_c,eye35(outer corner),0.911,1.095
train32,S,webcam_r,webcam_c,eye39(inner corner),1.127,1.092
train32,S,webcam_r,webcam_c,eye89(inner corner),1.085,0.894
train32,S,webcam_r,webcam_c,eye93(outer corner),0.488,0.891
train32,S,webcam_r,webcam_c,nose78(base of nose),2.127,1.428
train32,S,webcam_r,webcam_c,nose84(base of nose),1.509,1.637
train32,T,webcam_r,webcam_c,eye35(outer corner),1.414,1.593
train32,T,webcam_r,webcam_c,eye39(inner corner),1.458,1.551
train32,T,webcam_r,webcam_c,eye89(inner corner),1.212,0.783
train32,T,webcam_r,webcam_c,eye93(outer corner),0.523,0.718
train32,T,webcam_r,webcam_c,nose78(base of nose),2.367,1.791
train32,T,webcam_r,webcam_c,nose84(base of nose),1.773,1.944
train32,S,webcam_r,webcam_l,eye35(outer corner),1.052,1.127
train32,S,webcam_r,webcam_l,eye39(inner corner),2.202,2.264
train32,S,webcam_r,webcam_l,eye89(inner corner),2.410,2.241
train32,S,webcam_r,webcam_l,eye93(outer corner),0.784,0.609
train32,S,webcam_r,webcam_l,nose78(base of nose),3.983,3.851
train32,S,webcam_r,webcam_l,nose84(base of nose),4.136,4.308
train32,T,webcam_r,webcam_l,eye35(outer corner),2.517,2.461
train32,T,webcam_r,webcam_l,eye39(inner corner),1.405,1.378
train32,T,webcam_r,webcam_l,eye89(inner corner),3.096,3.029
train32,T,webcam_r,webcam_l,eye93(outer corner),0.313,0.402
train32,T,webcam_r,webcam_l,nose78(base of nose),4.128,4.599
train32,T,webcam_r,webcam_l,nose84(base of nose),5.457,5.081
train38,S,webcam_c,basler,eye35(outer corner),0.770,1.097
train38,S,webcam_c,basler,eye39(inner corner),1.733,1.500
train38,S,webcam_c,basler,eye89(inner corner),2.226,1.713
train38,S,webcam_c,basler,eye93(outer corner),0.738,1.329
train38,S,webcam_c,basler,nose78(base of nose),0.841,0.630
train38,S,webcam_c,basler,nose84(base of nose),0.129,0.197
train38,T,webcam_c,basler,eye35(outer corner),0.898,0.857
train38,T,webcam_c,basler,eye39(inner corner),1.916,1.975
train38,T,webcam_c,basler,eye89(inner corner),1.068,0.819
train38,T,webcam_c,basler,eye93(outer corner),0.740,0.686
train38,T,webcam_c,basler,nose78(base of nose),0.884,0.795
train38,T,webcam_c,basler,nose84(base of nose),0.183,0.252
train38,S,webcam_l,basler,eye35(outer corner),0.923,2.007
train38,S,webcam_l,basler,eye39(inner corner),3.380,2.931
train38,S,webcam_l,basler,eye89(inner corner),2.082,2.330
train38,S,webcam_l,basler,eye93(outer corner),3.438,2.605
train38,S,webcam_l,basler,nose78(base of nose),1.774,1.454
train38,S,webcam_l,basler,nose84(base of nose),0.679,1.103
train38,T,webcam_l,basler,eye35(outer corner),0.391,0.258
train38,T,webcam_l,basler,eye39(inner corner),1.113,0.949
train38,T,webcam_l,basler,eye89(inner corner),1.415,1.357
train38,T,webcam_l,basler,eye93(outer corner),1.607,1.387
train38,T,webcam_l,basler,nose78(base of nose),1.708,2.105
train38,T,webcam_l,basler,nose84(base of nose),2.123,1.939
train38,S,webcam_l,webcam_c,eye35(outer corner),1.128,1.247
train38,S,webcam_l,webcam_c,eye39(inner corner),2.724,2.912
train38,S,webcam_l,webcam_c,eye89(inner corner),1.406,1.205
train38,S,webcam_l,webcam_c,eye93(outer corner),2.815,1.645
train38,S,webcam_l,webcam_c,nose78(base of nose),1.531,1.282
train38,S,webcam_l,webcam_c,nose84(base of nose),0.656,1.050
train38,T,webcam_l,webcam_c,eye35(outer corner),0.664,0.709
train38,T,webcam_l,webcam_c,eye39(inner corner),2.196,2.206
train38,T,webcam_l,webcam_c,eye89(inner corner),1.265,1.036
train38,T,webcam_l,webcam_c,eye93(outer corner),1.970,1.415
train38,T,webcam_l,webcam_c,nose78(base of nose),2.134,2.302
train38,T,webcam_l,webcam_c,nose84(base of nose),1.968,2.132
train38,S,webcam_r,basler,eye35(outer corner),2.805,2.605
train38,S,webcam_r,basler,eye39(inner corner),2.252,2.215
train38,S,webcam_r,basler,eye89(inner corner),3.600,3.449
train38,S,webcam_r,basler,eye93(outer corner),1.371,1.673
train38,S,webcam_r,basler,nose78(base of nose),2.620,2.786
train38,S,webcam_r,basler,nose84(base of nose),2.929,2.951
train38,T,webcam_r,basler,eye35(outer corner),2.243,2.104
train38,T,webcam_r,basler,eye39(inner corner),2.172,2.124
train38,T,webcam_r,basler,eye89(inner corner),2.694,2.642
train38,T,webcam_r,basler,eye93(outer corner),0.869,1.053
train38,T,webcam_r,basler,nose78(base of nose),2.514,2.659
train38,T,webcam_r,basler,nose84(base of nose),2.880,2.846
train38,S,webcam_r,webcam_c,eye35(outer corner),2.389,1.821
train38,S,webcam_r,webcam_c,eye39(inner corner),1.404,1.192
train38,S,webcam_r,webcam_c,eye89(inner corner),2.184,2.365
train38,S,webcam_r,webcam_c,eye93(outer corner),1.037,0.945
train38,S,webcam_r,webcam_c,nose78(base of nose),2.711,2.795
train38,S,webcam_r,webcam_c,nose84(base of nose),2.810,2.889
train38,T,webcam_r,webcam_c,eye35(outer corner),2.594,2.388
train38,T,webcam_r,webcam_c,eye39(inner corner),1.695,1.862
train38,T,webcam_r,webcam_c,eye89(inner corner),2.399,2.566
train38,T,webcam_r,webcam_c,eye93(outer corner),1.445,1.271
train38,T,webcam_r,webcam_c,nose78(base of nose),2.047,2.418
train38,T,webcam_r,webcam_c,nose84(base of nose),3.011,2.629
train38,S,webcam_r,webcam_l,eye35(outer corner),2.248,1.724
train38,S,webcam_r,webcam_l,eye39(inner corner),3.939,3.657
train38,S,webcam_r,webcam_l,eye89(inner corner),3.498,3.229
train38,S,webcam_r,webcam_l,eye93(outer corner),2.658,2.065
train38,S,webcam_r,webcam_l,nose78(base of nose),4.181,3.944
train38,S,webcam_r,webcam_l,nose84(base of nose),2.977,3.893
train38,T,webcam_r,webcam_l,eye35(outer corner),2.573,2.202
train38,T,webcam_r,webcam_l,eye39(inner corner),2.362,2.257
train38,T,webcam_r,webcam_l,eye89(inner corner),3.466,3.298
train38,T,webcam_r,webcam_l,eye93(outer corner),1.625,1.617
train38,T,webcam_r,webcam_l,nose78(base of nose),4.125,4.658
train38,T,webcam_r,webcam_l,nose84(base of nose),4.936,4.711
train37,S,webcam_c,basler,eye35(outer corner),1.163,1.112
train37,S,webcam_c,basler,eye39(inner corner),1.580,1.415
train37,S,webcam_c,basler,eye89(inner corner),1.037,1.252
train37,S,webcam_c,basler,eye93(outer corner),1.486,1.163
train37,S,webcam_c,basler,nose78(base of nose),1.737,1.410
train37,S,webcam_c,basler,nose84(base of nose),1.144,1.261
train37,T,webcam_c,basler,eye35(outer corner),1.065,1.177
train37,T,webcam_c,basler,eye39(inner corner),1.701,1.710
train37,T,webcam_c,basler,eye89(inner corner),1.499,1.128
train37,T,webcam_c,basler,eye93(outer corner),1.240,1.301
train37,T,webcam_c,basler,nose78(base of nose),1.472,0.907
train37,T,webcam_c,basler,nose84(base of nose),0.470,0.743
train37,S,webcam_l,basler,eye35(outer corner),1.785,1.632
train37,S,webcam_l,basler,eye39(inner corner),1.139,1.291
train37,S,webcam_l,basler,eye89(inner corner),1.666,1.848
train37,S,webcam_l,basler,eye93(outer corner),1.314,1.064
train37,S,webcam_l,basler,nose78(base of nose),0.787,1.566
train37,S,webcam_l,basler,nose84(base of nose),2.521,1.736
train37,T,webcam_l,basler,eye35(outer corner),1.655,1.697
train37,T,webcam_l,basler,eye39(inner corner),1.860,1.763
train37,T,webcam_l,basler,eye89(inner corner),1.687,1.444
train37,T,webcam_l,basler,eye93(outer corner),0.906,1.108
train37,T,webcam_l,basler,nose78(base of nose),0.591,1.220
train37,T,webcam_l,basler,nose84(base of nose),1.796,1.210
train37,S,webcam_l,webcam_c,eye35(outer corner),0.861,1.101
train37,S,webcam_l,webcam_c,eye39(inner corner),1.491,1.224
train37,S,webcam_l,webcam_c,eye89(inner corner),1.488,1.075
train37,S,webcam_l,webcam_c,eye93(outer corner),0.284,0.919
train37,S,webcam_l,webcam_c,nose78(base of nose),1.117,0.589
train37,S,webcam_l,webcam_c,nose84(base of nose),1.483,0.560
train37,T,webcam_l,webcam_c,eye35(outer corner),0.975,1.029
train37,T,webcam_l,webcam_c,eye39(inner corner),1.065,0.809
train37,T,webcam_l,webcam_c,eye89(inner corner),2.513,1.765
train37,T,webcam_l,webcam_c,eye93(outer corner),0.388,1.217
train37,T,webcam_l,webcam_c,nose78(base of nose),1.164,0.637
train37,T,webcam_l,webcam_c,nose84(base of nose),1.333,0.573
train37,S,webcam_r,basler,eye35(outer corner),0.678,0.574
train37,S,webcam_r,basler,eye39(inner corner),1.395,1.565
train37,S,webcam_r,basler,eye89(inner corner),1.312,1.218
train37,S,webcam_r,basler,eye93(outer corner),1.269,1.073
train37,S,webcam_r,basler,nose78(base of nose),2.804,1.950
train37,S,webcam_r,basler,nose84(base of nose),1.686,2.231
train37,T,webcam_r,basler,eye35(outer corner),0.496,0.680
train37,T,webcam_r,basler,eye39(inner corner),1.947,1.909
train37,T,webcam_r,basler,eye89(inner corner),0.832,1.136
train37,T,webcam_r,basler,eye93(outer corner),1.082,1.193
train37,T,webcam_r,basler,nose78(base of nose),3.556,2.949
train37,T,webcam_r,basler,nose84(base of nose),2.931,3.246
train37,S,webcam_r,webcam_c,eye35(outer corner),0.824,0.873
train37,S,webcam_r,webcam_c,eye39(inner corner),1.358,1.423
train37,S,webcam_r,webcam_c,eye89(inner corner),1.341,1.731
train37,S,webcam_r,webcam_c,eye93(outer corner),0.664,0.505
train37,S,webcam_r,webcam_c,nose78(base of nose),4.445,3.149
train37,S,webcam_r,webcam_c,nose84(base of nose),2.415,3.228
train37,T,webcam_r,webcam_c,eye35(outer corner),0.731,0.942
train37,T,webcam_r,webcam_c,eye39(inner corner),1.031,0.926
train37,T,webcam_r,webcam_c,eye89(inner corner),0.869,0.878
train37,T,webcam_r,webcam_c,eye93(outer corner),0.404,1.184
train37,T,webcam_r,webcam_c,nose78(base of nose),5.026,3.865
train37,T,webcam_r,webcam_c,nose84(base of nose),3.350,3.896
train37,S,webcam_r,webcam_l,eye35(outer corner),1.344,1.697
train37,S,webcam_r,webcam_l,eye39(inner corner),0.609,0.496
train37,S,webcam_r,webcam_l,eye89(inner corner),2.640,2.641
train37,S,webcam_r,webcam_l,eye93(outer corner),0.793,0.663
train37,S,webcam_r,webcam_l,nose78(base of nose),3.441,3.368
train37,S,webcam_r,webcam_l,nose84(base of nose),3.704,3.550
train37,T,webcam_r,webcam_l,eye35(outer corner),1.542,1.790
train37,T,webcam_r,webcam_l,eye39(inner corner),0.384,0.415
train37,T,webcam_r,webcam_l,eye89(inner corner),2.248,2.276
train37,T,webcam_r,webcam_l,eye93(outer corner),0.411,0.332
train37,T,webcam_r,webcam_l,nose78(base of nose),3.961,4.063
train37,T,webcam_r,webcam_l,nose84(base of nose),4.487,4.252
train39,S,webcam_c,basler,eye35(outer corner),1.673,1.056
train39,S,webcam_c,basler,eye39(inner corner),0.811,0.506
train39,S,webcam_c,basler,eye89(inner corner),4.046,2.354
train39,S,webcam_c,basler,eye93(outer corner),0.262,1.982
train39,S,webcam_c,basler,nose78(base of nose),3.149,3.521
train39,S,webcam_c,basler,nose84(base of nose),3.312,2.634
train39,T,webcam_c,basler,eye35(outer corner),0.537,0.403
train39,T,webcam_c,basler,eye39(inner corner),0.214,0.471
train39,T,webcam_c,basler,eye89(inner corner),1.273,0.787
train39,T,webcam_c,basler,eye93(outer corner),0.165,0.519
train39,T,webcam_c,basler,nose78(base of nose),0.834,0.962
train39,T,webcam_c,basler,nose84(base of nose),1.309,1.044
train39,S,webcam_l,basler,eye35(outer corner),1.444,1.116
train39,S,webcam_l,basler,eye39(inner corner),1.928,1.581
train39,S,webcam_l,basler,eye89(inner corner),1.321,1.096
train39,S,webcam_l,basler,eye93(outer corner),2.311,2.467
train39,S,webcam_l,basler,nose78(base of nose),4.760,5.075
train39,S,webcam_l,basler,nose84(base of nose),5.126,4.931
train39,T,webcam_l,basler,eye35(outer corner),0.756,0.702
train39,T,webcam_l,basler,eye39(inner corner),2.097,2.125
train39,T,webcam_l,basler,eye89(inner corner),1.536,1.279
train39,T,webcam_l,basler,eye93(outer corner),2.149,1.751
train39,T,webcam_l,basler,nose78(base of nose),4.350,5.094
train39,T,webcam_l,basler,nose84(base of nose),5.773,5.198
train39,S,webcam_l,webcam_c,eye35(outer corner),0.841,0.661
train39,S,webcam_l,webcam_c,eye39(inner corner),1.494,1.887
train39,S,webcam_l,webcam_c,eye89(inner corner),3.438,2.115
train39,S,webcam_l,webcam_c,eye93(outer corner),2.472,1.066
train39,S,webcam_l,webcam_c,nose78(base of nose),1.861,2.222
train39,S,webcam_l,webcam_c,nose84(base of nose),2.236,2.640
train39,T,webcam_l,webcam_c,eye35(outer corner),0.646,0.655
train39,T,webcam_l,webcam_c,eye39(inner corner),2.269,2.539
train39,T,webcam_l,webcam_c,eye89(inner corner),2.662,1.955
train39,T,webcam_l,webcam_c,eye93(outer corner),2.306,1.399
train39,T,webcam_l,webcam_c,nose78(base of nose),4.094,4.538
train39,T,webcam_l,webcam_c,nose84(base of nose),4.823,4.730
train39,S,webcam_r,basler,eye35(outer corner),1.697,0.550
train39,S,webcam_r,basler,eye39(inner corner),1.310,1.194
train39,S,webcam_r,basler,eye89(inner corner),3.210,2.657
train39,S,webcam_r,basler,eye93(outer corner),0.573,1.622
train39,S,webcam_r,basler,nose78(base of nose),2.600,2.435
train39,S,webcam_r,basler,nose84(base of nose),1.968,1.885
train39,T,webcam_r,basler,eye35(outer corner),1.804,1.306
train39,T,webcam_r,basler,eye39(inner corner),1.333,1.428
train39,T,webcam_r,basler,eye89(inner corner),1.835,1.713
train39,T,webcam_r,basler,eye93(outer corner),0.854,1.111
train39,T,webcam_r,basler,nose78(base of nose),1.651,1.579
train39,T,webcam_r,basler,nose84(base of nose),1.143,1.444
train39,S,webcam_r,webcam_c,eye35(outer corner),2.962,1.250
train39,S,webcam_r,webcam_c,eye39(inner corner),1.832,1.067
train39,S,webcam_r,webcam_c,eye89(inner corner),1.491,0.985
train39,S,webcam_r,webcam_c,eye93(outer corner),0.618,0.691
train39,S,webcam_r,webcam_c,nose78(base of nose),1.367,1.951
train39,S,webcam_r,webcam_c,nose84(base of nose),1.828,1.546
train39,T,webcam_r,webcam_c,eye35(outer corner),2.200,1.544
train39,T,webcam_r,webcam_c,eye39(inner corner),1.341,1.664
train39,T,webcam_r,webcam_c,eye89(inner corner),1.017,1.167
train39,T,webcam_r,webcam_c,eye93(outer corner),0.871,0.731
train39,T,webcam_r,webcam_c,nose78(base of nose),1.236,1.373
train39,T,webcam_r,webcam_c,nose84(base of nose),1.338,1.252
train39,S,webcam_r,webcam_l,eye35(outer corner),3.027,1.543
train39,S,webcam_r,webcam_l,eye39(inner corner),3.208,2.669
train39,S,webcam_r,webcam_l,eye89(inner corner),3.092,2.810
train39,S,webcam_r,webcam_l,eye93(outer corner),2.303,1.627
train39,S,webcam_r,webcam_l,nose78(base of nose),3.067,4.009
train39,S,webcam_r,webcam_l,nose84(base of nose),3.993,4.090
train39,T,webcam_r,webcam_l,eye35(outer corner),2.523,1.955
train39,T,webcam_r,webcam_l,eye39(inner corner),2.639,2.502
train39,T,webcam_r,webcam_l,eye89(inner corner),3.354,3.032
train39,T,webcam_r,webcam_l,eye93(outer corner),2.079,1.710
train39,T,webcam_r,webcam_l,nose78(base of nose),5.068,5.747
train39,T,webcam_r,webcam_l,nose84(base of nose),6.155,5.955
val02,S,webcam_c,basler,eye35(outer corner),0.808,0.654
val02,S,webcam_c,basler,eye39(inner corner),2.382,2.185
val02,S,webcam_c,basler,eye89(inner corner),1.937,1.861
val02,S,webcam_c,basler,eye93(outer corner),1.083,0.964
val02,S,webcam_c,basler,nose78(base of nose),0.938,1.305
val02,S,webcam_c,basler,nose84(base of nose),1.817,1.593
val02,T,webcam_c,basler,eye35(outer corner),1.658,1.654
val02,T,webcam_c,basler,eye39(inner corner),2.202,2.223
val02,T,webcam_c,basler,eye89(inner corner),2.395,2.455
val02,T,webcam_c,basler,eye93(outer corner),1.581,1.463
val02,T,webcam_c,basler,nose78(base of nose),0.904,0.974
val02,T,webcam_c,basler,nose84(base of nose),1.871,1.619
val02,S,webcam_l,basler,eye35(outer corner),1.017,1.089
val02,S,webcam_l,basler,eye39(inner corner),2.285,2.275
val02,S,webcam_l,basler,eye89(inner corner),2.513,2.488
val02,S,webcam_l,basler,eye93(outer corner),1.814,1.547
val02,S,webcam_l,basler,nose78(base of nose),1.230,1.355
val02,S,webcam_l,basler,nose84(base of nose),1.581,1.657
val02,T,webcam_l,basler,eye35(outer corner),0.857,1.013
val02,T,webcam_l,basler,eye39(inner corner),2.813,2.678
val02,T,webcam_l,basler,eye89(inner corner),2.949,2.879
val02,T,webcam_l,basler,eye93(outer corner),1.325,1.309
val02,T,webcam_l,basler,nose78(base of nose),1.761,2.042
val02,T,webcam_l,basler,nose84(base of nose),2.527,2.438
val02,S,webcam_l,webcam_c,eye35(outer corner),0.727,1.165
val02,S,webcam_l,webcam_c,eye39(inner corner),2.673,2.365
val02,S,webcam_l,webcam_c,eye89(inner corner),1.544,1.553
val02,S,webcam_l,webcam_c,eye93(outer corner),2.117,1.559
val02,S,webcam_l,webcam_c,nose78(base of nose),0.913,1.080
val02,S,webcam_l,webcam_c,nose84(base of nose),0.372,0.672
val02,T,webcam_l,webcam_c,eye35(outer corner),1.821,2.074
val02,T,webcam_l,webcam_c,eye39(inner corner),3.965,3.874
val02,T,webcam_l,webcam_c,eye89(inner corner),1.361,1.332
val02,T,webcam_l,webcam_c,eye93(outer corner),2.090,1.808
val02,T,webcam_l,webcam_c,nose78(base of nose),1.986,1.853
val02,T,webcam_l,webcam_c,nose84(base of nose),1.019,1.399
val02,S,webcam_r,basler,eye35(outer corner),2.971,1.832
val02,S,webcam_r,basler,eye39(inner corner),2.816,2.761
val02,S,webcam_r,basler,eye89(inner corner),3.853,3.249
val02,S,webcam_r,basler,eye93(outer corner),0.632,2.071
val02,S,webcam_r,basler,nose78(base of nose),1.511,1.757
val02,S,webcam_r,basler,nose84(base of nose),1.371,1.262
val02,T,webcam_r,basler,eye35(outer corner),1.566,1.484
val02,T,webcam_r,basler,eye39(inner corner),2.511,2.475
val02,T,webcam_r,basler,eye89(inner corner),2.568,2.495
val02,T,webcam_r,basler,eye93(outer corner),1.585,1.731
val02,T,webcam_r,basler,nose78(base of nose),1.556,1.538
val02,T,webcam_r,basler,nose84(base of nose),1.378,1.475
val02,S,webcam_r,webcam_c,eye35(outer corner),2.276,1.958
val02,S,webcam_r,webcam_c,eye39(inner corner),1.560,1.390
val02,S,webcam_r,webcam_c,eye89(inner corner),5.296,4.827
val02,S,webcam_r,webcam_c,eye93(outer corner),1.540,2.432
val02,S,webcam_r,webcam_c,nose78(base of nose),0.767,1.501
val02,S,webcam_r,webcam_c,nose84(base of nose),2.390,1.893
val02,T,webcam_r,webcam_c,eye35(outer corner),2.372,2.254
val02,T,webcam_r,webcam_c,eye39(inner corner),1.647,1.734
val02,T,webcam_r,webcam_c,eye89(inner corner),4.564,4.653
val02,T,webcam_r,webcam_c,eye93(outer corner),3.005,2.963
val02,T,webcam_r,webcam_c,nose78(base of nose),0.851,1.122
val02,T,webcam_r,webcam_c,nose84(base of nose),1.846,1.421
val02,S,webcam_r,webcam_l,eye35(outer corner),2.521,1.688
val02,S,webcam_r,webcam_l,eye39(inner corner),3.286,3.073
val02,S,webcam_r,webcam_l,eye89(inner corner),5.745,5.165
val02,S,webcam_r,webcam_l,eye93(outer corner),1.947,2.385
val02,S,webcam_r,webcam_l,nose78(base of nose),1.631,2.434
val02,S,webcam_r,webcam_l,nose84(base of nose),2.351,2.274
val02,T,webcam_r,webcam_l,eye35(outer corner),1.642,1.569
val02,T,webcam_r,webcam_l,eye39(inner corner),3.732,3.594
val02,T,webcam_r,webcam_l,eye89(inner corner),5.153,5.123
val02,T,webcam_r,webcam_l,eye93(outer corner),2.259,2.366
val02,T,webcam_r,webcam_l,nose78(base of nose),2.484,2.741
val02,T,webcam_r,webcam_l,nose84(base of nose),2.790,2.695
val03,S,webcam_l,webcam_c,eye35(outer corner),3.307,1.025
val03,S,webcam_l,webcam_c,eye39(inner corner),1.801,0.616
val03,S,webcam_l,webcam_c,eye89(inner corner),0.774,1.076
val03,S,webcam_l,webcam_c,eye93(outer corner),0.690,0.749
val03,S,webcam_l,webcam_c,nose78(base of nose),1.404,0.429
val03,S,webcam_l,webcam_c,nose84(base of nose),0.343,1.082
val03,T,webcam_l,webcam_c,eye35(outer corner),1.633,1.555
val03,T,webcam_l,webcam_c,eye39(inner corner),1.459,1.461
val03,T,webcam_l,webcam_c,eye89(inner corner),2.217,2.052
val03,T,webcam_l,webcam_c,eye93(outer corner),1.180,1.507
val03,T,webcam_l,webcam_c,nose78(base of nose),0.606,0.552
val03,T,webcam_l,webcam_c,nose84(base of nose),1.096,0.684
val03,S,webcam_r,webcam_c,eye35(outer corner),1.623,1.160
val03,S,webcam_r,webcam_c,eye39(inner corner),1.019,0.900
val03,S,webcam_r,webcam_c,eye89(inner corner),3.026,3.143
val03,S,webcam_r,webcam_c,eye93(outer corner),2.029,2.050
val03,S,webcam_r,webcam_c,nose78(base of nose),1.155,0.810
val03,S,webcam_r,webcam_c,nose84(base of nose),0.490,0.359
val03,T,webcam_r,webcam_c,eye35(outer corner),1.934,1.596
val03,T,webcam_r,webcam_c,eye39(inner corner),1.037,1.125
val03,T,webcam_r,webcam_c,eye89(inner corner),1.664,1.636
val03,T,webcam_r,webcam_c,eye93(outer corner),0.647,0.753
val03,T,webcam_r,webcam_c,nose78(base of nose),1.883,1.930
val03,T,webcam_r,webcam_c,nose84(base of nose),1.847,1.974
val03,S,webcam_r,webcam_l,eye35(outer corner),4.776,1.927
val03,S,webcam_r,webcam_l,eye39(inner corner),2.553,1.334
val03,S,webcam_r,webcam_l,eye89(inner corner),3.542,4.171
val03,S,webcam_r,webcam_l,eye93(outer corner),2.605,2.687
val03,S,webcam_r,webcam_l,nose78(base of nose),2.448,1.213
val03,S,webcam_r,webcam_l,nose84(base of nose),0.793,1.440
val03,T,webcam_r,webcam_l,eye35(outer corner),3.498,3.015
val03,T,webcam_r,webcam_l,eye39(inner corner),2.182,2.334
val03,T,webcam_r,webcam_l,eye89(inner corner),3.760,3.527
val03,T,webcam_r,webcam_l,eye93(outer corner),1.613,2.126
val03,T,webcam_r,webcam_l,nose78(base of nose),1.797,2.372
val03,T,webcam_r,webcam_l,nose84(base of nose),2.931,2.610
train35,S,webcam_c,basler,eye35(outer corner),1.560,1.001
train35,S,webcam_c,basler,eye39(inner corner),1.982,1.925
train35,S,webcam_c,basler,eye89(inner corner),1.919,1.510
train35,S,webcam_c,basler,eye93(outer corner),1.046,0.800
train35,S,webcam_c,basler,nose78(base of nose),1.298,1.121
train35,S,webcam_c,basler,nose84(base of nose),0.712,1.200
train35,T,webcam_c,basler,eye35(outer corner),2.412,2.185
train35,T,webcam_c,basler,eye39(inner corner),3.122,3.430
train35,T,webcam_c,basler,eye89(inner corner),3.586,3.921
train35,T,webcam_c,basler,eye93(outer corner),3.351,2.941
train35,T,webcam_c,basler,nose78(base of nose),3.210,1.588
train35,T,webcam_c,basler,nose84(base of nose),3.124,1.227
train35,S,webcam_l,basler,eye35(outer corner),2.138,1.310
train35,S,webcam_l,basler,eye39(inner corner),2.633,1.871
train35,S,webcam_l,basler,eye89(inner corner),1.706,1.640
train35,S,webcam_l,basler,eye93(outer corner),1.873,1.585
train35,S,webcam_l,basler,nose78(base of nose),0.926,1.812
train35,S,webcam_l,basler,nose84(base of nose),2.029,1.933
train35,T,webcam_l,basler,eye35(outer corner),1.067,0.885
train35,T,webcam_l,basler,eye39(inner corner),1.675,1.566
train35,T,webcam_l,basler,eye89(inner corner),1.698,1.584
train35,T,webcam_l,basler,eye93(outer corner),1.446,1.317
train35,T,webcam_l,basler,nose78(base of nose),0.739,1.313
train35,T,webcam_l,basler,nose84(base of nose),1.500,1.140
train35,S,webcam_l,webcam_c,eye35(outer corner),2.718,0.515
train35,S,webcam_l,webcam_c,eye39(inner corner),3.345,2.066
train35,S,webcam_l,webcam_c,eye89(inner corner),2.182,1.525
train35,S,webcam_l,webcam_c,eye93(outer corner),1.477,1.879
train35,S,webcam_l,webcam_c,nose78(base of nose),2.150,2.812
train35,S,webcam_l,webcam_c,nose84(base of nose),2.092,2.256
train35,T,webcam_l,webcam_c,eye35(outer corner),1.627,2.010
train35,T,webcam_l,webcam_c,eye39(inner corner),3.155,3.230
train35,T,webcam_l,webcam_c,eye89(inner corner),3.120,3.605
train35,T,webcam_l,webcam_c,eye93(outer corner),3.955,3.101
train35,T,webcam_l,webcam_c,nose78(base of nose),3.361,1.855
train35,T,webcam_l,webcam_c,nose84(base of nose),1.750,1.263
train35,S,webcam_r,basler,eye35(outer corner),2.626,1.349
train35,S,webcam_r,basler,eye39(inner corner),2.184,2.384
train35,S,webcam_r,basler,eye89(inner corner),3.017,2.682
train35,S,webcam_r,basler,eye93(outer corner),1.367,1.946
train35,S,webcam_r,basler,nose78(base of nose),1.386,1.530
train35,S,webcam_r,basler,nose84(base of nose),1.167,1.054
train35,T,webcam_r,basler,eye35(outer corner),2.302,1.638
train35,T,webcam_r,basler,eye39(inner corner),2.495,2.517
train35,T,webcam_r,basler,eye89(inner corner),2.418,2.432
train35,T,webcam_r,basler,eye93(outer corner),1.600,1.692
train35,T,webcam_r,basler,nose78(base of nose),2.033,1.975
train35,T,webcam_r,basler,nose84(base of nose),0.856,1.391
train35,S,webcam_r,webcam_c,eye35(outer corner),1.657,1.040
train35,S,webcam_r,webcam_c,eye39(inner corner),1.499,1.613
train35,S,webcam_r,webcam_c,eye89(inner corner),4.252,3.244
train35,S,webcam_r,webcam_c,eye93(outer corner),1.175,1.968
train35,S,webcam_r,webcam_c,nose78(base of nose),1.803,1.787
train35,S,webcam_r,webcam_c,nose84(base of nose),0.857,0.599
train35,T,webcam_r,webcam_c,eye35(outer corner),4.101,3.238
train35,T,webcam_r,webcam_c,eye39(inner corner),2.536,3.159
train35,T,webcam_r,webcam_c,eye89(inner corner),5.335,5.716
train35,T,webcam_r,webcam_c,eye93(outer corner),3.806,3.790
train35,T,webcam_r,webcam_c,nose78(base of nose),1.961,1.675
train35,T,webcam_r,webcam_c,nose84(base of nose),3.930,2.045
train35,S,webcam_r,webcam_l,eye35(outer corner),4.198,1.634
train35,S,webcam_r,webcam_l,eye39(inner corner),3.840,3.210
train35,S,webcam_r,webcam_l,eye89(inner corner),3.784,3.683
train35,S,webcam_r,webcam_l,eye93(outer corner),2.532,2.301
train35,S,webcam_r,webcam_l,nose78(base of nose),1.720,2.653
train35,S,webcam_r,webcam_l,nose84(base of nose),1.400,1.984
train35,T,webcam_r,webcam_l,eye35(outer corner),3.013,2.019
train35,T,webcam_r,webcam_l,eye39(inner corner),2.974,2.902
train35,T,webcam_r,webcam_l,eye89(inner corner),3.715,3.632
train35,T,webcam_r,webcam_l,eye93(outer corner),2.273,2.341
train35,T,webcam_r,webcam_l,nose78(base of nose),2.446,2.937
train35,T,webcam_r,webcam_l,nose84(base of nose),2.350,2.489
val04,S,webcam_c,basler,eye35(outer corner),1.980,1.489
val04,S,webcam_c,basler,eye39(inner corner),1.274,1.379
val04,S,webcam_c,basler,eye89(inner corner),0.456,0.901
val04,S,webcam_c,basler,eye93(outer corner),1.315,0.796
val04,S,webcam_c,basler,nose78(base of nose),1.370,1.185
val04,S,webcam_c,basler,nose84(base of nose),0.897,0.985
val04,T,webcam_c,basler,eye35(outer corner),1.055,0.799
val04,T,webcam_c,basler,eye39(inner corner),0.972,0.885
val04,T,webcam_c,basler,eye89(inner corner),0.251,0.508
val04,T,webcam_c,basler,eye93(outer corner),0.931,0.694
val04,T,webcam_c,basler,nose78(base of nose),0.712,0.720
val04,T,webcam_c,basler,nose84(base of nose),0.864,0.778
val04,S,webcam_l,basler,eye35(outer corner),0.523,0.782
val04,S,webcam_l,basler,eye39(inner corner),1.302,1.210
val04,S,webcam_l,basler,eye89(inner corner),1.868,1.204
val04,S,webcam_l,basler,eye93(outer corner),1.225,0.693
val04,S,webcam_l,basler,nose78(base of nose),2.134,2.506
val04,S,webcam_l,basler,nose84(base of nose),2.680,2.519
val04,T,webcam_l,basler,eye35(outer corner),0.386,0.388
val04,T,webcam_l,basler,eye39(inner corner),1.514,1.345
val04,T,webcam_l,basler,eye89(inner corner),1.022,0.951
val04,T,webcam_l,basler,eye93(outer corner),0.655,0.593
val04,T,webcam_l,basler,nose78(base of nose),1.700,2.000
val04,T,webcam_l,basler,nose84(base of nose),1.978,1.800
val04,S,webcam_l,webcam_c,eye35(outer corner),1.734,0.722
val04,S,webcam_l,webcam_c,eye39(inner corner),1.025,1.451
val04,S,webcam_l,webcam_c,eye89(inner corner),1.501,0.409
val04,S,webcam_l,webcam_c,eye93(outer corner),2.523,1.353
val04,S,webcam_l,webcam_c,nose78(base of nose),0.891,1.698
val04,S,webcam_l,webcam_c,nose84(base of nose),2.240,1.777
val04,T,webcam_l,webcam_c,eye35(outer corner),0.763,0.592
val04,T,webcam_l,webcam_c,eye39(inner corner),1.559,1.726
val04,T,webcam_l,webcam_c,eye89(inner corner),0.823,0.485
val04,T,webcam_l,webcam_c,eye93(outer corner),1.552,1.208
val04,T,webcam_l,webcam_c,nose78(base of nose),1.283,1.859
val04,T,webcam_l,webcam_c,nose84(base of nose),2.420,1.980
val04,S,webcam_r,basler,eye35(outer corner),1.912,1.392
val04,S,webcam_r,basler,eye39(inner corner),1.862,1.650
val04,S,webcam_r,basler,eye89(inner corner),0.681,0.990
val04,S,webcam_r,basler,eye93(outer corner),0.098,0.265
val04,S,webcam_r,basler,nose78(base of nose),3.642,2.891
val04,S,webcam_r,basler,nose84(base of nose),2.348,3.178
val04,T,webcam_r,basler,eye35(outer corner),2.065,2.033
val04,T,webcam_r,basler,eye39(inner corner),1.533,1.534
val04,T,webcam_r,basler,eye89(inner corner),1.721,1.857
val04,T,webcam_r,basler,eye93(outer corner),0.617,0.418
val04,T,webcam_r,basler,nose78(base of nose),3.818,3.258
val04,T,webcam_r,basler,nose84(base of nose),3.091,3.563
val04,S,webcam_r,webcam_c,eye35(outer corner),3.743,2.564
val04,S,webcam_r,webcam_c,eye39(inner corner),1.015,0.927
val04,S,webcam_r,webcam_c,eye89(inner corner),1.084,1.879
val04,S,webcam_r,webcam_c,eye93(outer corner),1.300,0.598
val04,S,webcam_r,webcam_c,nose78(base of nose),4.848,3.822
val04,S,webcam_r,webcam_c,nose84(base of nose),2.462,3.710
val04,T,webcam_r,webcam_c,eye35(outer corner),2.951,2.386
val04,T,webcam_r,webcam_c,eye39(inner corner),0.790,1.079
val04,T,webcam_r,webcam_c,eye89(inner corner),1.851,2.306
val04,T,webcam_r,webcam_c,eye93(outer corner),1.399,0.927
val04,T,webcam_r,webcam_c,nose78(base of nose),4.064,3.267
val04,T,webcam_r,webcam_c,nose84(base of nose),2.481,3.314
val04,S,webcam_r,webcam_l,eye35(outer corner),2.068,1.950
val04,S,webcam_r,webcam_l,eye39(inner corner),1.904,1.856
val04,S,webcam_r,webcam_l,eye89(inner corner),2.545,2.167
val04,S,webcam_r,webcam_l,eye93(outer corner),1.262,0.861
val04,S,webcam_r,webcam_l,nose78(base of nose),5.613,5.238
val04,S,webcam_r,webcam_l,nose84(base of nose),4.692,5.301
val04,T,webcam_r,webcam_l,eye35(outer corner),2.262,1.963
val04,T,webcam_r,webcam_l,eye39(inner corner),1.965,1.777
val04,T,webcam_r,webcam_l,eye89(inner corner),2.659,2.725
val04,T,webcam_r,webcam_l,eye93(outer corner),0.621,0.700
val04,T,webcam_r,webcam_l,nose78(base of nose),5.325,5.077
val04,T,webcam_r,webcam_l,nose84(base of nose),4.865,5.219
val05,S,webcam_c,basler,eye35(outer corner),0.830,0.729
val05,S,webcam_c,basler,eye39(inner corner),1.622,1.584
val05,S,webcam_c,basler,eye89(inner corner),1.679,2.132
val05,S,webcam_c,basler,eye93(outer corner),2.118,1.438
val05,S,webcam_c,basler,nose78(base of nose),0.661,0.663
val05,S,webcam_c,basler,nose84(base of nose),1.019,0.476
val05,T,webcam_c,basler,eye35(outer corner),1.166,1.146
val05,T,webcam_c,basler,eye39(inner corner),1.712,1.710
val05,T,webcam_c,basler,eye89(inner corner),1.615,1.645
val05,T,webcam_c,basler,eye93(outer corner),1.290,1.187
val05,T,webcam_c,basler,nose78(base of nose),0.794,0.587
val05,T,webcam_c,basler,nose84(base of nose),0.895,0.471
val05,S,webcam_l,basler,eye35(outer corner),0.335,0.458
val05,S,webcam_l,basler,eye39(inner corner),2.199,2.172
val05,S,webcam_l,basler,eye89(inner corner),1.892,1.671
val05,S,webcam_l,basler,eye93(outer corner),1.863,1.727
val05,S,webcam_l,basler,nose78(base of nose),3.297,3.207
val05,S,webcam_l,basler,nose84(base of nose),2.964,3.183
val05,T,webcam_l,basler,eye35(outer corner),1.137,0.934
val05,T,webcam_l,basler,eye39(inner corner),0.763,0.685
val05,T,webcam_l,basler,eye89(inner corner),2.045,1.901
val05,T,webcam_l,basler,eye93(outer corner),1.026,1.089
val05,T,webcam_l,basler,nose78(base of nose),1.884,2.774
val05,T,webcam_l,basler,nose84(base of nose),3.598,2.863
val05,S,webcam_l,webcam_c,eye35(outer corner),0.989,0.751
val05,S,webcam_l,webcam_c,eye39(inner corner),2.208,2.436
val05,S,webcam_l,webcam_c,eye89(inner corner),0.870,1.240
val05,S,webcam_l,webcam_c,eye93(outer corner),3.452,2.463
val05,S,webcam_l,webcam_c,nose78(base of nose),3.741,3.258
val05,S,webcam_l,webcam_c,nose84(base of nose),2.154,3.001
val05,T,webcam_l,webcam_c,eye35(outer corner),0.584,0.571
val05,T,webcam_l,webcam_c,eye39(inner corner),1.633,1.529
val05,T,webcam_l,webcam_c,eye89(inner corner),0.904,0.795
val05,T,webcam_l,webcam_c,eye93(outer corner),1.643,1.399
val05,T,webcam_l,webcam_c,nose78(base of nose),2.569,2.801
val05,T,webcam_l,webcam_c,nose84(base of nose),2.892,2.832
val05,S,webcam_r,basler,eye35(outer corner),0.761,1.008
val05,S,webcam_r,basler,eye39(inner corner),1.728,1.524
val05,S,webcam_r,basler,eye89(inner corner),1.431,0.608
val05,S,webcam_r,basler,eye93(outer corner),2.022,1.122
val05,S,webcam_r,basler,nose78(base of nose),3.284,3.157
val05,S,webcam_r,basler,nose84(base of nose),2.920,3.376
val05,T,webcam_r,basler,eye35(outer corner),1.235,1.154
val05,T,webcam_r,basler,eye39(inner corner),1.590,1.475
val05,T,webcam_r,basler,eye89(inner corner),1.403,1.227
val05,T,webcam_r,basler,eye93(outer corner),0.642,0.588
val05,T,webcam_r,basler,nose78(base of nose),2.932,2.787
val05,T,webcam_r,basler,nose84(base of nose),2.715,2.995
val05,S,webcam_r,webcam_c,eye35(outer corner),1.230,1.244
val05,S,webcam_r,webcam_c,eye39(inner corner),1.076,1.183
val05,S,webcam_r,webcam_c,eye89(inner corner),2.847,2.631
val05,S,webcam_r,webcam_c,eye93(outer corner),0.527,0.314
val05,S,webcam_r,webcam_c,nose78(base of nose),3.077,3.322
val05,S,webcam_r,webcam_c,nose84(base of nose),3.799,3.589
val05,T,webcam_r,webcam_c,eye35(outer corner),1.782,1.652
val05,T,webcam_r,webcam_c,eye39(inner corner),0.791,0.809
val05,T,webcam_r,webcam_c,eye89(inner corner),2.643,2.617
val05,T,webcam_r,webcam_c,eye93(outer corner),0.731,0.795
val05,T,webcam_r,webcam_c,nose78(base of nose),2.403,2.889
val05,T,webcam_r,webcam_c,nose84(base of nose),3.573,3.174
val05,S,webcam_r,webcam_l,eye35(outer corner),0.488,0.891
val05,S,webcam_r,webcam_l,eye39(inner corner),3.131,3.234
val05,S,webcam_r,webcam_l,eye89(inner corner),3.084,2.103
val05,S,webcam_r,webcam_l,eye93(outer corner),3.329,2.243
val05,S,webcam_r,webcam_l,nose78(base of nose),6.516,6.345
val05,S,webcam_r,webcam_l,nose84(base of nose),5.803,6.427
val05,T,webcam_r,webcam_l,eye35(outer corner),2.066,1.739
val05,T,webcam_r,webcam_l,eye39(inner corner),1.768,1.527
val05,T,webcam_r,webcam_l,eye89(inner corner),3.265,2.995
val05,T,webcam_r,webcam_l,eye93(outer corner),1.391,1.362
val05,T,webcam_r,webcam_l,nose78(base of nose),4.805,5.539
val05,T,webcam_r,webcam_l,nose84(base of nose),6.256,5.816
